file	line	role	flag	string
src/pages/dashboard/ArtifactStudio.jsx	17	BODY	-	Unsaved project edits were recovered from this device. Choose Save to keep them.
src/pages/dashboard/ArtifactStudio.jsx	19	BODY	-	This project is not available in this workspace. Your other projects remain unchanged.
src/pages/dashboard/ArtifactStudio.jsx	21	BODY	-	Loading projects…
src/pages/dashboard/ArtifactStudio.jsx	23	BODY	-	Project saved on this device.
src/pages/dashboard/ArtifactStudio.jsx	24	META-placeholder	-	Describe your idea, evidence, experiments and reflection…
src/pages/dashboard/ArtifactStudio.jsx	24	BODY	-	v-button primary
src/pages/dashboard/ArtifactStudio.jsx	24	BODY	-	This company workspace is separate from your personal projects. Share only reviewed work with an accepted connection.
src/pages/dashboard/ArtifactStudio.jsx	24	BODY	-	Keep workplace-sensitive information out of this local preview. Personal work is not shared with an employer automatically.
src/pages/dashboard/ArtifactStudio.jsx	24	BODY	-	Your project is private until you choose an accepted connection and confirm sharing.
src/pages/dashboard/ArtifactStudio.jsx	24	BODY	-	grid gap-6 xl:grid-cols-[1.2fr_1fr]
src/pages/dashboard/ArtifactStudio.jsx	24	LABEL	-	Untitled project
src/pages/dashboard/ArtifactStudio.jsx	24	BODY	-	Your document preview appears here as you write.
src/pages/dashboard/ArtifactStudio.jsx	24	BODY	-	Define the idea and success criteria
src/pages/dashboard/ArtifactStudio.jsx	24	BODY	-	Create and check your artifact
src/pages/dashboard/ArtifactStudio.jsx	24	BODY	-	Reflect on evidence and limitations
src/pages/dashboard/ArtifactStudio.jsx	24	HEADLINE	-	Projects
src/pages/dashboard/ArtifactStudio.jsx	24	HEADLINE	-	Versions
src/pages/dashboard/ArtifactStudio.jsx	24	HEADLINE	-	Share
src/pages/dashboard/ArtifactStudio.jsx	24	HEADLINE	-	Share summary with parent
src/pages/dashboard/ArtifactStudio.jsx	24	HEADLINE	-	Save
src/pages/dashboard/ArtifactStudio.jsx	24	HEADLINE	TITLE_CASE LONG_HEADING	Unsaved project edits were recovered from this device. Save to keep them in your project.
src/pages/dashboard/ArtifactStudio.jsx	24	HEADLINE	-	Discard recovered edits
src/pages/dashboard/ArtifactStudio.jsx	24	HEADLINE	-	Project brief
src/pages/dashboard/ArtifactStudio.jsx	24	HEADLINE	-	Project title
src/pages/dashboard/ArtifactStudio.jsx	24	HEADLINE	-	Your working document
src/pages/dashboard/ArtifactStudio.jsx	24	HEADLINE	TITLE_CASE LONG_HEADING	Saves when you leave the editor or choose Save.
src/pages/dashboard/ArtifactStudio.jsx	24	HEADLINE	-	Artifact preview
src/pages/dashboard/ArtifactStudio.jsx	24	HEADLINE	-	Milestones
src/pages/dashboard/ArtifactStudio.jsx	24	HEADLINE	-	Project status
src/pages/dashboard/ArtifactStudio.jsx	24	HEADLINE	-	Draft
src/pages/dashboard/ArtifactStudio.jsx	24	HEADLINE	-	In progress
src/pages/dashboard/ArtifactStudio.jsx	24	HEADLINE	-	Completed
src/pages/dashboard/ArtifactStudio.jsx	24	HEADLINE	-	Return to learning unit
src/pages/dashboard/ArtifactStudio.jsx	24	HEADLINE	-	Ask Visionary
src/pages/dashboard/ArtifactStudio.jsx	24	HEADLINE	TITLE_CASE	Export Markdown
src/pages/dashboard/ArtifactStudio.jsx	24	HEADLINE	-	Revisit the concept
src/pages/dashboard/ArtifactStudio.jsx	25	BODY	-	Previous version restored in the editor. Save to keep it.
src/pages/dashboard/ArtifactStudio.jsx	25	BUTTON	-	Saved versions
src/pages/dashboard/ArtifactStudio.jsx	25	BUTTON	TITLE_CASE	Restore a previous local version. Save afterward to keep the restored document.
src/pages/dashboard/ArtifactStudio.jsx	25	BUTTON	-	Restore
src/pages/dashboard/ArtifactStudio.jsx	25	BUTTON	-	Edit and save again to create a previous version.
src/pages/dashboard/ArtifactStudio.jsx	26	BODY	-	v-button primary
src/pages/dashboard/ArtifactStudio.jsx	26	BODY	-	Saved copy shared with this accepted local connection. Later edits need a new confirmation.
src/pages/dashboard/ArtifactStudio.jsx	26	SUBHEAD	-	Share this artifact?
src/pages/dashboard/ArtifactStudio.jsx	26	SUBHEAD	TITLE_CASE	Review the exact saved copy and recipient. Later edits stay private until you share an updated copy. This local preview does not verify an employer.
src/pages/dashboard/ArtifactStudio.jsx	26	SUBHEAD	-	Accepted connection
src/pages/dashboard/ArtifactStudio.jsx	26	SUBHEAD	-	Choose a connection
src/pages/dashboard/ArtifactStudio.jsx	26	SUBHEAD	TITLE_CASE	Only this title and document are included. Goals, conversations and other projects stay private.
src/pages/dashboard/ArtifactStudio.jsx	26	SUBHEAD	-	Stop sharing with everyone
src/pages/dashboard/ArtifactStudio.jsx	26	SUBHEAD	-	Manage connections
src/pages/dashboard/ArtifactStudio.jsx	26	SUBHEAD	-	Confirm sharing
src/pages/dashboard/ArtifactStudio.jsx	27	SUBHEAD	-	Create and reflect
src/pages/dashboard/ArtifactStudio.jsx	27	HEADLINE	-	Build something of your own
src/pages/dashboard/ArtifactStudio.jsx	27	BODY	-	Bring your ideas, evidence, and experiments together.
src/pages/dashboard/ArtifactStudio.jsx	27	META-placeholder	-	Search projects
src/pages/dashboard/ArtifactStudio.jsx	27	META-aria	-	Project status
src/pages/dashboard/ArtifactStudio.jsx	27	HEADLINE	-	Untitled project
src/pages/dashboard/ArtifactStudio.jsx	27	BODY	-	v-button primary
src/pages/dashboard/ArtifactStudio.jsx	27	BODY	-	v-field !w-auto
src/pages/dashboard/ArtifactStudio.jsx	27	LABEL	-	No matching projects
src/pages/dashboard/ArtifactStudio.jsx	27	BODY	-	Your first project starts here
src/pages/dashboard/ArtifactStudio.jsx	27	BODY	-	Try a different title or status.
src/pages/dashboard/ArtifactStudio.jsx	27	BODY	-	Create a blank project or continue a concept in Learn. Your work stays yours.
src/pages/dashboard/ArtifactStudio.jsx	27	HEADLINE	-	New project
src/pages/dashboard/ArtifactStudio.jsx	27	HEADLINE	LONG_HEADING	Start from a verified learning unit for a connected project, or make a private blank project.
src/pages/dashboard/ArtifactStudio.jsx	27	HEADLINE	-	Open learning outline
src/pages/dashboard/ArtifactStudio.jsx	27	HEADLINE	-	Search projects
src/pages/dashboard/ArtifactStudio.jsx	27	HEADLINE	-	My projects
src/pages/dashboard/ArtifactStudio.jsx	27	HEADLINE	-	Open
src/pages/dashboard/ArtifactStudio.jsx	27	HEADLINE	-	Shared with me
src/pages/dashboard/Ask.jsx	35	BODY	-	Saved questions could not be loaded. Refresh the page to try again.
src/pages/dashboard/Ask.jsx	48	LABEL	-	Learner
src/pages/dashboard/Ask.jsx	53	BODY	-	No answer was returned. Please try again.
src/pages/dashboard/Ask.jsx	56	BODY	-	An answer could not be loaded. Your question is still available to save.
src/pages/dashboard/Ask.jsx	70	BODY	-	Question saved. Find it in your saved questions below.
src/pages/dashboard/Ask.jsx	71	BODY	-	This question could not be saved. Please try again.
src/pages/dashboard/Ask.jsx	76	BODY	-	This question could not be removed. Please try again.
src/pages/dashboard/Ask.jsx	78	BODY	-	Help me understand a difficult concept
src/pages/dashboard/Ask.jsx	78	BODY	-	Walk me through a practice problem
src/pages/dashboard/Ask.jsx	78	BODY	-	Help me plan my next study session
src/pages/dashboard/Ask.jsx	82	HEADLINE	LONG_HEADING	A place for your questions, ideas, and next steps.
src/pages/dashboard/Ask.jsx	83	BUTTON	-	View lessons
src/pages/dashboard/Ask.jsx	84	META-aria	-	Conversation
src/pages/dashboard/Ask.jsx	87	HEADLINE	LONG_HEADING	Start with a question in your own words. You can save it for your next study session.
src/pages/dashboard/Ask.jsx	89	BODY	-	Your question
src/pages/dashboard/Ask.jsx	90	LABEL	-	Saving…
src/pages/dashboard/Ask.jsx	90	LABEL	-	Save question
src/pages/dashboard/Ask.jsx	90	LABEL	-	Sending…
src/pages/dashboard/Ask.jsx	90	LABEL	-	Ask Visionary
src/pages/dashboard/Ask.jsx	94	HEADLINE	-	Saved questions
src/pages/dashboard/Build.jsx	27	BODY	-	Your projects could not be loaded. Please try again.
src/pages/dashboard/Build.jsx	45	BODY	-	Your project could not be saved. Please try again.
src/pages/dashboard/Build.jsx	54	HEADLINE	-	Build
src/pages/dashboard/Build.jsx	54	HEADLINE	LONG_HEADING	Turn what you learn into something of your own.
src/pages/dashboard/Build.jsx	58	LABEL	-	Your projects
src/pages/dashboard/Build.jsx	58	LABEL	-	In progress
src/pages/dashboard/Build.jsx	58	LABEL	-	Completed
src/pages/dashboard/Build.jsx	62	META-placeholder	-	Search projects
src/pages/dashboard/Build.jsx	62	BODY	-	Search projects
src/pages/dashboard/Build.jsx	63	BODY	-	Project status
src/pages/dashboard/Build.jsx	63	BODY	-	All projects
src/pages/dashboard/Build.jsx	63	BODY	-	In progress
src/pages/dashboard/Build.jsx	63	BODY	-	Completed
src/pages/dashboard/Build.jsx	65	BUTTON	-	Try again
src/pages/dashboard/Build.jsx	68	LABEL	-	Completed
src/pages/dashboard/Build.jsx	68	LABEL	-	In progress
src/pages/dashboard/Build.jsx	69	LABEL	-	Independent project
src/pages/dashboard/Build.jsx	69	BODY	-	Add your idea, steps, and what you discover as you build.
src/pages/dashboard/Build.jsx	71	BUTTON	-	Open project
src/pages/dashboard/Build.jsx	73	BODY	-	No projects match your filters
src/pages/dashboard/Build.jsx	73	BODY	-	Big ideas start with a small project
src/pages/dashboard/Build.jsx	73	BODY	-	Try another search or view all your projects.
src/pages/dashboard/Build.jsx	73	BODY	-	Create a project notebook, connect it to a lesson, and keep your plan and discoveries together.
src/pages/dashboard/Build.jsx	73	HEADLINE	-	Clear filters
src/pages/dashboard/Build.jsx	73	HEADLINE	-	Create your first project
src/pages/dashboard/Build.jsx	75	LABEL	-	Project notebook
src/pages/dashboard/Build.jsx	75	LABEL	-	New project
src/pages/dashboard/Build.jsx	75	BODY	-	Capture your idea, plan your steps, and record what you learn.
src/pages/dashboard/Build.jsx	76	META-placeholder	-	What would you like to build?
src/pages/dashboard/Build.jsx	76	BODY	-	Project title
src/pages/dashboard/Build.jsx	77	BODY	-	Subject
src/pages/dashboard/Build.jsx	77	BODY	-	Independent project
src/pages/dashboard/Build.jsx	77	BODY	-	Related topic
src/pages/dashboard/Build.jsx	77	BODY	-	No linked topic
src/pages/dashboard/Build.jsx	78	BODY	-	Notes and progress
src/pages/dashboard/Build.jsx	79	BODY	-	Status
src/pages/dashboard/Build.jsx	79	BODY	-	In progress
src/pages/dashboard/Build.jsx	79	BODY	-	Completed
src/pages/dashboard/Build.jsx	80	LABEL	-	Save project
src/pages/dashboard/Build.jsx	80	BUTTON	-	Cancel
src/pages/dashboard/Children.jsx	7	BODY	-	Waiting for the learner to accept. No report is available yet.
src/pages/dashboard/Children.jsx	8	BODY	-	The learner accepted progress-summary sharing. Private conversations and drafts stay private.
src/pages/dashboard/Children.jsx	9	BODY	-	The learner declined this request. No report is available.
src/pages/dashboard/Children.jsx	10	BODY	-	This sharing request or permission expired. A new request needs learner acceptance.
src/pages/dashboard/Children.jsx	11	BODY	-	Sharing was stopped. The learner’s own work remains theirs.
src/pages/dashboard/Children.jsx	20	BODY	-	Opening family workspace…
src/pages/dashboard/Children.jsx	29	HEADLINE	-	Your children
src/pages/dashboard/Children.jsx	29	HEADLINE	-	A separate, permission-based connection for each learner.
src/pages/dashboard/Children.jsx	30	HEADLINE	-	Request progress sharing
src/pages/dashboard/Children.jsx	30	HEADLINE	-	Learner demo email
src/pages/dashboard/Children.jsx	30	HEADLINE	-	Request sharing
src/pages/dashboard/Children.jsx	32	HEADLINE	-	Connections and history
src/pages/dashboard/Children.jsx	32	HEADLINE	LONG_HEADING	Only a currently accepted progress connection opens a report.
src/pages/dashboard/Children.jsx	35	LABEL	-	Connected
src/pages/dashboard/Children.jsx	35	LABEL	-	Awaiting acceptance
src/pages/dashboard/Children.jsx	35	LABEL	-	Expired
src/pages/dashboard/Children.jsx	35	LABEL	-	Declined
src/pages/dashboard/Children.jsx	35	LABEL	-	Stopped
src/pages/dashboard/Children.jsx	35	BODY	-	This connection is closed.
src/pages/dashboard/Children.jsx	35	LABEL	-	Request expires
src/pages/dashboard/Children.jsx	35	BODY	-	Request cancelled.
src/pages/dashboard/Children.jsx	35	BODY	-	Sharing stopped. The learner’s own work is retained.
src/pages/dashboard/Children.jsx	35	LABEL	-	Cancel request
src/pages/dashboard/Children.jsx	35	LABEL	-	Stop sharing
src/pages/dashboard/Children.jsx	35	BODY	-	New local request saved. The learner must accept it before a report is available.
src/pages/dashboard/Children.jsx	35	SUBHEAD	-	View report
src/pages/dashboard/Children.jsx	35	SUBHEAD	-	Request again
src/pages/dashboard/Children.jsx	36	BODY	-	No connected learners yet. Personal conversations, project drafts, and billing membership are never included in progress access.
src/pages/dashboard/Children.jsx	37	BUTTON	-	Review all connection history
src/pages/dashboard/ClassDetail.jsx	15	LABEL	-	Stream
src/pages/dashboard/ClassDetail.jsx	16	LABEL	-	Classwork
src/pages/dashboard/ClassDetail.jsx	17	LABEL	-	People
src/pages/dashboard/ClassDetail.jsx	18	LABEL	-	Insights
src/pages/dashboard/ClassDetail.jsx	19	LABEL	-	Community
src/pages/dashboard/ClassDetail.jsx	41	BODY	-	We couldn’t load this class. Return to your classes and try again.
src/pages/dashboard/ClassDetail.jsx	48	BODY	-	Copy is unavailable. Select the class code and copy it manually.
src/pages/dashboard/ClassDetail.jsx	63	BODY	-	This class isn’t available in your teaching workspace.
src/pages/dashboard/ClassDetail.jsx	65	BODY	-	Back to classes
src/pages/dashboard/ClassDetail.jsx	76	META-aria	-	Back to your classes
src/pages/dashboard/ClassDetail.jsx	92	LABEL	-	Class code copied
src/pages/dashboard/ClassDetail.jsx	92	LABEL	-	Copy class code
src/pages/dashboard/ClassDetail.jsx	92	BODY	-	rounded-full p-2 text-white hover:bg-white/20
src/pages/dashboard/ClassDetail.jsx	92	BUTTON	-	Share this class code
src/pages/dashboard/ClassDetail.jsx	92	BUTTON	-	Copied
src/pages/dashboard/Cohorts.jsx	14	BODY	-	Opening organization…
src/pages/dashboard/Cohorts.jsx	19	BODY	-	Cohort saved. Membership does not grant access to personal learning.
src/pages/dashboard/Cohorts.jsx	20	BODY	-	v-button primary
src/pages/dashboard/Cohorts.jsx	20	HEADLINE	-	Cohorts
src/pages/dashboard/Cohorts.jsx	20	HEADLINE	LONG_HEADING	Give a connected group a shared purpose, without merging their personal work.
src/pages/dashboard/Cohorts.jsx	20	HEADLINE	-	Create cohort
src/pages/dashboard/Cohorts.jsx	21	BUTTON	-	Loading accepted members and linked classes…
src/pages/dashboard/Cohorts.jsx	21	BUTTON	-	Retry
src/pages/dashboard/Cohorts.jsx	21	BUTTON	-	Manage people
src/pages/dashboard/Cohorts.jsx	21	BUTTON	-	Refresh roster
src/pages/dashboard/Cohorts.jsx	22	META-placeholder	-	Search cohorts
src/pages/dashboard/Cohorts.jsx	22	BODY	-	Search cohorts
src/pages/dashboard/Cohorts.jsx	23	LABEL	-	Restore
src/pages/dashboard/Cohorts.jsx	23	LABEL	-	Archive
src/pages/dashboard/Cohorts.jsx	23	HEADLINE	LONG_HEADING	Connect people, choose a clear purpose, and link the classes that support it.
src/pages/dashboard/Cohorts.jsx	24	LABEL	-	Edit cohort
src/pages/dashboard/Cohorts.jsx	24	LABEL	-	Create cohort
src/pages/dashboard/Cohorts.jsx	24	BODY	-	v-button primary
src/pages/dashboard/Cohorts.jsx	24	LABEL	-	Saving…
src/pages/dashboard/Cohorts.jsx	24	LABEL	-	Save cohort
src/pages/dashboard/Cohorts.jsx	24	BUTTON	TITLE_CASE	Only accepted members and explicitly organization-linked classes are available. No private notes or conversations are included.
src/pages/dashboard/Cohorts.jsx	24	BUTTON	-	Name
src/pages/dashboard/Cohorts.jsx	24	BUTTON	-	Purpose and curriculum objectives
src/pages/dashboard/Cohorts.jsx	24	BUTTON	-	Connected people
src/pages/dashboard/Cohorts.jsx	24	BUTTON	-	Invite people and wait for acceptance in People.
src/pages/dashboard/Cohorts.jsx	24	BUTTON	-	Linked classes
src/pages/dashboard/Cohorts.jsx	24	BUTTON	-	An accepted teacher can link a class when creating it.
src/pages/dashboard/Connections.jsx	30	LABEL	-	Invited member
src/pages/dashboard/Connections.jsx	31	LABEL	-	Progress summaries
src/pages/dashboard/Connections.jsx	31	LABEL	-	Learner
src/pages/dashboard/Connections.jsx	32	LABEL	-	Connection
src/pages/dashboard/Connections.jsx	32	LABEL	-	Shared resources
src/pages/dashboard/Connections.jsx	32	LABEL	-	Recipient
src/pages/dashboard/Connections.jsx	33	LABEL	-	Learner
src/pages/dashboard/Connections.jsx	33	LABEL	-	Recipient
src/pages/dashboard/Connections.jsx	42	BODY	-	Use another person’s account email.
src/pages/dashboard/Connections.jsx	43	BODY	-	This account is already in your organization list.
src/pages/dashboard/Connections.jsx	49	BODY	-	Could not save this request. Please try again.
src/pages/dashboard/Connections.jsx	56	BODY	-	Only the recipient can accept this request.
src/pages/dashboard/Connections.jsx	57	BODY	-	This invitation is for a
src/pages/dashboard/Connections.jsx	61	BODY	-	Connection accepted.
src/pages/dashboard/Connections.jsx	61	BODY	-	Connection updated.
src/pages/dashboard/Connections.jsx	62	BODY	-	Could not update this connection.
src/pages/dashboard/Connections.jsx	67	LABEL	-	Connected
src/pages/dashboard/Connections.jsx	67	LABEL	-	Needs your approval
src/pages/dashboard/Connections.jsx	67	LABEL	-	Awaiting acceptance
src/pages/dashboard/Connections.jsx	67	LABEL	-	Draft · not sent
src/pages/dashboard/Connections.jsx	67	LABEL	-	Expired
src/pages/dashboard/Connections.jsx	67	LABEL	-	Closed ·
src/pages/dashboard/Connections.jsx	70	LABEL	-	Expired
src/pages/dashboard/Connections.jsx	70	LABEL	-	Request expires
src/pages/dashboard/Connections.jsx	70	LABEL	-	Previous member
src/pages/dashboard/Connections.jsx	70	SUBHEAD	-	Local action history
src/pages/dashboard/Connections.jsx	70	SUBHEAD	-	Earlier actions for this imported invitation were not recorded.
src/pages/dashboard/Connections.jsx	71	BUTTON	-	Accept
src/pages/dashboard/Connections.jsx	72	LABEL	-	Saving…
src/pages/dashboard/Connections.jsx	72	LABEL	-	Disconnect
src/pages/dashboard/Connections.jsx	72	LABEL	-	Decline
src/pages/dashboard/Connections.jsx	72	LABEL	-	Cancel request
src/pages/dashboard/Connections.jsx	74	BODY	-	No organization connections in this section yet.
src/pages/dashboard/Connections.jsx	74	BODY	EM_DASH(body)	Nothing here yet. Connections are optional—your own learning continues independently.
src/pages/dashboard/Connections.jsx	76	LABEL	-	People & connections
src/pages/dashboard/Connections.jsx	76	LABEL	-	Connections
src/pages/dashboard/Connections.jsx	76	BODY	-	Manage local invitations and review who accepted, declined or lost access.
src/pages/dashboard/Connections.jsx	76	BODY	-	Your personal and work relationships, each with its own permission.
src/pages/dashboard/Connections.jsx	77	BODY	-	grid gap-5 lg:grid-cols-[1.3fr_1fr]
src/pages/dashboard/Connections.jsx	77	BODY	-	Invite someone to your organization
src/pages/dashboard/Connections.jsx	77	BODY	-	Connect with a teacher or collaborator
src/pages/dashboard/Connections.jsx	77	LABEL	-	Saving…
src/pages/dashboard/Connections.jsx	77	LABEL	-	Request connection
src/pages/dashboard/Connections.jsx	77	HEADLINE	-	Visionary account email
src/pages/dashboard/Connections.jsx	77	HEADLINE	-	Teacher
src/pages/dashboard/Connections.jsx	77	HEADLINE	-	Parent
src/pages/dashboard/Connections.jsx	78	HEADLINE	-	Connected, with clear boundaries
src/pages/dashboard/Connections.jsx	78	HEADLINE	-	Connect your child
src/pages/dashboard/Connections.jsx	78	HEADLINE	-	Join with a class code
src/pages/dashboard/Connections.jsx	80	HEADLINE	-	Loading connections…
src/pages/dashboard/Connections.jsx	80	HEADLINE	-	Could not load connections.
src/pages/dashboard/Connections.jsx	80	HEADLINE	-	Retry
src/pages/dashboard/Connections.jsx	80	HEADLINE	-	Requests
src/pages/dashboard/Connections.jsx	80	HEADLINE	-	Connected
src/pages/dashboard/Connections.jsx	80	HEADLINE	-	Closed history
src/pages/dashboard/Connections.jsx	81	BODY	-	Local preview: connections work between accounts stored in this browser. Cloud invitations, verified access rules, and cross-device sync are not active yet.
src/pages/dashboard/DecisionHome.jsx	23	BODY	-	v-home-illustration-orbit orbit-one
src/pages/dashboard/DecisionHome.jsx	24	BODY	-	v-home-illustration-orbit orbit-two
src/pages/dashboard/DecisionHome.jsx	26	BODY	-	v-home-illustration-spark spark-one
src/pages/dashboard/DecisionHome.jsx	27	BODY	-	v-home-illustration-spark spark-two
src/pages/dashboard/DecisionHome.jsx	37	BODY	-	v-notice v-error
src/pages/dashboard/DecisionHome.jsx	37	HEADLINE	-	Your next step is unavailable
src/pages/dashboard/DecisionHome.jsx	37	HEADLINE	-	Retry
src/pages/dashboard/DecisionHome.jsx	37	HEADLINE	-	Open saved conversations
src/pages/dashboard/DecisionHome.jsx	38	BODY	-	Preparing your next step…
src/pages/dashboard/DecisionHome.jsx	45	BODY	-	Your stage could not be changed. Please retry.
src/pages/dashboard/DecisionHome.jsx	49	HEADLINE	-	Saved on this device
src/pages/dashboard/DecisionHome.jsx	50	BODY	-	Updating your next step…
src/pages/dashboard/DecisionHome.jsx	51	HEADLINE	-	Next for you
src/pages/dashboard/DecisionHome.jsx	51	HEADLINE	-	Why this?
src/pages/dashboard/DecisionHome.jsx	52	BODY	-	v-notice v-error
src/pages/dashboard/DecisionHome.jsx	52	BUTTON	-	Retry notice
src/pages/dashboard/DecisionHome.jsx	53	LABEL	-	Confirm your new stage
src/pages/dashboard/DecisionHome.jsx	53	LABEL	-	Your stage changed
src/pages/dashboard/DecisionHome.jsx	53	BODY	-	not set
src/pages/dashboard/DecisionHome.jsx	53	BODY	-	v-notice v-error mt-3
src/pages/dashboard/DecisionHome.jsx	53	HEADLINE	-	Your stage
src/pages/dashboard/DecisionHome.jsx	53	HEADLINE	-	Confirm
src/pages/dashboard/DecisionHome.jsx	53	HEADLINE	-	Undo this change
src/pages/dashboard/DecisionHome.jsx	53	HEADLINE	-	Postpone 7 days
src/pages/dashboard/DecisionHome.jsx	54	HEADLINE	-	Not today
src/pages/dashboard/DecisionHome.jsx	55	BODY	-	No weekly observations yet. Start a learning unit or practice step to build your own history.
src/pages/dashboard/DecisionHome.jsx	55	BODY	-	Learning memory is off for this workspace. You can change it in Personalization.
src/pages/dashboard/DecisionHome.jsx	55	HEADLINE	TITLE_CASE	Things I remember about you
src/pages/dashboard/DecisionHome.jsx	55	HEADLINE	TITLE_CASE LONG_HEADING	Only from your saved activity this week. These are observations, not an AI assessment.
src/pages/dashboard/DecisionHome.jsx	55	HEADLINE	-	View or clear memory
src/pages/dashboard/DecisionHome.jsx	57	HEADLINE	-	Need help along the way?
src/pages/dashboard/DecisionHome.jsx	57	HEADLINE	-	Ask a question or continue a saved conversation.
src/pages/dashboard/DecisionHome.jsx	57	HEADLINE	-	Ask Visionary Guide
src/pages/dashboard/Explore.jsx	23	LABEL	-	Geometry
src/pages/dashboard/Explore.jsx	24	LABEL	-	Understanding cube volume
src/pages/dashboard/Explore.jsx	24	LABEL	-	Geometry
src/pages/dashboard/Explore.jsx	25	LABEL	-	Understanding cube volume
src/pages/dashboard/Explore.jsx	25	LABEL	-	Geometry
src/pages/dashboard/Explore.jsx	27	LABEL	-	Understanding cube volume
src/pages/dashboard/Explore.jsx	27	LABEL	-	Geometry
src/pages/dashboard/Explore.jsx	28	BODY	-	Added to your previous Geometry topics in Learn. Exploration does not count as assessed mastery.
src/pages/dashboard/Explore.jsx	29	BODY	-	Could not save this exploration.
src/pages/dashboard/Explore.jsx	34	HEADLINE	-	Back to previous topics
src/pages/dashboard/Explore.jsx	34	HEADLINE	TITLE_CASE	Small change. Another dimension.
src/pages/dashboard/Explore.jsx	37	BUTTON	-	Side length
src/pages/dashboard/Explore.jsx	37	BUTTON	-	Rotate the cube
src/pages/dashboard/Explore.jsx	37	BUTTON	-	Reset view
src/pages/dashboard/Explore.jsx	38	LABEL	-	Saving…
src/pages/dashboard/Explore.jsx	38	LABEL	-	Added to Learn
src/pages/dashboard/Explore.jsx	38	LABEL	-	Add to my learning
src/pages/dashboard/Explore.jsx	38	BUTTON	-	Ask about this idea
src/pages/dashboard/Explore.jsx	38	BUTTON	-	Build with this idea
src/pages/dashboard/Guide.jsx	52	HEADLINE	-	Your workspace needs attention
src/pages/dashboard/Guide.jsx	52	HEADLINE	-	Retry
src/pages/dashboard/Guide.jsx	53	BODY	-	Preparing your workspace…
src/pages/dashboard/Guide.jsx	54	BODY	-	Opening this workspace…
src/pages/dashboard/Guide.jsx	58	META-placeholder	-	Ask in your own words…
src/pages/dashboard/Guide.jsx	58	META-aria	-	Send message
src/pages/dashboard/Guide.jsx	58	LABEL	-	English
src/pages/dashboard/Guide.jsx	58	BUTTON	-	Message Visionary Guide
src/pages/dashboard/Guide.jsx	58	BUTTON	-	Stop
src/pages/dashboard/Guide.jsx	59	META-aria	-	Workspace view
src/pages/dashboard/Guide.jsx	59	BUTTON	-	Conversation
src/pages/dashboard/Guide.jsx	60	META-aria	-	Guide conversation
src/pages/dashboard/Guide.jsx	61	META-aria	-	Conversation history
src/pages/dashboard/Guide.jsx	61	META-aria	-	New conversation
src/pages/dashboard/Guide.jsx	61	HEADLINE	-	Visionary Guide
src/pages/dashboard/Guide.jsx	63	HEADLINE	-	What would you like help with?
src/pages/dashboard/Guide.jsx	66	BODY	-	Or try an authored example
src/pages/dashboard/Guide.jsx	66	BODY	-	Or open a relevant task
src/pages/dashboard/Guide.jsx	67	BODY	-	mt-1 block truncate
src/pages/dashboard/Guide.jsx	67	BUTTON	-	Continue where you left off
src/pages/dashboard/Guide.jsx	68	LABEL	-	Teaching service not connected
src/pages/dashboard/Guide.jsx	68	LABEL	-	Safety response
src/pages/dashboard/Guide.jsx	68	LABEL	-	Connected teaching response
src/pages/dashboard/Guide.jsx	68	LABEL	-	From your saved records
src/pages/dashboard/Guide.jsx	68	LABEL	-	Connected mentor response
src/pages/dashboard/Guide.jsx	68	LABEL	-	Authored demo response
src/pages/dashboard/Guide.jsx	71	LABEL	-	Checking the teaching connection…
src/pages/dashboard/Guide.jsx	71	BODY	-	Response available above. Review its source label.
src/pages/dashboard/Guide.jsx	71	BUTTON	-	Your saved work is kept. You can retry your question or return Home.
src/pages/dashboard/Guide.jsx	71	BUTTON	-	Return Home
src/pages/dashboard/Guide.jsx	73	BUTTON	TITLE_CASE	Local preview. The teaching service is not connected unless a response is labelled connected. No cloud sync or real student records.
src/pages/dashboard/Guide.jsx	73	BUTTON	-	About this preview
src/pages/dashboard/Guide.jsx	75	META-aria	-	Activity canvas
src/pages/dashboard/Guide.jsx	75	LABEL	-	Show conversation
src/pages/dashboard/Guide.jsx	75	LABEL	-	Focus activity
src/pages/dashboard/Guide.jsx	75	HEADLINE	-	Visionary Guide activity
src/pages/dashboard/Guide.jsx	75	HEADLINE	-	Open full page
src/pages/dashboard/Guide.jsx	75	HEADLINE	-	Opening activity…
src/pages/dashboard/Guide.jsx	75	HEADLINE	-	Restoring learning activity…
src/pages/dashboard/Guide.jsx	76	BUTTON	-	Your conversations
src/pages/dashboard/Guide.jsx	76	BUTTON	-	Only conversations in this workspace appear here.
src/pages/dashboard/Guide.jsx	76	BUTTON	-	Delete
src/pages/dashboard/Guide.jsx	76	BUTTON	-	Your first conversation will appear here.
src/pages/dashboard/Guide.jsx	76	BUTTON	-	Delete this conversation?
src/pages/dashboard/Guide.jsx	76	BUTTON	TITLE_CASE	This removes its local messages and linked lesson session. Projects you saved in Build remain available.
src/pages/dashboard/Guide.jsx	76	BUTTON	-	Keep conversation
src/pages/dashboard/Guide.jsx	76	BUTTON	-	Delete conversation
src/pages/dashboard/Guide.jsx	78	BODY	-	this idea
src/pages/dashboard/Learn.jsx	13	LABEL	-	All topics
src/pages/dashboard/Learn.jsx	13	LABEL	-	Not started
src/pages/dashboard/Learn.jsx	13	LABEL	-	In progress
src/pages/dashboard/Learn.jsx	13	LABEL	-	Mastered
src/pages/dashboard/Learn.jsx	13	LABEL	-	Saved
src/pages/dashboard/Learn.jsx	32	BODY	-	Saved topics could not be loaded. Please refresh to try again.
src/pages/dashboard/Learn.jsx	48	BODY	-	This topic is already in your lessons.
src/pages/dashboard/Learn.jsx	52	BODY	-	The topic could not be saved. Please try again.
src/pages/dashboard/Learn.jsx	59	HEADLINE	-	Learn
src/pages/dashboard/Learn.jsx	59	HEADLINE	TITLE_CASE LONG_HEADING	Follow your curiosity. Understand an idea, then put it to work.
src/pages/dashboard/Learn.jsx	63	BUTTON	-	Your lessons could not be loaded.
src/pages/dashboard/Learn.jsx	63	BUTTON	-	Try again
src/pages/dashboard/Learn.jsx	64	BUTTON	-	Learning area
src/pages/dashboard/Learn.jsx	65	HEADLINE	-	See how a small change grows.
src/pages/dashboard/Learn.jsx	65	HEADLINE	LONG_HEADING	Rotate a cube, change its size, and discover volume.
src/pages/dashboard/Learn.jsx	68	META-placeholder	-	Search topics
src/pages/dashboard/Learn.jsx	68	BODY	-	Search topics
src/pages/dashboard/Learn.jsx	70	BODY	-	Topic status
src/pages/dashboard/Learn.jsx	75	LABEL	-	Your lessons
src/pages/dashboard/Learn.jsx	78	LABEL	-	No matching topics
src/pages/dashboard/Learn.jsx	78	BODY	-	Make room for your next discovery
src/pages/dashboard/Learn.jsx	79	BODY	-	Try a different search or filter. Save a topic from its lesson to find it here.
src/pages/dashboard/Learn.jsx	79	BODY	-	Add a topic you want to explore. Your class assignments remain in Classes, alongside your personal learning.
src/pages/dashboard/Learn.jsx	79	BODY	-	Add a learning area in Profile to get started.
src/pages/dashboard/Learn.jsx	80	LABEL	-	Go to classes
src/pages/dashboard/Learn.jsx	80	LABEL	-	Open profile
src/pages/dashboard/Learn.jsx	80	BUTTON	-	Clear filters
src/pages/dashboard/Learn.jsx	86	META-placeholder	-	For example, quadratic equations
src/pages/dashboard/Learn.jsx	86	LABEL	-	Add topic
src/pages/dashboard/Learn.jsx	86	BUTTON	-	Add a topic
src/pages/dashboard/Learn.jsx	86	BUTTON	-	Topic name
src/pages/dashboard/Learn.jsx	86	BUTTON	-	Cancel
src/pages/dashboard/Learners.jsx	12	META-placeholder	-	Find a learner
src/pages/dashboard/Learners.jsx	12	HEADLINE	-	Learners
src/pages/dashboard/Learners.jsx	12	HEADLINE	TITLE_CASE LONG_HEADING	Classwork evidence you can act on. Personal conversations and independent learning are not included.
src/pages/dashboard/Learners.jsx	12	HEADLINE	-	Find a learner
src/pages/dashboard/Learners.jsx	13	BODY	-	v-notice v-error
src/pages/dashboard/Learners.jsx	13	HEADLINE	-	Loading your class roster…
src/pages/dashboard/Learners.jsx	13	HEADLINE	-	Retry
src/pages/dashboard/Learners.jsx	13	HEADLINE	-	Open classes
src/pages/dashboard/Learners.jsx	14	LABEL	-	Waiting for review
src/pages/dashboard/Learners.jsx	14	SUBHEAD	-	Only submissions to your classes. A score is not a mastery judgment.
src/pages/dashboard/Learners.jsx	14	SUBHEAD	-	Review in class
src/pages/dashboard/Learners.jsx	14	SUBHEAD	-	No submitted classwork yet. This is not evidence of low ability.
src/pages/dashboard/LearningWorkspace.jsx	15	LABEL	-	English
src/pages/dashboard/LearningWorkspace.jsx	34	LABEL	-	Opening your learning workspace…
src/pages/dashboard/LearningWorkspace.jsx	35	BODY	-	Opening this workspace…
src/pages/dashboard/LearningWorkspace.jsx	36	BODY	-	Restoring your saved learning activity…
src/pages/dashboard/LearningWorkspace.jsx	37	BODY	-	Opening your learning outline…
src/pages/dashboard/LearningWorkspace.jsx	48	BUTTON	-	Saving your place…
src/pages/dashboard/LearningWorkspace.jsx	48	BUTTON	-	Open my outline
src/pages/dashboard/LearningWorkspace.jsx	49	BODY	-	v-button primary
src/pages/dashboard/LearningWorkspace.jsx	49	HEADLINE	-	Learning activity unavailable
src/pages/dashboard/LearningWorkspace.jsx	49	HEADLINE	LONG_HEADING	Open your outline to choose an available concept. This link did not create or score an activity.
src/pages/dashboard/LearningWorkspace.jsx	49	HEADLINE	-	Open learning outline
src/pages/dashboard/LearningWorkspace.jsx	49	HEADLINE	-	Retry activity
src/pages/dashboard/LearningWorkspace.jsx	50	BODY	-	v-button primary
src/pages/dashboard/LearningWorkspace.jsx	50	HEADLINE	-	Saved learning activity
src/pages/dashboard/LearningWorkspace.jsx	50	HEADLINE	-	Teaching content unavailable
src/pages/dashboard/LearningWorkspace.jsx	50	HEADLINE	TITLE_CASE LONG_HEADING	This activity is still saved locally. No check, practice or mastery result was added while the content was unavailable.
src/pages/dashboard/LearningWorkspace.jsx	50	HEADLINE	-	Open learning outline
src/pages/dashboard/LearningWorkspace.jsx	50	HEADLINE	-	Ask about this activity
src/pages/dashboard/LearningWorkspace.jsx	50	HEADLINE	-	Retry content
src/pages/dashboard/LearningWorkspace.jsx	52	META-aria	-	Teaching language
src/pages/dashboard/LearningWorkspace.jsx	52	BODY	-	Authored sample · Not official curriculum
src/pages/dashboard/LearningWorkspace.jsx	52	LABEL	-	Provisional learning outline
src/pages/dashboard/LearningWorkspace.jsx	52	BODY	-	Saved curriculum · source details unavailable
src/pages/dashboard/LearningWorkspace.jsx	52	HEADLINE	-	Learning outline
src/pages/dashboard/LearningWorkspace.jsx	52	HEADLINE	TITLE_CASE LONG_HEADING	Your place is saved locally. Understanding is checked before guided practice and building.
src/pages/dashboard/LearningWorkspace.jsx	52	HEADLINE	-	Teaching language
src/pages/dashboard/LearningWorkspace.jsx	52	HEADLINE	-	English
src/pages/dashboard/LearningWorkspace.jsx	55	META-aria	-	Learning unit stages
src/pages/dashboard/LearningWorkspace.jsx	55	LABEL	-	Understand
src/pages/dashboard/LearningWorkspace.jsx	55	LABEL	-	Practice
src/pages/dashboard/LearningWorkspace.jsx	56	BODY	-	Teaching service response received.
src/pages/dashboard/LearningWorkspace.jsx	57	BODY	-	Source: connected teaching adapter.
src/pages/dashboard/LearningWorkspace.jsx	57	BODY	-	Source: explicitly authored sample content, not a generated model answer.
src/pages/dashboard/LearningWorkspace.jsx	57	BODY	-	Source details are unavailable for this saved content.
src/pages/dashboard/LearningWorkspace.jsx	57	BODY	-	v-button primary mt-5
src/pages/dashboard/LearningWorkspace.jsx	57	BODY	PASSIVE	Request an explanation in your selected teaching language. If the service is disconnected, available authored sample content can still be used.
src/pages/dashboard/LearningWorkspace.jsx	57	BODY	-	Request an explanation in your selected teaching language. If no sourced explanation is available while the teaching service is disconnected, this step cannot advance.
src/pages/dashboard/LearningWorkspace.jsx	57	BODY	-	v-button primary
src/pages/dashboard/LearningWorkspace.jsx	57	LABEL	-	Retry teaching connection
src/pages/dashboard/LearningWorkspace.jsx	57	LABEL	-	Start this learning unit
src/pages/dashboard/LearningWorkspace.jsx	57	HEADLINE	-	Understand one idea
src/pages/dashboard/LearningWorkspace.jsx	57	HEADLINE	-	Check my understanding
src/pages/dashboard/LearningWorkspace.jsx	57	HEADLINE	-	Ask a doubt instead
src/pages/dashboard/LearningWorkspace.jsx	61	LABEL	-	Check understanding
src/pages/dashboard/LearningWorkspace.jsx	61	BODY	-	Practice one step at a time
src/pages/dashboard/LearningWorkspace.jsx	61	LABEL	-	No assessment evidence yet
src/pages/dashboard/LearningWorkspace.jsx	62	BUTTON	-	Check answer
src/pages/dashboard/LearningWorkspace.jsx	62	BUTTON	-	Review explanation and model
src/pages/dashboard/LearningWorkspace.jsx	62	BUTTON	-	Apply this in Build
src/pages/dashboard/LearningWorkspace.jsx	62	BUTTON	-	No verifiable question is available yet. Your progress has not been advanced or scored.
src/pages/dashboard/LearningWorkspace.jsx	62	BUTTON	-	Retry teaching connection
src/pages/dashboard/LearningWorkspace.jsx	62	BUTTON	-	Review explanation
src/pages/dashboard/LearningWorkspace.jsx	62	BUTTON	-	Ask a doubt
src/pages/dashboard/LearningWorkspace.jsx	65	HEADLINE	-	Open your project
src/pages/dashboard/LearningWorkspace.jsx	65	HEADLINE	-	Request project guidance
src/pages/dashboard/LearningWorkspace.jsx	65	HEADLINE	-	Review this concept again
src/pages/dashboard/LearningWorkspace.jsx	65	HEADLINE	LONG_HEADING	A review opens a new learning activity. This project and its recorded evidence stay saved.
src/pages/dashboard/LearningWorkspace.jsx	66	BODY	-	v-button primary mt-4
src/pages/dashboard/LearningWorkspace.jsx	66	HEADLINE	-	Continue to next concept
src/pages/dashboard/LearningWorkspace.jsx	66	HEADLINE	-	You reached the end of this available chapter
src/pages/dashboard/LearningWorkspace.jsx	66	HEADLINE	LONG_HEADING	This records the activities shown here, not mastery of the whole subject.
src/pages/dashboard/LearningWorkspace.jsx	67	BUTTON	-	Save and return Home
src/pages/dashboard/LearningWorkspace.jsx	70	LABEL	-	Review and strengthen
src/pages/dashboard/LearningWorkspace.jsx	70	LABEL	-	Explore and understand
src/pages/dashboard/LearningWorkspace.jsx	70	LABEL	-	Your next practice
src/pages/dashboard/LearningWorkspace.jsx	70	LABEL	-	Your learning outline
src/pages/dashboard/LearningWorkspace.jsx	70	BODY	-	Revisit what you have already checked. Your results and next step stay connected to Learn.
src/pages/dashboard/LearningWorkspace.jsx	70	BODY	-	Connect a skill goal to concepts, practice and portfolio work.
src/pages/dashboard/LearningWorkspace.jsx	70	BODY	EM_DASH(body)	Subjects become chapters, concepts, checks and projects—with your place kept at every step.
src/pages/dashboard/LearningWorkspace.jsx	71	BODY	-	v-muted mt-1 hidden sm:block
src/pages/dashboard/LearningWorkspace.jsx	71	BUTTON	TITLE_CASE	This outline uses your class subject. Assignments and teacher feedback remain in Classes.
src/pages/dashboard/LearningWorkspace.jsx	71	BUTTON	-	Classwork
src/pages/dashboard/LearningWorkspace.jsx	72	LABEL	-	Due for review
src/pages/dashboard/LearningWorkspace.jsx	72	LABEL	-	Review available
src/pages/dashboard/LearningWorkspace.jsx	72	LABEL	-	Start review
src/pages/dashboard/LearningWorkspace.jsx	72	LABEL	-	Resume practice
src/pages/dashboard/LearningWorkspace.jsx	72	LABEL	-	Practice
src/pages/dashboard/LearningWorkspace.jsx	72	BODY	-	v-button primary mt-5
src/pages/dashboard/LearningWorkspace.jsx	72	HEADLINE	-	Ready to revisit
src/pages/dashboard/LearningWorkspace.jsx	72	HEADLINE	TITLE_CASE LONG_HEADING	Finish a comprehension check in Learn first. No weakness is inferred from an empty history.
src/pages/dashboard/LearningWorkspace.jsx	72	HEADLINE	-	Start in Learn
src/pages/dashboard/LearningWorkspace.jsx	73	LABEL	-	Choose a capability
src/pages/dashboard/LearningWorkspace.jsx	73	LABEL	-	Choose a subject
src/pages/dashboard/LearningWorkspace.jsx	73	LABEL	-	Skill or capability (optional)
src/pages/dashboard/LearningWorkspace.jsx	73	LABEL	-	Subject (optional)
src/pages/dashboard/LearningWorkspace.jsx	73	LABEL	-	For example, data interpretation
src/pages/dashboard/LearningWorkspace.jsx	73	LABEL	-	For example, mathematics
src/pages/dashboard/LearningWorkspace.jsx	73	LABEL	-	Add goal and level
src/pages/dashboard/LearningWorkspace.jsx	73	LABEL	-	Add board and class
src/pages/dashboard/LearningWorkspace.jsx	73	LABEL	-	Board (optional)
src/pages/dashboard/LearningWorkspace.jsx	73	LABEL	-	Level (optional)
src/pages/dashboard/LearningWorkspace.jsx	73	LABEL	-	Class / level (optional)
src/pages/dashboard/LearningWorkspace.jsx	73	BODY	-	v-button primary
src/pages/dashboard/LearningWorkspace.jsx	73	BUTTON	-	Open my outline
src/pages/dashboard/LearningWorkspace.jsx	74	META-aria	-	Subject chapters
src/pages/dashboard/LearningWorkspace.jsx	76	BODY	-	Provisional · The database has no matching outline yet. Your place and data-gap request are saved locally.
src/pages/dashboard/LearningWorkspace.jsx	76	BODY	-	Saved curriculum · source details unavailable.
src/pages/dashboard/LearningWorkspace.jsx	77	BODY	-	another language
src/pages/dashboard/LearningWorkspace.jsx	81	HEADLINE	-	Chapter learning path
src/pages/dashboard/LearningWorkspace.jsx	83	BODY	-	v-button primary mt-5
src/pages/dashboard/LearningWorkspace.jsx	83	LABEL	-	Continue
src/pages/dashboard/LearningWorkspace.jsx	84	BODY	-	v-button self-end
src/pages/dashboard/LearningWorkspace.jsx	84	BUTTON	-	Optional chapter name
src/pages/dashboard/LearningWorkspace.jsx	84	BUTTON	-	Save name
src/pages/dashboard/LearningWorkspace.jsx	85	LABEL	-	Continue
src/pages/dashboard/LearningWorkspace.jsx	88	BODY	-	v-button self-start
src/pages/dashboard/LearningWorkspace.jsx	88	BUTTON	-	Open previous saved topics and examples
src/pages/dashboard/ParentNotifications.jsx	13	BODY	-	Local preference saved. No message was scheduled or sent.
src/pages/dashboard/ParentNotifications.jsx	17	HEADLINE	-	Family updates
src/pages/dashboard/ParentNotifications.jsx	17	HEADLINE	TITLE_CASE LONG_HEADING	Current connection status and a manual summary preview from this device. No email, push message or scheduled digest is sent.
src/pages/dashboard/ParentNotifications.jsx	18	HEADLINE	-	Digest preferences
src/pages/dashboard/ParentNotifications.jsx	18	HEADLINE	-	Summary frequency
src/pages/dashboard/ParentNotifications.jsx	18	HEADLINE	-	Daily
src/pages/dashboard/ParentNotifications.jsx	18	HEADLINE	-	Weekly
src/pages/dashboard/ParentNotifications.jsx	18	HEADLINE	-	Urgent only
src/pages/dashboard/ParentNotifications.jsx	18	HEADLINE	-	Preview language
src/pages/dashboard/ParentNotifications.jsx	18	HEADLINE	-	English
src/pages/dashboard/ParentNotifications.jsx	18	HEADLINE	TITLE_CASE LONG_HEADING	These settings are saved for this workspace. Automatic delivery needs a future notification service.
src/pages/dashboard/ParentNotifications.jsx	19	LABEL	-	View report
src/pages/dashboard/ParentNotifications.jsx	19	LABEL	-	Manage sharing
src/pages/dashboard/ParentNotifications.jsx	19	HEADLINE	-	Sharing status
src/pages/dashboard/ParentNotifications.jsx	19	HEADLINE	LONG_HEADING	Live status, not a sent alert. A report link appears only while progress sharing is active.
src/pages/dashboard/ParentNotifications.jsx	19	HEADLINE	LONG_HEADING	No child connection yet. You can request progress sharing from Children.
src/pages/dashboard/ParentNotifications.jsx	19	HEADLINE	-	Open Children
src/pages/dashboard/ParentNotifications.jsx	20	HEADLINE	-	Summary preview
src/pages/dashboard/ParentNotifications.jsx	20	HEADLINE	TITLE_CASE LONG_HEADING	Current last-7-day counts only. Private questions, answers, grades, feedback and drafts are excluded.
src/pages/dashboard/ParentNotifications.jsx	20	HEADLINE	-	Summary previews are off in this workspace.
src/pages/dashboard/ParentNotifications.jsx	20	HEADLINE	-	View report
src/pages/dashboard/ParentNotifications.jsx	20	HEADLINE	LONG_HEADING	No active progress-sharing connection is available for a summary preview.
src/pages/dashboard/ParentNotifications.jsx	21	BODY	-	v-muted mt-1 block
src/pages/dashboard/ParentNotifications.jsx	21	LABEL	-	Mark read
src/pages/dashboard/ParentNotifications.jsx	21	HEADLINE	-	Sharing event history
src/pages/dashboard/ParentNotifications.jsx	21	HEADLINE	TITLE_CASE LONG_HEADING	Saved local actions for new connections. Older imported connections may have current status without an event history.
src/pages/dashboard/ParentNotifications.jsx	21	HEADLINE	-	No saved sharing actions yet.
src/pages/dashboard/ParentNotifications.jsx	22	LABEL	-	Mark read
src/pages/dashboard/ParentNotifications.jsx	22	HEADLINE	-	Other local notices
src/pages/dashboard/ParentReport.jsx	20	BODY	-	Guided-learning evidence could not be read on this device. Other shared sections remain available.
src/pages/dashboard/ParentReport.jsx	22	BODY	-	Shared project summaries could not be read on this device.
src/pages/dashboard/ParentReport.jsx	24	BODY	-	Shared learning goals could not be read on this device.
src/pages/dashboard/ParentReport.jsx	27	HEADLINE	-	Their learning, in context
src/pages/dashboard/ParentReport.jsx	27	HEADLINE	LONG_HEADING	Shared learning summaries, not private conversations. This local report is updated when you open it.
src/pages/dashboard/ParentReport.jsx	28	BODY	-	Child
src/pages/dashboard/ParentReport.jsx	28	BODY	-	Choose an available child
src/pages/dashboard/ParentReport.jsx	28	BODY	-	Report period
src/pages/dashboard/ParentReport.jsx	28	BODY	-	Last 7 days
src/pages/dashboard/ParentReport.jsx	28	BODY	-	Last 30 days
src/pages/dashboard/ParentReport.jsx	30	BODY	-	v-button primary mt-5
src/pages/dashboard/ParentReport.jsx	30	HEADLINE	-	Ask about this report
src/pages/dashboard/ParentReport.jsx	31	HEADLINE	-	Progress and retention
src/pages/dashboard/ParentReport.jsx	31	HEADLINE	TITLE_CASE LONG_HEADING	Recorded checks and review evidence in this period. No activity is not a score for ability.
src/pages/dashboard/ParentReport.jsx	31	HEADLINE	-	No guided journey was updated in this period.
src/pages/dashboard/ParentReport.jsx	31	HEADLINE	-	Shared observations
src/pages/dashboard/ParentReport.jsx	31	HEADLINE	-	No retained observations were shared for this period.
src/pages/dashboard/ParentReport.jsx	32	BODY	-	Application count is temporarily unavailable.
src/pages/dashboard/ParentReport.jsx	32	HEADLINE	-	Applications and projects
src/pages/dashboard/ParentReport.jsx	32	HEADLINE	TITLE_CASE LONG_HEADING	Only summaries the learner explicitly shared with this parent appear below. They are fixed copies and may predate the selected activity period. Project documents, drafts and personal notes remain private.
src/pages/dashboard/ParentReport.jsx	32	HEADLINE	LONG_HEADING	No project summary has been explicitly shared with this parent.
src/pages/dashboard/ParentReport.jsx	33	HEADLINE	-	Assigned work and teacher updates
src/pages/dashboard/ParentReport.jsx	33	HEADLINE	TITLE_CASE LONG_HEADING	Returned-work titles and upcoming due dates only. Answers, grades and private feedback are excluded.
src/pages/dashboard/ParentReport.jsx	34	HEADLINE	-	Goals and transitions
src/pages/dashboard/ParentReport.jsx	34	HEADLINE	LONG_HEADING	No learner goal has been explicitly shared with this parent workspace. Ask the learner what they would like support with.
src/pages/dashboard/ParentReport.jsx	35	LABEL	-	Connect before viewing progress
src/pages/dashboard/ParentReport.jsx	35	BODY	-	The requested child is not available under your current permission. Choose an available child or review your connections.
src/pages/dashboard/ParentReport.jsx	35	BODY	-	Reports appear only after the appropriate sharing permission is active.
src/pages/dashboard/ParentReport.jsx	35	HEADLINE	-	Review connections
src/pages/dashboard/ParentReport.jsx	42	BODY	-	The recent class update is unavailable. The shared report remains available.
src/pages/dashboard/ParentReport.jsx	43	BODY	-	No class transition was shared in this period.
src/pages/dashboard/ParentReport.jsx	46	META-aria	-	Recent class update
src/pages/dashboard/ParentReport.jsx	46	SUBHEAD	-	Recent class update
src/pages/dashboard/ParentReport.jsx	46	SUBHEAD	-	Shared through this active progress connection. The learner controls their own stage and work.
src/pages/dashboard/ParentReportAsk.jsx	6	BODY	-	What does this evidence mean?
src/pages/dashboard/ParentReportAsk.jsx	6	BODY	-	What could I ask their teacher?
src/pages/dashboard/ParentReportAsk.jsx	6	BODY	-	What support activity can we try at home?
src/pages/dashboard/ParentReportAsk.jsx	25	BODY	-	Opening your report…
src/pages/dashboard/ParentReportAsk.jsx	29	HEADLINE	-	Shared report unavailable
src/pages/dashboard/ParentReportAsk.jsx	29	HEADLINE	-	Review connections
src/pages/dashboard/ParentReportAsk.jsx	36	HEADLINE	-	What would help you support them?
src/pages/dashboard/ParentReportAsk.jsx	36	HEADLINE	-	Your question
src/pages/dashboard/ParentReportAsk.jsx	36	HEADLINE	-	Get guidance
src/pages/dashboard/ParentReportAsk.jsx	37	HEADLINE	-	Evidence and other ways to help
src/pages/dashboard/ParentReportAsk.jsx	38	BUTTON	-	Return to shared report
src/pages/dashboard/Plans.jsx	9	BODY	-	Loading plans…
src/pages/dashboard/Plans.jsx	10	BODY	-	Demo subscription activated. No payment was collected.
src/pages/dashboard/Plans.jsx	10	BODY	-	Demo payment is pending. Your current access has not changed.
src/pages/dashboard/Plans.jsx	10	BODY	PASSIVE	Demo payment failed. No charge was made and your current plan is unchanged.
src/pages/dashboard/Plans.jsx	11	META-aria	-	Daily demo conversation usage
src/pages/dashboard/Plans.jsx	11	LABEL	-	Active local preview
src/pages/dashboard/Plans.jsx	11	LABEL	-	Resume subscription
src/pages/dashboard/Plans.jsx	11	LABEL	-	Cancel subscription
src/pages/dashboard/Plans.jsx	11	HEADLINE	-	Plans & usage
src/pages/dashboard/Plans.jsx	11	HEADLINE	TITLE_CASE LONG_HEADING	Choose how you learn and build. All billing here is simulated.
src/pages/dashboard/Plans.jsx	11	HEADLINE	-	Current account plan
src/pages/dashboard/Plans.jsx	11	HEADLINE	-	Guided conversation usage
src/pages/dashboard/Plans.jsx	11	HEADLINE	LONG_HEADING	Saved learning, practice, projects and required classwork remain available at the limit.
src/pages/dashboard/Plans.jsx	11	HEADLINE	-	Provisional family pricing.
src/pages/dashboard/Plans.jsx	11	HEADLINE	-	Demo invoices
src/pages/dashboard/Plans.jsx	11	HEADLINE	-	No invoices. This preview has no payment method.
src/pages/dashboard/Plans.jsx	11	HEADLINE	-	Contact and service information
src/pages/dashboard/Plans.jsx	12	BODY	-	v-button primary
src/pages/dashboard/Plans.jsx	12	BUTTON	TITLE_CASE	Simulation only. Never enter card, bank, or UPI details.
src/pages/dashboard/Plans.jsx	12	BUTTON	TITLE_CASE	Monthly renewal is represented by a 30-day demo period. Cancel to retain access until that period ends. Taxes and live terms are not configured.
src/pages/dashboard/Plans.jsx	12	BUTTON	-	Demo checkout outcome
src/pages/dashboard/Plans.jsx	12	BUTTON	-	Success — no payment
src/pages/dashboard/Plans.jsx	12	BUTTON	-	Pending
src/pages/dashboard/Plans.jsx	12	BUTTON	-	Failure
src/pages/dashboard/Plans.jsx	12	BUTTON	-	Simulate checkout
src/pages/dashboard/Plans.jsx	13	BODY	-	Resume demo subscription?
src/pages/dashboard/Plans.jsx	13	BODY	-	Cancel demo renewal?
src/pages/dashboard/Plans.jsx	13	BODY	-	v-button primary
src/pages/dashboard/Plans.jsx	13	BODY	-	Demo subscription updated. Saved work remains available.
src/pages/dashboard/Plans.jsx	13	BUTTON	TITLE_CASE	Your saved work is retained. No real subscription is changed.
src/pages/dashboard/Plans.jsx	13	BUTTON	-	Keep current state
src/pages/dashboard/Plans.jsx	13	BUTTON	-	Confirm
src/pages/dashboard/Practice.jsx	22	LABEL	-	Your subject
src/pages/dashboard/Practice.jsx	22	LABEL	-	Your topic
src/pages/dashboard/Practice.jsx	22	BODY	-	v-button primary
src/pages/dashboard/Practice.jsx	22	HEADLINE	-	Topic link
src/pages/dashboard/Practice.jsx	22	HEADLINE	-	Practice this topic
src/pages/dashboard/Practice.jsx	22	HEADLINE	-	Reviewed questions are not available here yet
src/pages/dashboard/Practice.jsx	22	HEADLINE	LONG_HEADING	This topic link has no reviewed question set in the current learning path, so opening it creates no new practice result. If you saved it earlier, you can find it in previous topics.
src/pages/dashboard/Practice.jsx	22	HEADLINE	-	Open my saved practice queue
src/pages/dashboard/Practice.jsx	22	HEADLINE	-	Save a question in Ask
src/pages/dashboard/Practice.jsx	22	HEADLINE	-	Open previous topics
src/pages/dashboard/Practice.jsx	41	LABEL	-	Geometry
src/pages/dashboard/Practice.jsx	41	LABEL	-	Understanding cube volume
src/pages/dashboard/Practice.jsx	43	LABEL	-	Geometry
src/pages/dashboard/Practice.jsx	43	LABEL	-	Understanding cube volume
src/pages/dashboard/Practice.jsx	45	BODY	-	Practice result saved. This short check does not establish overall mastery.
src/pages/dashboard/Practice.jsx	50	HEADLINE	-	Practice
src/pages/dashboard/Practice.jsx	50	HEADLINE	TITLE_CASE LONG_HEADING AI_SLOP(em-dash)	Try an idea for yourself. Understand the why—not just the answer.
src/pages/dashboard/Practice.jsx	52	BUTTON	-	Personalized practice for this topic becomes available when the AI model is connected. The geometry example below is ready to try now.
src/pages/dashboard/Practice.jsx	52	BUTTON	-	Keep a question about this topic
src/pages/dashboard/Practice.jsx	53	HEADLINE	-	Think in three dimensions
src/pages/dashboard/Practice.jsx	53	HEADLINE	TITLE_CASE LONG_HEADING	Use what you discover in the cube lab to check your understanding of volume. Review an explanation for every answer.
src/pages/dashboard/Practice.jsx	53	HEADLINE	-	Start practice
src/pages/dashboard/Practice.jsx	53	HEADLINE	-	Explore the lab first
src/pages/dashboard/Practice.jsx	54	BODY	-	Let’s look at the reasoning
src/pages/dashboard/Practice.jsx	55	LABEL	-	Saving…
src/pages/dashboard/Practice.jsx	55	LABEL	-	Check my understanding
src/pages/dashboard/Practice.jsx	55	BUTTON	-	Try again
src/pages/dashboard/Practice.jsx	55	BUTTON	-	Apply it in a project
src/pages/dashboard/Practice.jsx	58	HEADLINE	-	From your learning
src/pages/dashboard/Practice.jsx	58	HEADLINE	-	Loading topics…
src/pages/dashboard/Practice.jsx	58	HEADLINE	-	Could not load topics.
src/pages/dashboard/Practice.jsx	58	HEADLINE	-	Retry
src/pages/dashboard/Practice.jsx	58	HEADLINE	-	Add a topic in
src/pages/dashboard/Practice.jsx	58	HEADLINE	-	Learn
src/pages/dashboard/ProfessionalCareer.jsx	27	BODY	-	Opening your career workspace…
src/pages/dashboard/ProfessionalCareer.jsx	28	BODY	-	Open a professional workspace to view this path.
src/pages/dashboard/ProfessionalCareer.jsx	35	BODY	-	Career target saved on this device. Learning evidence and portfolio work remain private unless you choose to share.
src/pages/dashboard/ProfessionalCareer.jsx	44	LABEL	-	Personal professional workspace
src/pages/dashboard/ProfessionalCareer.jsx	44	HEADLINE	-	Your next capability
src/pages/dashboard/ProfessionalCareer.jsx	44	HEADLINE	TITLE_CASE LONG_HEADING	Set a purpose, practise one skill, then keep work you can explain. Saved work stays in this workspace until you explicitly share an artifact.
src/pages/dashboard/ProfessionalCareer.jsx	45	META-aria	-	Workspace boundary
src/pages/dashboard/ProfessionalCareer.jsx	45	LABEL	-	Company learning space
src/pages/dashboard/ProfessionalCareer.jsx	45	LABEL	-	Your personal professional space
src/pages/dashboard/ProfessionalCareer.jsx	45	BODY	-	This company workspace has its own goal, evidence and projects. Your personal work was not copied here. If the organization connection ends, return to your personal workspace using the workspace switcher.
src/pages/dashboard/ProfessionalCareer.jsx	45	BUTTON	-	Review connections
src/pages/dashboard/ProfessionalCareer.jsx	46	HEADLINE	LONG_HEADING	A target is your choice, not a prediction about your career.
src/pages/dashboard/ProfessionalCareer.jsx	47	META-placeholder	-	For example, make evidence-based decisions
src/pages/dashboard/ProfessionalCareer.jsx	47	META-placeholder	-	Describe a work problem or outcome without confidential details.
src/pages/dashboard/ProfessionalCareer.jsx	47	BUTTON	-	What would useful progress look like?
src/pages/dashboard/ProfessionalCareer.jsx	47	BUTTON	-	Connect to a capability you started
src/pages/dashboard/ProfessionalCareer.jsx	47	BUTTON	-	Not linked yet
src/pages/dashboard/ProfessionalCareer.jsx	47	BUTTON	-	Save direction
src/pages/dashboard/ProfessionalCareer.jsx	47	BUTTON	-	Explore capabilities
src/pages/dashboard/ProfessionalCareer.jsx	48	BODY	-	v-notice v-error mt-4
src/pages/dashboard/ProfessionalCareer.jsx	50	LABEL	-	No recorded check yet
src/pages/dashboard/ProfessionalCareer.jsx	50	BODY	-	Your target is saved. Start a capability in Learn, then connect it above. No skill gap is inferred without evidence.
src/pages/dashboard/ProfessionalCareer.jsx	50	BODY	-	Start with a target or explore an authored sample. A model response is not connected yet.
src/pages/dashboard/ProfessionalCareer.jsx	50	HEADLINE	-	Continue
src/pages/dashboard/ProfessionalCareer.jsx	50	HEADLINE	-	Open
src/pages/dashboard/ProfessionalCareer.jsx	51	HEADLINE	LONG_HEADING	Completed work is application evidence, not automatic mastery or a credential.
src/pages/dashboard/ProfessionalCareer.jsx	51	HEADLINE	-	Open Build
src/pages/dashboard/ProfessionalCareer.jsx	51	HEADLINE	-	Open
src/pages/dashboard/ProfessionalCareer.jsx	51	HEADLINE	TITLE_CASE LONG_HEADING	No project is connected to this target yet. Finish a comprehension check and practice step to start its guided project.
src/pages/dashboard/Profile.jsx	18	BODY	-	Profile saved.
src/pages/dashboard/Profile.jsx	19	BODY	-	Could not save your profile.
src/pages/dashboard/Profile.jsx	28	BODY	-	This learning area is already in your workspace.
src/pages/dashboard/Profile.jsx	31	BODY	-	Could not add this learning area.
src/pages/dashboard/Profile.jsx	35	HEADLINE	-	Your profile
src/pages/dashboard/Profile.jsx	35	HEADLINE	-	One identity, wherever your learning takes you.
src/pages/dashboard/Profile.jsx	36	LABEL	-	Professional learner
src/pages/dashboard/Profile.jsx	37	BUTTON	-	Display name
src/pages/dashboard/Profile.jsx	37	BUTTON	-	Save profile
src/pages/dashboard/Profile.jsx	39	META-placeholder	-	For example, robotics or storytelling
src/pages/dashboard/Profile.jsx	39	HEADLINE	-	Learning areas
src/pages/dashboard/Profile.jsx	39	HEADLINE	TITLE_CASE LONG_HEADING AI_SLOP(em-dash)	Subjects, skills, or interests—not courses to purchase. Add anything you want to understand or build with.
src/pages/dashboard/Profile.jsx	39	HEADLINE	-	New learning area
src/pages/dashboard/Profile.jsx	39	HEADLINE	-	Add area
src/pages/dashboard/Profile.jsx	41	HEADLINE	-	Family & other connections
src/pages/dashboard/Profile.jsx	41	HEADLINE	LONG_HEADING	Review requests and choose who can see shared progress.
src/pages/dashboard/Profile.jsx	41	HEADLINE	-	Language & appearance
src/pages/dashboard/Profile.jsx	41	HEADLINE	-	Set your learning language and workspace accent.
src/pages/dashboard/role/OrgHome.jsx	12	LABEL	-	Your organization
src/pages/dashboard/role/OrgHome.jsx	12	LABEL	-	People
src/pages/dashboard/role/OrgHome.jsx	12	LABEL	-	Memberships and connection requests
src/pages/dashboard/role/OrgHome.jsx	12	LABEL	-	Curriculum
src/pages/dashboard/role/OrgHome.jsx	12	BODY	-	Learning goals and shared framework drafts
src/pages/dashboard/role/OrgHome.jsx	12	LABEL	-	Analytics
src/pages/dashboard/role/OrgHome.jsx	12	BODY	-	Activity from explicitly linked classes
src/pages/dashboard/role/OrgHome.jsx	12	HEADLINE	-	Organization workspace
src/pages/dashboard/role/OrgHome.jsx	12	HEADLINE	LONG_HEADING AI_SLOP(em-dash)	Connect people and support learning—without replacing their individual space.
src/pages/dashboard/role/OrgHome.jsx	12	HEADLINE	-	A shared place to grow
src/pages/dashboard/role/OrgHome.jsx	12	HEADLINE	TITLE_CASE LONG_HEADING	Invite your teachers, learners, and parents. Membership begins when each person accepts. Connected teachers can attach classes to this organization.
src/pages/dashboard/role/OrgHome.jsx	12	HEADLINE	-	Manage people
src/pages/dashboard/role/OrgHome.jsx	12	HEADLINE	-	Loading organization…
src/pages/dashboard/role/OrgHome.jsx	12	HEADLINE	-	Could not load organization.
src/pages/dashboard/role/OrgHome.jsx	12	HEADLINE	-	Retry
src/pages/dashboard/role/ParentHome.jsx	10	BODY	-	Waiting for your child to accept
src/pages/dashboard/role/ParentHome.jsx	10	BODY	-	Connect your child to see shared progress
src/pages/dashboard/role/ParentHome.jsx	10	LABEL	-	Connect with a teacher
src/pages/dashboard/role/ParentHome.jsx	10	BODY	-	Manage your learning relationships.
src/pages/dashboard/role/ParentHome.jsx	10	BODY	-	Your own learning matters too
src/pages/dashboard/role/ParentHome.jsx	10	BODY	-	Explore your interests in a personal learning space.
src/pages/dashboard/role/ParentHome.jsx	10	HEADLINE	TITLE_CASE	Support their curiosity. Give them room to grow.
src/pages/dashboard/role/ParentHome.jsx	10	HEADLINE	-	Learning is better with support
src/pages/dashboard/role/ParentHome.jsx	10	HEADLINE	LONG_HEADING	Follow the progress your child shares, without accessing private questions or project notes.
src/pages/dashboard/role/ParentHome.jsx	10	HEADLINE	-	Manage children
src/pages/dashboard/role/ParentHome.jsx	10	HEADLINE	-	Loading shared progress…
src/pages/dashboard/role/ParentHome.jsx	10	HEADLINE	-	Could not load connections.
src/pages/dashboard/role/ParentHome.jsx	10	HEADLINE	-	Retry
src/pages/dashboard/role/ParentHome.jsx	10	HEADLINE	TITLE_CASE LONG_HEADING	Your child reviews your request in Connections. Learning activity appears here after acceptance.
src/pages/dashboard/role/ParentHome.jsx	10	HEADLINE	-	View family connections
src/pages/dashboard/role/StudentHome.jsx	32	HEADLINE	-	Your personal learning space
src/pages/dashboard/role/StudentHome.jsx	36	BODY	-	Visionary PA
src/pages/dashboard/role/StudentHome.jsx	37	HEADLINE	-	A little curiosity.
src/pages/dashboard/role/StudentHome.jsx	37	HEADLINE	-	A whole new possibility.
src/pages/dashboard/role/StudentHome.jsx	38	BODY	-	Understand an idea, explore it your way, and turn what you learn into something you can build.
src/pages/dashboard/role/StudentHome.jsx	40	META-placeholder	-	What would you like to understand or build?
src/pages/dashboard/role/StudentHome.jsx	40	BODY	-	What would you like to understand or build?
src/pages/dashboard/role/StudentHome.jsx	41	META-aria	-	Open question in Ask
src/pages/dashboard/role/StudentHome.jsx	42	BODY	-	AI responses are not connected in this preview. You can save questions now.
src/pages/dashboard/role/StudentHome.jsx	46	META-aria	-	Learning context
src/pages/dashboard/role/StudentHome.jsx	47	LABEL	-	My learning
src/pages/dashboard/role/StudentHome.jsx	47	LABEL	-	Connected spaces
src/pages/dashboard/role/StudentHome.jsx	48	LABEL	-	Manage connections
src/pages/dashboard/role/StudentHome.jsx	52	BUTTON	-	Learning data could not be loaded.
src/pages/dashboard/role/StudentHome.jsx	52	BUTTON	-	Try again
src/pages/dashboard/role/StudentHome.jsx	52	BUTTON	-	Loading your learning space…
src/pages/dashboard/role/StudentHome.jsx	53	BODY	-	grid gap-4 lg:grid-cols-[1.5fr_1fr]
src/pages/dashboard/role/StudentHome.jsx	54	BODY	-	Pick up where you left off
src/pages/dashboard/role/StudentHome.jsx	54	LABEL	-	Your next step
src/pages/dashboard/role/StudentHome.jsx	54	BODY	-	Make space for your curiosity
src/pages/dashboard/role/StudentHome.jsx	54	BODY	-	Choose an area you care about and add a topic. Your learning space grows with you, inside and beyond a classroom.
src/pages/dashboard/role/StudentHome.jsx	54	LABEL	-	Continue learning
src/pages/dashboard/role/StudentHome.jsx	54	LABEL	-	Explore Learn
src/pages/dashboard/role/StudentHome.jsx	55	LABEL	-	Minutes today
src/pages/dashboard/role/StudentHome.jsx	55	LABEL	-	Day streak
src/pages/dashboard/role/StudentHome.jsx	55	LABEL	-	Topics mastered
src/pages/dashboard/role/StudentHome.jsx	55	HEADLINE	-	Small steps, real progress
src/pages/dashboard/role/StudentHome.jsx	55	HEADLINE	LONG_HEADING	Based on recorded learning and graded work. Your starting confidence is not an assessment.
src/pages/dashboard/role/StudentHome.jsx	57	HEADLINE	-	Your learning areas
src/pages/dashboard/role/StudentHome.jsx	57	HEADLINE	-	View all
src/pages/dashboard/role/StudentHome.jsx	57	HEADLINE	-	Add learning area
src/pages/dashboard/role/StudentHome.jsx	59	HEADLINE	-	Turn an idea into a project
src/pages/dashboard/role/StudentHome.jsx	59	BODY	-	Keep your plan, experiments, and discoveries together.
src/pages/dashboard/role/StudentHome.jsx	59	HEADLINE	-	See an idea in another dimension
src/pages/dashboard/role/StudentHome.jsx	59	BODY	-	Explore a hands-on 3D geometry lab.
src/pages/dashboard/role/StudentHome.jsx	60	HEADLINE	TITLE_CASE	Learn independently. Grow together.
src/pages/dashboard/role/StudentHome.jsx	60	HEADLINE	LONG_HEADING	Your personal learning stays yours when you join a class or organization.
src/pages/dashboard/role/StudentHome.jsx	60	HEADLINE	-	Join a class
src/pages/dashboard/role/StudentHome.jsx	61	LABEL	-	Independent class
src/pages/dashboard/role/StudentHome.jsx	61	SUBHEAD	-	No connected spaces yet
src/pages/dashboard/role/StudentHome.jsx	61	SUBHEAD	-	Use a teacher's class code or accept an organization request. You can keep learning on your own meanwhile.
src/pages/dashboard/role/StudentHome.jsx	61	SUBHEAD	-	View connection requests
src/pages/dashboard/role/TeacherHome.jsx	49	BODY	-	We couldn’t load your classes. Please try again.
src/pages/dashboard/role/TeacherHome.jsx	78	LABEL	-	Classes
src/pages/dashboard/role/TeacherHome.jsx	79	LABEL	-	Students
src/pages/dashboard/role/TeacherHome.jsx	80	LABEL	-	Assignments
src/pages/dashboard/role/TeacherHome.jsx	85	SUBHEAD	-	Your classes and teaching, together
src/pages/dashboard/role/TeacherHome.jsx	87	BUTTON	-	Retry
src/pages/dashboard/role/TeacherHome.jsx	106	HEADLINE	-	Your classes
src/pages/dashboard/role/TeacherHome.jsx	107	BODY	-	Create a class, add students, and start teaching
src/pages/dashboard/role/TeacherHome.jsx	128	SUBHEAD	-	No classes yet
src/pages/dashboard/role/TeacherHome.jsx	130	BODY	-	Create your first class to post announcements, assign work tagged to concepts, and watch your students' mastery map grow
src/pages/dashboard/RoleWorkspace.jsx	26	BODY	-	Loading your workspace…
src/pages/dashboard/RoleWorkspace.jsx	27	BUTTON	-	Try again
src/pages/dashboard/RoleWorkspace.jsx	44	BODY	-	Your connections couldn’t be loaded.
src/pages/dashboard/RoleWorkspace.jsx	60	BODY	-	Use your child’s account email, which must be different from your own.
src/pages/dashboard/RoleWorkspace.jsx	64	BODY	-	You already have an active connection or pending request for this email.
src/pages/dashboard/RoleWorkspace.jsx	65	LABEL	-	Parent
src/pages/dashboard/RoleWorkspace.jsx	67	BODY	-	Request saved. Your child can accept in Connections when signed in on this browser. No email has been sent.
src/pages/dashboard/RoleWorkspace.jsx	69	BODY	-	We couldn’t save this request. Please try again.
src/pages/dashboard/RoleWorkspace.jsx	78	BODY	-	Connection removed. Shared progress is no longer available.
src/pages/dashboard/RoleWorkspace.jsx	78	BODY	-	Request cancelled.
src/pages/dashboard/RoleWorkspace.jsx	80	BODY	-	We couldn’t update this connection. Please try again.
src/pages/dashboard/RoleWorkspace.jsx	86	SUBHEAD	-	Family
src/pages/dashboard/RoleWorkspace.jsx	86	HEADLINE	-	Your children
src/pages/dashboard/RoleWorkspace.jsx	86	BODY	-	Connect a child’s account and follow the learning progress they choose to share.
src/pages/dashboard/RoleWorkspace.jsx	87	BODY	-	grid gap-6 lg:grid-cols-[1.1fr_0.9fr]
src/pages/dashboard/RoleWorkspace.jsx	89	HEADLINE	-	Request a connection
src/pages/dashboard/RoleWorkspace.jsx	90	META-placeholder	-	First name
src/pages/dashboard/RoleWorkspace.jsx	91	LABEL	-	Request connection
src/pages/dashboard/RoleWorkspace.jsx	94	HEADLINE	-	Their learning. Their permission.
src/pages/dashboard/RoleWorkspace.jsx	94	HEADLINE	TITLE_CASE LONG_HEADING	Connections currently work between accounts saved in this browser. Cross-device requests will be available when account sync is connected.
src/pages/dashboard/RoleWorkspace.jsx	96	HEADLINE	-	No child connected yet
src/pages/dashboard/RoleWorkspace.jsx	96	BODY	-	Start with a connection request. Progress appears only after your child accepts.
src/pages/dashboard/RoleWorkspace.jsx	96	LABEL	-	Connected
src/pages/dashboard/RoleWorkspace.jsx	96	LABEL	-	Declined
src/pages/dashboard/RoleWorkspace.jsx	96	LABEL	-	Awaiting acceptance
src/pages/dashboard/RoleWorkspace.jsx	96	LABEL	-	Disconnect
src/pages/dashboard/RoleWorkspace.jsx	96	LABEL	-	Cancel request for
src/pages/dashboard/RoleWorkspace.jsx	96	LABEL	-	Saving…
src/pages/dashboard/RoleWorkspace.jsx	96	LABEL	-	Cancel
src/pages/dashboard/RoleWorkspace.jsx	96	HEADLINE	-	Connections
src/pages/dashboard/RoleWorkspace.jsx	116	BODY	-	Curriculum items couldn’t be loaded.
src/pages/dashboard/RoleWorkspace.jsx	130	BODY	-	This subject and year group already have a curriculum draft.
src/pages/dashboard/RoleWorkspace.jsx	133	BODY	-	This curriculum draft couldn’t be saved. Please try again.
src/pages/dashboard/RoleWorkspace.jsx	138	BODY	-	Curriculum draft removed from this list.
src/pages/dashboard/RoleWorkspace.jsx	139	BODY	-	We couldn’t remove this draft. Please try again.
src/pages/dashboard/RoleWorkspace.jsx	143	SUBHEAD	-	Organization
src/pages/dashboard/RoleWorkspace.jsx	143	HEADLINE	-	Curriculum
src/pages/dashboard/RoleWorkspace.jsx	143	BODY	-	Organize your teaching framework, subjects, and learning objectives in one place.
src/pages/dashboard/RoleWorkspace.jsx	144	META-placeholder	-	e.g. Secondary curriculum 2026
src/pages/dashboard/RoleWorkspace.jsx	144	META-placeholder	-	e.g. CBSE
src/pages/dashboard/RoleWorkspace.jsx	144	LABEL	-	Saving…
src/pages/dashboard/RoleWorkspace.jsx	144	LABEL	-	Save framework
src/pages/dashboard/RoleWorkspace.jsx	144	HEADLINE	-	Curriculum framework
src/pages/dashboard/RoleWorkspace.jsx	144	HEADLINE	-	Curriculum name
src/pages/dashboard/RoleWorkspace.jsx	144	HEADLINE	-	Board or framework
src/pages/dashboard/RoleWorkspace.jsx	144	HEADLINE	-	Framework saved.
src/pages/dashboard/RoleWorkspace.jsx	145	META-placeholder	-	e.g. Mathematics
src/pages/dashboard/RoleWorkspace.jsx	145	META-placeholder	-	e.g. Grade 10
src/pages/dashboard/RoleWorkspace.jsx	145	META-placeholder	-	What should learners understand or be able to do?
src/pages/dashboard/RoleWorkspace.jsx	145	LABEL	-	Saving…
src/pages/dashboard/RoleWorkspace.jsx	145	LABEL	-	Add subject
src/pages/dashboard/RoleWorkspace.jsx	145	HEADLINE	-	Add a subject draft
src/pages/dashboard/RoleWorkspace.jsx	145	HEADLINE	TITLE_CASE LONG_HEADING	Plan the scope here. Drafts do not publish assignments or change classrooms.
src/pages/dashboard/RoleWorkspace.jsx	145	HEADLINE	-	Subject
src/pages/dashboard/RoleWorkspace.jsx	145	HEADLINE	-	Year or learner group
src/pages/dashboard/RoleWorkspace.jsx	145	HEADLINE	-	Learning objectives
src/pages/dashboard/RoleWorkspace.jsx	146	HEADLINE	-	Your curriculum starts here
src/pages/dashboard/RoleWorkspace.jsx	146	BODY	-	Add a subject and learner group above, then capture the objectives your team will teach.
src/pages/dashboard/RoleWorkspace.jsx	146	LABEL	-	Remove
src/pages/dashboard/RoleWorkspace.jsx	146	HEADLINE	-	Subject drafts
src/pages/dashboard/RoleWorkspace.jsx	165	BODY	-	Your report couldn’t be loaded. Please try again.
src/pages/dashboard/RoleWorkspace.jsx	174	LABEL	-	Class assignments
src/pages/dashboard/RoleWorkspace.jsx	174	LABEL	-	Your classes
src/pages/dashboard/RoleWorkspace.jsx	174	LABEL	-	Linked classes
src/pages/dashboard/RoleWorkspace.jsx	174	LABEL	-	Connected students
src/pages/dashboard/RoleWorkspace.jsx	174	LABEL	-	Connected people
src/pages/dashboard/RoleWorkspace.jsx	176	LABEL	-	Teaching
src/pages/dashboard/RoleWorkspace.jsx	176	LABEL	-	Organization
src/pages/dashboard/RoleWorkspace.jsx	176	LABEL	-	Teaching insights
src/pages/dashboard/RoleWorkspace.jsx	176	LABEL	-	Institution analytics
src/pages/dashboard/RoleWorkspace.jsx	176	BODY	-	An overview of your classes, connected learners, and teaching workload.
src/pages/dashboard/RoleWorkspace.jsx	176	BODY	-	A focused view of your institution’s roster and explicitly linked classrooms.
src/pages/dashboard/RoleWorkspace.jsx	178	LABEL	-	Untitled class
src/pages/dashboard/RoleWorkspace.jsx	178	BODY	-	Insights start with a class
src/pages/dashboard/RoleWorkspace.jsx	178	LABEL	-	No linked classrooms yet
src/pages/dashboard/RoleWorkspace.jsx	178	BODY	-	Create a class and share its join code. Learner and assignment totals appear here as you teach.
src/pages/dashboard/RoleWorkspace.jsx	178	BODY	-	Roster drafts do not create classroom access. Only classes explicitly linked to your institution will contribute to this report.
src/pages/dashboard/RoleWorkspace.jsx	178	LABEL	-	Go to classes
src/pages/dashboard/RoleWorkspace.jsx	178	LABEL	-	Manage people
src/pages/dashboard/RoleWorkspace.jsx	178	HEADLINE	-	Class overview
src/pages/dashboard/RoleWorkspace.jsx	178	HEADLINE	-	Class
src/pages/dashboard/RoleWorkspace.jsx	178	HEADLINE	-	Students
src/pages/dashboard/RoleWorkspace.jsx	178	HEADLINE	-	Assignments
src/pages/dashboard/RoleWorkspace.jsx	191	HEADLINE	-	This workspace is not available
src/pages/dashboard/RoleWorkspace.jsx	191	BUTTON	-	Return to dashboard
src/pages/dashboard/Settings.jsx	8	LABEL	-	English
src/pages/dashboard/Settings.jsx	8	LABEL	-	Bengali
src/pages/dashboard/Settings.jsx	8	LABEL	-	Telugu
src/pages/dashboard/Settings.jsx	8	LABEL	-	Kannada
src/pages/dashboard/Settings.jsx	8	LABEL	-	Malayalam
src/pages/dashboard/Settings.jsx	8	LABEL	-	Marathi
src/pages/dashboard/Settings.jsx	8	LABEL	-	Gujarati
src/pages/dashboard/Settings.jsx	8	LABEL	-	Punjabi
src/pages/dashboard/Settings.jsx	8	LABEL	-	Assamese
src/pages/dashboard/Settings.jsx	21	HEADLINE	-	Settings
src/pages/dashboard/Settings.jsx	21	HEADLINE	-	Make this space feel like yours.
src/pages/dashboard/Settings.jsx	22	HEADLINE	-	Learn in the language you think in
src/pages/dashboard/Settings.jsx	22	HEADLINE	-	Preferred learning language
src/pages/dashboard/Settings.jsx	23	HEADLINE	-	Workspace accent
src/pages/dashboard/Settings.jsx	23	HEADLINE	-	Choose an accent
src/pages/dashboard/Settings.jsx	24	HEADLINE	-	Your data and connections
src/pages/dashboard/Settings.jsx	24	HEADLINE	TITLE_CASE LONG_HEADING	This preview saves data in this browser, not a cloud database. Do not use sensitive or real student records. Private questions and project notes are not shared by connecting to a class or organization.
src/pages/dashboard/Settings.jsx	24	HEADLINE	-	Manage sharing and connections
src/pages/dashboard/Settings.jsx	25	LABEL	-	Saving…
src/pages/dashboard/Settings.jsx	25	LABEL	-	Save changes
src/pages/dashboard/Settings.jsx	25	BUTTON	-	Settings saved.
src/pages/dashboard/Settings.jsx	25	BUTTON	TITLE_CASE	Could not save. Please try again.
src/pages/dashboard/StudentClasses.jsx	48	BODY	-	Saved classwork drafts could not be read on this device. Existing records were not removed.
src/pages/dashboard/StudentClasses.jsx	55	BODY	-	Your classwork draft could not be saved on this device. Keep this page open and try again.
src/pages/dashboard/StudentClasses.jsx	83	BODY	-	We couldn’t load your classes. Please try again.
src/pages/dashboard/StudentClasses.jsx	141	BODY	-	We couldn’t accept this invitation. Please try again.
src/pages/dashboard/StudentClasses.jsx	154	BODY	-	We couldn’t find a class with that code. Check the code with your teacher and try again.
src/pages/dashboard/StudentClasses.jsx	163	BODY	-	We couldn’t join this class right now. Please try again.
src/pages/dashboard/StudentClasses.jsx	179	HEADLINE	-	Your classes
src/pages/dashboard/StudentClasses.jsx	180	BODY	-	Assignments, feedback, and class updates in one place
src/pages/dashboard/StudentClasses.jsx	187	BUTTON	-	Retry
src/pages/dashboard/StudentClasses.jsx	189	META-aria	-	Class invitations
src/pages/dashboard/StudentClasses.jsx	189	LABEL	-	Your teacher
src/pages/dashboard/StudentClasses.jsx	189	HEADLINE	-	Class invitations
src/pages/dashboard/StudentClasses.jsx	189	HEADLINE	-	Accept class
src/pages/dashboard/StudentClasses.jsx	201	SUBHEAD	-	No classes yet
src/pages/dashboard/StudentClasses.jsx	203	BODY	-	Join with a class code from your teacher. When you connect, assignments and feedback will appear here
src/pages/dashboard/StudentClasses.jsx	223	META-aria	-	Class sections
src/pages/dashboard/StudentClasses.jsx	223	LABEL	-	Classwork
src/pages/dashboard/StudentClasses.jsx	223	LABEL	-	Updates
src/pages/dashboard/StudentClasses.jsx	223	LABEL	-	Community
src/pages/dashboard/StudentClasses.jsx	224	LABEL	-	Teacher
src/pages/dashboard/StudentClasses.jsx	224	LABEL	-	Class update
src/pages/dashboard/StudentClasses.jsx	224	BODY	-	Class updates from your teacher will appear here.
src/pages/dashboard/StudentClasses.jsx	231	BODY	-	No assignments in this class yet. Check back soon.
src/pages/dashboard/StudentClasses.jsx	274	BODY	-	Update your answers below and resubmit. Your previous response and feedback stay in the attempt history.
src/pages/dashboard/StudentClasses.jsx	280	BODY	-	Teacher feedback
src/pages/dashboard/StudentClasses.jsx	284	BODY	-	Returned by your teacher.
src/pages/dashboard/StudentClasses.jsx	289	BODY	EM_DASH(body)	Submitted — waiting for your teacher to review.
src/pages/dashboard/StudentClasses.jsx	293	META-placeholder	-	Explain in your own words…
src/pages/dashboard/StudentClasses.jsx	296	META-placeholder	-	Write your response…
src/pages/dashboard/StudentClasses.jsx	309	LABEL	-	Resubmit
src/pages/dashboard/StudentClasses.jsx	309	LABEL	-	Submit
src/pages/dashboard/StudentClasses.jsx	345	BODY	-	w-[calc(100%-2rem)] max-w-md rounded-3xl bg-white p-7 sm:rounded-3xl
src/pages/dashboard/StudentClasses.jsx	347	BODY	-	Join a class
src/pages/dashboard/StudentClasses.jsx	348	BODY	-	Ask your teacher for their class code, then enter it below.
src/pages/dashboard/StudentClasses.jsx	350	META-placeholder	-	e.g. VISION-AB12
src/pages/dashboard/StudentClasses.jsx	350	BODY	-	Class code
src/pages/dashboard/StudentClasses.jsx	352	LABEL	-	Joining…
src/pages/dashboard/StudentClasses.jsx	352	LABEL	-	Join class
src/pages/dashboard/StudentClasses.jsx	352	BUTTON	-	Cancel
src/pages/dashboard/Subscription.jsx	10	HEADLINE	-	Plans & usage
src/pages/dashboard/Subscription.jsx	10	HEADLINE	TITLE_CASE LONG_HEADING	One intelligence for learning and building. Choose how you use it.
src/pages/dashboard/Subscription.jsx	11	HEADLINE	-	Your current plan
src/pages/dashboard/Subscription.jsx	11	HEADLINE	-	Back to workspace
src/pages/dashboard/Subscription.jsx	12	LABEL	-	AI usage
src/pages/dashboard/Subscription.jsx	12	LABEL	-	Not connected
src/pages/dashboard/Subscription.jsx	12	LABEL	-	Billing period
src/pages/dashboard/Subscription.jsx	12	LABEL	-	No active billing
src/pages/dashboard/Subscription.jsx	12	LABEL	-	Next payment
src/pages/dashboard/Subscription.jsx	12	HEADLINE	-	Your usage
src/pages/dashboard/Subscription.jsx	12	HEADLINE	TITLE_CASE LONG_HEADING	AI usage metering is not connected. No quota has been consumed or billed in this preview.
src/pages/dashboard/Subscription.jsx	14	LABEL	-	Free
src/pages/dashboard/Subscription.jsx	14	LABEL	-	Current preview
src/pages/dashboard/Subscription.jsx	14	BODY	-	An accessible place to learn and build, supported by ads at launch.
src/pages/dashboard/Subscription.jsx	14	LABEL	-	Premium
src/pages/dashboard/Subscription.jsx	14	LABEL	-	Planned
src/pages/dashboard/Subscription.jsx	14	BODY	-	A focused, ad-free experience with expanded access to Visionary PA.
src/pages/dashboard/Subscription.jsx	14	BODY	-	Connect with classes, family, and organizations
src/pages/dashboard/Subscription.jsx	14	LABEL	TITLE_CASE	Everything in Free
src/pages/dashboard/Subscription.jsx	14	BODY	-	Planned ad-free learning and building
src/pages/dashboard/Subscription.jsx	14	BODY	-	Usage allowances and pricing to be confirmed
src/pages/dashboard/Subscription.jsx	14	HEADLINE	-	Current plan
src/pages/dashboard/Subscription.jsx	14	HEADLINE	TITLE_CASE	About Premium availability
src/pages/dashboard/Subscription.jsx	16	BODY	PASSIVE	Payment processing, verified entitlements, and ad delivery are not enabled. No purchase is made from this page. Ad placement and age-appropriate protections must be reviewed before launch.
src/pages/dashboard/Subscription.jsx	17	BUTTON	-	Got it
src/pages/dashboard/Support.jsx	3	HEADLINE	-	Help with your workspace
src/pages/dashboard/Support.jsx	3	HEADLINE	-	A few simple starting points.
src/pages/dashboard/Support.jsx	4	BODY	-	How do I start learning?
src/pages/dashboard/Support.jsx	4	BODY	-	Add a learning area from Profile, then add a topic in Learn. Explore the interactive Geometry lab, save questions in Ask, or start a project notebook in Build.
src/pages/dashboard/Support.jsx	4	LABEL	-	Open Learn
src/pages/dashboard/Support.jsx	5	BODY	-	How do connections work?
src/pages/dashboard/Support.jsx	5	BODY	-	Students join classes using a teacher’s code. Other connections require acceptance. Parents see study activity only after a separate family connection is accepted.
src/pages/dashboard/Support.jsx	5	LABEL	-	Manage connections
src/pages/dashboard/Support.jsx	6	BODY	-	Can I learn in my own language?
src/pages/dashboard/Support.jsx	6	LABEL	-	Language settings
src/pages/dashboard/Support.jsx	7	BODY	-	Where is my data stored?
src/pages/dashboard/Support.jsx	7	BODY	-	This preview uses this browser’s local storage. Clearing browser data may remove your workspace. It is not a production security boundary: use demonstration records, not sensitive student data.
src/pages/dashboard/Support.jsx	7	LABEL	-	View profile
src/pages/dashboard/Support.jsx	8	BODY	-	Why can’t I upgrade or get an AI response?
src/pages/dashboard/Support.jsx	8	BODY	-	Cloud authentication, the AI model, usage metering, payments, and ads are pending integrations. The preview never charges you or pretends to generate an AI answer.
src/pages/dashboard/Support.jsx	8	LABEL	-	Plans & usage
src/pages/dashboard/TopicDetail.jsx	22	BODY	-	Bookmarks could not be loaded. Refresh the page to try again.
src/pages/dashboard/TopicDetail.jsx	27	LABEL	-	Escape
src/pages/dashboard/TopicDetail.jsx	41	BODY	-	The bookmark could not be updated. Please try again.
src/pages/dashboard/TopicDetail.jsx	46	BUTTON	-	Your lesson could not be loaded.
src/pages/dashboard/TopicDetail.jsx	46	BUTTON	-	Try again
src/pages/dashboard/TopicDetail.jsx	47	HEADLINE	-	This topic is unavailable
src/pages/dashboard/TopicDetail.jsx	47	HEADLINE	LONG_HEADING	It may have been removed or belong to a different learning workspace.
src/pages/dashboard/TopicDetail.jsx	47	HEADLINE	-	Back to Learn
src/pages/dashboard/TopicDetail.jsx	56	HEADLINE	-	Explore cube volume in 3D
src/pages/dashboard/TopicDetail.jsx	56	HEADLINE	LONG_HEADING	Change the side length and see how volume changes in three dimensions.
src/pages/dashboard/TopicDetail.jsx	56	HEADLINE	-	Open interactive lab
src/pages/dashboard/TopicDetail.jsx	58	LABEL	-	Ask a question
src/pages/dashboard/TopicDetail.jsx	58	LABEL	-	Practice this topic
src/pages/dashboard/TopicDetail.jsx	58	LABEL	-	Start a project
src/pages/dashboard/TopicDetail.jsx	58	HEADLINE	-	Keep learning
src/pages/dashboard/TopicDetail.jsx	59	META-aria	-	Subject lessons
src/pages/dashboard/TopicDetail.jsx	59	HEADLINE	-	In this subject
src/pages/dashboard/WorkspaceTools.jsx	18	HEADLINE	-	Prepare a lesson
src/pages/dashboard/WorkspaceTools.jsx	18	BODY	-	Start with an objective. Shape the explanation, then review it before sharing.
src/pages/dashboard/WorkspaceTools.jsx	18	HEADLINE	-	Your library
src/pages/dashboard/WorkspaceTools.jsx	18	BODY	-	Keep reviewed lessons and resources together.
src/pages/dashboard/WorkspaceTools.jsx	18	HEADLINE	-	Your next career step
src/pages/dashboard/WorkspaceTools.jsx	18	BODY	-	Connect a goal to evidence you can explain and work you can show.
src/pages/dashboard/WorkspaceTools.jsx	18	HEADLINE	-	Cohorts
src/pages/dashboard/WorkspaceTools.jsx	18	BODY	-	Organize a class, team, or learning group without mixing personal work.
src/pages/dashboard/WorkspaceTools.jsx	18	HEADLINE	TITLE_CASE	Teacher Growth
src/pages/dashboard/WorkspaceTools.jsx	18	BODY	-	Your own learning, separate from class administration.
src/pages/dashboard/WorkspaceTools.jsx	18	BODY	-	Your next lesson starts here
src/pages/dashboard/WorkspaceTools.jsx	18	LABEL	-	New lesson
src/pages/dashboard/WorkspaceTools.jsx	18	LABEL	-	Build your resource library
src/pages/dashboard/WorkspaceTools.jsx	18	LABEL	-	New resource
src/pages/dashboard/WorkspaceTools.jsx	26	BODY	-	Loading workspace…
src/pages/dashboard/WorkspaceTools.jsx	30	LABEL	-	Mark read
src/pages/dashboard/WorkspaceTools.jsx	30	BODY	-	v-card v-muted
src/pages/dashboard/WorkspaceTools.jsx	30	HEADLINE	-	Notifications
src/pages/dashboard/WorkspaceTools.jsx	30	HEADLINE	TITLE_CASE LONG_HEADING	Updates inside this local workspace. No email or push delivery.
src/pages/dashboard/WorkspaceTools.jsx	30	HEADLINE	-	Summary frequency
src/pages/dashboard/WorkspaceTools.jsx	33	BODY	-	v-card v-muted
src/pages/dashboard/WorkspaceTools.jsx	33	HEADLINE	-	Workspace audit
src/pages/dashboard/WorkspaceTools.jsx	33	HEADLINE	LONG_HEADING	Local actions in this workspace. This is not a tamper-proof production audit log.
src/pages/dashboard/WorkspaceTools.jsx	33	HEADLINE	LONG_HEADING	Changes to your resources and preferences will appear here.
src/pages/dashboard/WorkspaceTools.jsx	34	BODY	-	This workspace is unavailable.
src/pages/dashboard/WorkspaceTools.jsx	37	BODY	-	Saved to this workspace.
src/pages/dashboard/WorkspaceTools.jsx	38	BODY	-	v-button primary
src/pages/dashboard/WorkspaceTools.jsx	39	HEADLINE	-	Start from a curated journey
src/pages/dashboard/WorkspaceTools.jsx	39	HEADLINE	-	Editable demo outline
src/pages/dashboard/WorkspaceTools.jsx	40	META-placeholder	-	Search saved items
src/pages/dashboard/WorkspaceTools.jsx	40	BODY	-	Search saved items
src/pages/dashboard/WorkspaceTools.jsx	41	BODY	-	Restored to drafts.
src/pages/dashboard/WorkspaceTools.jsx	41	BODY	-	Archived. Use Restore to bring it back.
src/pages/dashboard/WorkspaceTools.jsx	41	LABEL	-	No matching items
src/pages/dashboard/WorkspaceTools.jsx	41	BODY	-	Try another search.
src/pages/dashboard/WorkspaceTools.jsx	41	BODY	-	Use a clear goal and save a first draft. You can refine it at any time.
src/pages/dashboard/WorkspaceTools.jsx	42	LABEL	-	Create
src/pages/dashboard/WorkspaceTools.jsx	42	BODY	-	Review objectives, content, misconceptions, checks, language, and sources before assigning.
src/pages/dashboard/WorkspaceTools.jsx	42	BODY	-	Your changes stay in this local workspace.
src/pages/dashboard/WorkspaceTools.jsx	42	BODY	-	Purpose, members, schedule and curriculum
src/pages/dashboard/WorkspaceTools.jsx	42	LABEL	-	Outline and notes
src/pages/dashboard/WorkspaceTools.jsx	42	BUTTON	-	Title
src/pages/dashboard/WorkspaceTools.jsx	42	BUTTON	-	Status
src/pages/dashboard/WorkspaceTools.jsx	42	BUTTON	-	Audience
src/pages/dashboard/WorkspaceTools.jsx	42	BUTTON	-	Save draft
src/pages/dashboard/WorkspaceTools.jsx	42	BUTTON	-	Preview as learner
src/pages/dashboard/WorkspaceTools.jsx	42	BUTTON	-	Export
src/pages/dashboard/WorkspaceTools.jsx	43	LABEL	-	Learner preview
src/pages/dashboard/WorkspaceTools.jsx	43	LABEL	-	Unfinished question
src/pages/dashboard/WorkspaceTools.jsx	43	SUBHEAD	-	Preview only. This does not record learner evidence.
src/pages/dashboard/WorkspaceTools.jsx	43	SUBHEAD	-	Questions for learners
src/pages/dashboard/WorkspaceTools.jsx	46	LABEL	-	Learning objective
src/pages/dashboard/WorkspaceTools.jsx	46	LABEL	-	Activity
src/pages/dashboard/WorkspaceTools.jsx	46	LABEL	-	Recorded answers
src/pages/dashboard/WorkspaceTools.jsx	46	LABEL	-	Your confidence
src/pages/dashboard/WorkspaceTools.jsx	46	LABEL	-	Not reported
src/pages/dashboard/WorkspaceTools.jsx	46	HEADLINE	-	Your learning evidence
src/pages/dashboard/WorkspaceTools.jsx	46	HEADLINE	TITLE_CASE LONG_HEADING	Completion is an activity state. Accuracy comes from answers. Confidence is your self-report. Mastery requires varied evidence and delayed recall.
src/pages/dashboard/WorkspaceTools.jsx	46	HEADLINE	-	From your guided learning
src/pages/dashboard/WorkspaceTools.jsx	46	HEADLINE	-	Open
src/pages/dashboard/WorkspaceTools.jsx	46	HEADLINE	-	How is this calculated?
src/pages/dashboard/WorkspaceTools.jsx	46	HEADLINE	-	Review this journey
src/pages/dashboard/WorkspaceTools.jsx	46	HEADLINE	-	Your evidence starts with an activity
src/pages/dashboard/WorkspaceTools.jsx	46	HEADLINE	-	Start with Guide
src/pages/dashboard/WorkspaceTools.jsx	47	BODY	-	Local learning memory cleared. Previously retained observations will not be reconstructed.
src/pages/dashboard/WorkspaceTools.jsx	47	HEADLINE	-	Your local learning memory
src/pages/dashboard/WorkspaceTools.jsx	47	HEADLINE	TITLE_CASE LONG_HEADING AI_SLOP(em-dash)	This contains structured activity only—not your message text. Clearing it does not delete your projects, conversations, learning evidence, or required audit events.
src/pages/dashboard/WorkspaceTools.jsx	47	HEADLINE	-	No retained observations in this workspace.
src/pages/dashboard/WorkspaceTools.jsx	47	HEADLINE	-	Clear learning memory
src/pages/dashboard/WorkspaceTools.jsx	47	HEADLINE	-	Clear learning memory?
src/pages/dashboard/WorkspaceTools.jsx	47	HEADLINE	TITLE_CASE LONG_HEADING	Your retained activity observations will be removed from this local workspace. Learning evidence and projects remain. This does not delete backend data because no backend is connected.
src/pages/dashboard/WorkspaceTools.jsx	47	HEADLINE	-	Keep memory
src/pages/dashboard/WorkspaceTools.jsx	47	HEADLINE	-	Clear memory
src/pages/dashboard/WorkspaceTools.jsx	48	LABEL	-	Privacy & consent
src/pages/dashboard/WorkspaceTools.jsx	48	BODY	-	Make Guide work for you
src/pages/dashboard/WorkspaceTools.jsx	48	LABEL	-	Teaching language
src/pages/dashboard/WorkspaceTools.jsx	48	LABEL	-	Interface language
src/pages/dashboard/WorkspaceTools.jsx	48	BODY	-	Preference saved.
src/pages/dashboard/WorkspaceTools.jsx	48	BODY	-	Show source-language explanation alongside teaching
src/pages/dashboard/WorkspaceTools.jsx	48	LABEL	-	Prefer text alternatives
src/pages/dashboard/WorkspaceTools.jsx	48	BODY	-	Use my explicit preferences for personalization
src/pages/dashboard/WorkspaceTools.jsx	48	BODY	-	Audio interaction: speak with Visionary and hear replies. The Guide panel shows listening and speaking states when audio is active. Text remains available when audio is off or unavailable.
src/pages/dashboard/WorkspaceTools.jsx	48	HEADLINE	LONG_HEADING	Your preferences have a purpose and a visible scope. This is a local preview, not verified cloud security.
src/pages/dashboard/WorkspaceTools.jsx	48	HEADLINE	-	Language and accessibility
src/pages/dashboard/WorkspaceTools.jsx	48	HEADLINE	-	English
src/pages/dashboard/WorkspaceTools.jsx	48	HEADLINE	TITLE_CASE AI_SLOP(em-dash)	Vision Boy — the sky sphere
src/pages/dashboard/WorkspaceTools.jsx	48	HEADLINE	TITLE_CASE AI_SLOP(em-dash)	Vision Girl — the glowing bars
src/pages/dashboard/WorkspaceTools.jsx	48	HEADLINE	LONG_HEADING	Open the Guide control to preview either visual style and see the microphone state. The styles share the same conversations and learning.
src/pages/dashboard/WorkspaceTools.jsx	48	HEADLINE	-	What Guide remembers
src/pages/dashboard/WorkspaceTools.jsx	48	HEADLINE	-	Reset personalization
src/pages/dashboard/WorkspaceTools.jsx	48	HEADLINE	-	Sharing boundaries
src/pages/dashboard/WorkspaceTools.jsx	48	HEADLINE	TITLE_CASE LONG_HEADING	Personal doubts, notes and project drafts stay private. Family billing does not grant guardian access. Organization access is limited to the work explicitly assigned or shared.
src/pages/dashboard/WorkspaceTools.jsx	48	HEADLINE	-	Export this workspace
src/pages/dashboard/WorkspaceTools.jsx	48	HEADLINE	-	Local demo connections
src/pages/dashboard/WorkspaceTools.jsx	48	HEADLINE	-	Demo account email
src/pages/dashboard/WorkspaceTools.jsx	48	HEADLINE	-	Request connection
src/pages/dashboard/WorkspaceTools.jsx	48	HEADLINE	-	Accept
src/pages/dashboard/WorkspaceTools.jsx	48	HEADLINE	-	Revoke
src/pages/dashboard/WorkspaceTools.jsx	48	HEADLINE	-	No accepted sharing relationships.
src/pages/DemoPreview.jsx	8	BODY	-	This development page is unavailable.
src/pages/DemoPreview.jsx	10	HEADLINE	-	Visionary demo scenarios
src/pages/DemoPreview.jsx	10	HEADLINE	TITLE_CASE LONG_HEADING	Fictional accounts, local data, curated responses. No email, real verification, or payments. Adult personas can switch among all five roles.
src/pages/DemoPreview.jsx	10	HEADLINE	TITLE_CASE LONG_HEADING	Connected fixtures: Dev teaches Aarav, Nila teaches Maya, and both classes belong to the demo school. Anika has separate progress-sharing permission for both children. Ira is connected to the demo company. These are simulated relationships, not verified permissions.
src/pages/DemoPreview.jsx	10	HEADLINE	-	Guide service condition
src/pages/DemoPreview.jsx	10	HEADLINE	-	Normal
src/pages/DemoPreview.jsx	10	HEADLINE	-	Offline simulation
src/pages/DemoPreview.jsx	10	HEADLINE	-	Service failure simulation
src/pages/ForgotPassword.jsx	28	HEADLINE	-	Forgot your password?
src/pages/ForgotPassword.jsx	29	BODY	-	We'll help you reset it and get back to learning.
src/pages/ForgotPassword.jsx	42	HEADLINE	-	Check your email
src/pages/ForgotPassword.jsx	47	BUTTON	-	Back to sign in
src/pages/ForgotPassword.jsx	50	BUTTON	-	Sign up
src/pages/ForgotPassword.jsx	58	LABEL	-	Email address
src/pages/ForgotPassword.jsx	70	BODY	-	Don't have an account?
src/pages/ForgotPassword.jsx	75	LABEL	-	Send reset link
src/pages/ForgotUserId.jsx	22	HEADLINE	-	Find your email or user ID
src/pages/ForgotUserId.jsx	23	BODY	-	We'll help you recover your account access.
src/pages/ForgotUserId.jsx	36	HEADLINE	-	Check your messages
src/pages/ForgotUserId.jsx	41	BUTTON	-	Back to sign in
src/pages/ForgotUserId.jsx	44	BUTTON	-	Sign up
src/pages/ForgotUserId.jsx	52	LABEL	-	Phone number or recovery email
src/pages/ForgotUserId.jsx	63	BODY	-	Remember your email?
src/pages/ForgotUserId.jsx	68	LABEL	-	Continue
src/pages/landing/AboutUsPage.jsx	23	LABEL	-	Students
src/pages/landing/AboutUsPage.jsx	23	BODY	-	From first concepts to higher education and learning on your own.
src/pages/landing/AboutUsPage.jsx	24	LABEL	-	Teachers
src/pages/landing/AboutUsPage.jsx	24	BODY	-	Plan, explain, and support the people learning with you.
src/pages/landing/AboutUsPage.jsx	25	LABEL	-	Parents
src/pages/landing/AboutUsPage.jsx	25	BODY	-	Understand progress and support the next step at home.
src/pages/landing/AboutUsPage.jsx	26	LABEL	-	College & careers
src/pages/landing/AboutUsPage.jsx	26	BODY	-	Turn study and experience into practical skills and work.
src/pages/landing/AboutUsPage.jsx	27	LABEL	-	Organizations
src/pages/landing/AboutUsPage.jsx	27	BODY	-	Connect learning across classrooms, teams, and institutions.
src/pages/landing/AboutUsPage.jsx	34	BODY	-	Give each person a way to revisit what they missed, ask in their own words, and keep moving with more confidence.
src/pages/landing/AboutUsPage.jsx	35	BODY	-	Make learning easier to understand for educators and families, so their support can meet the person where they are.
src/pages/landing/AboutUsPage.jsx	36	BODY	-	Help people connect what they already know to the skills, decisions, and opportunities in front of them.
src/pages/landing/AboutUsPage.jsx	42	HEADLINE	-	Find a way in
src/pages/landing/AboutUsPage.jsx	42	BODY	-	An early question becomes something a person can understand.
src/pages/landing/AboutUsPage.jsx	43	HEADLINE	-	Grow with support
src/pages/landing/AboutUsPage.jsx	43	BODY	-	Teachers, families, and mentors help progress take shape.
src/pages/landing/AboutUsPage.jsx	44	HEADLINE	-	Choose what comes next
src/pages/landing/AboutUsPage.jsx	44	BODY	-	Learning becomes a skill, a project, or a new direction.
src/pages/landing/AboutUsPage.jsx	45	HEADLINE	-	Keep growing
src/pages/landing/AboutUsPage.jsx	45	BODY	-	Experience continues through work, change, and helping others.
src/pages/landing/AboutUsPage.jsx	49	LABEL	-	Research
src/pages/landing/AboutUsPage.jsx	49	BODY	-	The questions and ideas shaping our approach.
src/pages/landing/AboutUsPage.jsx	50	LABEL	-	Careers
src/pages/landing/AboutUsPage.jsx	50	BODY	-	Meet the work and find your place in the team.
src/pages/landing/AboutUsPage.jsx	51	LABEL	-	Safety
src/pages/landing/AboutUsPage.jsx	51	BODY	-	How we think about safer use and clear reporting.
src/pages/landing/AboutUsPage.jsx	52	LABEL	-	Updates
src/pages/landing/AboutUsPage.jsx	52	BODY	-	Follow what is changing across the product.
src/pages/landing/AboutUsPage.jsx	86	BODY	-	Why Visionary exists
src/pages/landing/AboutUsPage.jsx	87	BODY	-	mt-5 grid gap-9 lg:grid-cols-[1.15fr_0.85fr] lg:items-end lg:gap-20
src/pages/landing/AboutUsPage.jsx	88	HEADLINE	-	Understanding should open the next door.
src/pages/landing/AboutUsPage.jsx	89	BODY	-	People move between classrooms, homes, work, and new ambitions. Too often, what they have learned gets left behind at each change. We are building Visionary so understanding can grow with them.
src/pages/landing/AboutUsPage.jsx	93	BODY	-	Our mission
src/pages/landing/AboutUsPage.jsx	96	BODY	EM_DASH(body)	Build AI intelligence for anyone, anywhere — from student to organization — in India's native languages
src/pages/landing/AboutUsPage.jsx	100	HEADLINE	-	One intelligence across every learner
src/pages/landing/AboutUsPage.jsx	103	LABEL	TITLE_CASE	Benefits at Google
src/pages/landing/AboutUsPage.jsx	105	BUTTON	-	See how it works
src/pages/landing/AboutUsPage.jsx	114	BODY	-	grid gap-8 lg:grid-cols-[1fr_0.8fr] lg:items-end lg:gap-20
src/pages/landing/AboutUsPage.jsx	115	HEADLINE	-	The difference we want to make
src/pages/landing/AboutUsPage.jsx	115	HEADLINE	LONG_HEADING	AI can make the next step clearer for more people.
src/pages/landing/AboutUsPage.jsx	116	BODY	-	The challenge is bigger than answering a question. It is helping people keep their context, understand their choices, and use what they know as life changes.
src/pages/landing/AboutUsPage.jsx	124	BODY	-	What Visionary is building toward
src/pages/landing/AboutUsPage.jsx	129	BODY	-	See how Visionary works
src/pages/landing/AboutUsPage.jsx	137	HEADLINE	-	For every perspective
src/pages/landing/AboutUsPage.jsx	137	HEADLINE	TITLE_CASE	Different people. One connected journey.
src/pages/landing/AboutUsPage.jsx	137	HEADLINE	LONG_HEADING	Find the experience that fits your work today. Visionary can keep growing with where you go next.
src/pages/landing/AboutUsPage.jsx	145	BODY	-	Explore
src/pages/landing/AboutUsPage.jsx	155	BODY	-	grid gap-8 lg:grid-cols-[1.1fr_0.9fr] lg:items-end lg:gap-20
src/pages/landing/AboutUsPage.jsx	156	HEADLINE	-	A life in motion
src/pages/landing/AboutUsPage.jsx	156	HEADLINE	TITLE_CASE	One journey. Many beginnings.
src/pages/landing/AboutUsPage.jsx	157	BODY	PASSIVE	A first lesson, a new skill, a different career, and the chance to guide someone else are not separate stories. Visionary is designed for learning that continues through them all.
src/pages/landing/AboutUsPage.jsx	169	BODY	-	Wherever someone begins, what they learn should remain useful for what comes next.
src/pages/landing/AboutUsPage.jsx	169	BODY	-	See how it works
src/pages/landing/AboutUsPage.jsx	177	HEADLINE	-	Explore further
src/pages/landing/AboutUsPage.jsx	177	HEADLINE	-	The work around the product.
src/pages/landing/AboutUsPage.jsx	181	BODY	-	flex items-center justify-center
src/pages/landing/AboutUsPage.jsx	193	HEADLINE	-	Start where you are
src/pages/landing/AboutUsPage.jsx	193	HEADLINE	-	There is a place for you in Visionary.
src/pages/landing/AboutUsPage.jsx	193	HEADLINE	-	Get started
src/pages/landing/AboutUsPage.jsx	193	HEADLINE	-	Contact Visionary
src/pages/landing/AccessibilityPage.jsx	3	BODY	-	Accessibility as AccessibilityIcon, ArrowUpRight
src/pages/landing/AccessibilityPage.jsx	4	BODY	-	Lock, Monitor, Smartphone, Tablet, UsersRound
src/pages/landing/AccessibilityPage.jsx	43	SUBHEAD	-	Seeing and reading
src/pages/landing/AccessibilityPage.jsx	44	BODY	-	Make information easier
src/pages/landing/AccessibilityPage.jsx	45	BODY	-	Visual presentation decides whether information is easy to understand or difficult to reach.
src/pages/landing/AccessibilityPage.jsx	48	HEADLINE	-	Clear structure
src/pages/landing/AccessibilityPage.jsx	48	BODY	-	Information stays structured when people enlarge text, zoom the page, or change how they view it.
src/pages/landing/AccessibilityPage.jsx	49	HEADLINE	-	Readable contrast
src/pages/landing/AccessibilityPage.jsx	49	BODY	-	Clear hierarchy, readable typography, sufficient contrast, and meaningful labels throughout.
src/pages/landing/AccessibilityPage.jsx	50	HEADLINE	-	Zoom & text scaling
src/pages/landing/AccessibilityPage.jsx	50	BODY	EM_DASH(body)	Works with browser and operating-system features — zoom, text scaling, high contrast, and color preferences where available.
src/pages/landing/AccessibilityPage.jsx	51	HEADLINE	-	Reduced motion
src/pages/landing/AccessibilityPage.jsx	51	BODY	-	Movement respects the reduced-motion setting you already chose on your device.
src/pages/landing/AccessibilityPage.jsx	56	SUBHEAD	-	Hearing and speaking
src/pages/landing/AccessibilityPage.jsx	57	BODY	-	Use your voice
src/pages/landing/AccessibilityPage.jsx	58	BODY	-	Voice can make interaction more natural for people who cannot, or prefer not to, rely on typing and reading alone.
src/pages/landing/AccessibilityPage.jsx	61	HEADLINE	-	Ask with your voice
src/pages/landing/AccessibilityPage.jsx	61	BODY	-	Voice interaction provides another path into a question, explanation, or learning activity.
src/pages/landing/AccessibilityPage.jsx	62	HEADLINE	-	Hear information
src/pages/landing/AccessibilityPage.jsx	62	BODY	-	Spoken output makes explanations easier to follow when reading is difficult or tiring.
src/pages/landing/AccessibilityPage.jsx	63	HEADLINE	-	Keep the conversation going
src/pages/landing/AccessibilityPage.jsx	64	HEADLINE	-	Availability, honestly
src/pages/landing/AccessibilityPage.jsx	64	BODY	EM_DASH(body)	Voice, audio, and caption availability can vary by device, browser, and language — Visionary identifies these options where they exist.
src/pages/landing/AccessibilityPage.jsx	69	SUBHEAD	-	Motor and navigation
src/pages/landing/AccessibilityPage.jsx	70	BODY	-	Operated the way
src/pages/landing/AccessibilityPage.jsx	71	BODY	-	An accessible interface is also an interface that can be operated predictably.
src/pages/landing/AccessibilityPage.jsx	74	HEADLINE	-	Keyboard navigation
src/pages/landing/AccessibilityPage.jsx	74	BODY	-	The experience supports keyboard interaction with a logical navigation order.
src/pages/landing/AccessibilityPage.jsx	75	HEADLINE	-	Visible focus
src/pages/landing/AccessibilityPage.jsx	75	BODY	-	Clear focus states show where you are, what changed, and what you can do next.
src/pages/landing/AccessibilityPage.jsx	76	HEADLINE	-	Usable touch targets
src/pages/landing/AccessibilityPage.jsx	76	BODY	-	Controls are sized and spaced for real hands on real screens.
src/pages/landing/AccessibilityPage.jsx	77	HEADLINE	-	Your device's controls
src/pages/landing/AccessibilityPage.jsx	77	BODY	-	Works with the input methods and assistive features built into a person's device.
src/pages/landing/AccessibilityPage.jsx	82	SUBHEAD	-	Language and understanding
src/pages/landing/AccessibilityPage.jsx	83	BODY	-	The same idea,
src/pages/landing/AccessibilityPage.jsx	84	BODY	-	Understanding should not depend on one language, one format, or one interaction style.
src/pages/landing/AccessibilityPage.jsx	87	HEADLINE	-	Three languages today
src/pages/landing/AccessibilityPage.jsx	87	BODY	EM_DASH(body)	Language journeys run in English, Hindi, and Bengali — with more on the roadmap.
src/pages/landing/AccessibilityPage.jsx	88	HEADLINE	-	Plain language
src/pages/landing/AccessibilityPage.jsx	88	BODY	-	The interface favors clear, understandable wording over jargon.
src/pages/landing/AccessibilityPage.jsx	89	HEADLINE	-	Human-reviewed answers
src/pages/landing/AccessibilityPage.jsx	89	BODY	EM_DASH(body)	One tap on any answer flags it for human review — usually within 24 hours.
src/pages/landing/AccessibilityPage.jsx	90	HEADLINE	-	Choice of mode
src/pages/landing/AccessibilityPage.jsx	90	BODY	EM_DASH(body)	Read, hear, speak, or navigate — accessibility increases choice instead of forcing one style on everyone.
src/pages/landing/AccessibilityPage.jsx	97	LABEL	-	Help center
src/pages/landing/AccessibilityPage.jsx	97	BODY	-	Guides for setup, classrooms, and every persona.
src/pages/landing/AccessibilityPage.jsx	98	LABEL	-	Download Visionary
src/pages/landing/AccessibilityPage.jsx	98	BODY	EM_DASH(body)	Web, desktop, and mobile — the platforms sync covers.
src/pages/landing/AccessibilityPage.jsx	99	LABEL	-	Security and sync
src/pages/landing/AccessibilityPage.jsx	99	BODY	-	How the Sync Encrypted ID protects what moves between devices.
src/pages/landing/AccessibilityPage.jsx	100	LABEL	-	Privacy policy
src/pages/landing/AccessibilityPage.jsx	100	BODY	-	What information is handled, why, and the choices you have.
src/pages/landing/AccessibilityPage.jsx	106	BODY	-	Icon: AccessibilityIcon
src/pages/landing/AccessibilityPage.jsx	107	HEADLINE	-	Built in, not bolted on
src/pages/landing/AccessibilityPage.jsx	108	BODY	EM_DASH(body)	Accessibility is part of product decisions, interface design, engineering, testing, and research — not something added after the product is finished.
src/pages/landing/AccessibilityPage.jsx	111	BODY	-	Icon: UsersRound
src/pages/landing/AccessibilityPage.jsx	112	HEADLINE	-	Tested with people
src/pages/landing/AccessibilityPage.jsx	116	BODY	-	Icon: Lock
src/pages/landing/AccessibilityPage.jsx	117	HEADLINE	-	Honest about limits
src/pages/landing/AccessibilityPage.jsx	118	BODY	PASSIVE	We avoid accessibility claims the product cannot support, and we say plainly what is still being built.
src/pages/landing/AccessibilityPage.jsx	127	LABEL	-	Accessibility
src/pages/landing/AccessibilityPage.jsx	132	BODY	-	Accessibility
src/pages/landing/AccessibilityPage.jsx	137	BODY	-	One product, many ways in: vision, hearing, movement, thinking, and language on the device you have
src/pages/landing/AccessibilityPage.jsx	144	BODY	-	Explore what's built in
src/pages/landing/AccessibilityPage.jsx	147	META-aria	-	On this page
src/pages/landing/AccessibilityPage.jsx	148	BODY	-	Seeing and reading
src/pages/landing/AccessibilityPage.jsx	149	BODY	-	Hearing and speaking
src/pages/landing/AccessibilityPage.jsx	150	BODY	-	Motor and navigation
src/pages/landing/AccessibilityPage.jsx	151	BODY	-	Language and understanding
src/pages/landing/AccessibilityPage.jsx	163	BODY	-	It is to give more people a way in.
src/pages/landing/AccessibilityPage.jsx	166	BODY	-	Accessibility shapes the product experience. It changes how information appears, how people interact with Visionary, and how easily someone can keep going when the usual path does not work
src/pages/landing/AccessibilityPage.jsx	169	BODY	-	flex justify-center lg:justify-end
src/pages/landing/AccessibilityPage.jsx	170	HEADLINE	-	The universal accessibility symbol inside a blue ring
src/pages/landing/AccessibilityPage.jsx	210	BODY	-	Anywhere.
src/pages/landing/AccessibilityPage.jsx	213	BODY	EM_DASH(body)	Sign in with your Sync Encrypted ID and your learning follows you — end to end encrypted. Your questions, progress, and memory arrive as they were, and only you can open them. Start on a school laptop, continue on a phone, finish on a home desktop
src/pages/landing/AccessibilityPage.jsx	217	BODY	EM_DASH(body)	End to end encrypted — the key stays with you
src/pages/landing/AccessibilityPage.jsx	224	BODY	-	How sync works
src/pages/landing/AccessibilityPage.jsx	230	BODY	-	Review your devices
src/pages/landing/AccessibilityPage.jsx	238	LABEL	-	Computer
src/pages/landing/AccessibilityPage.jsx	239	LABEL	-	Tablet
src/pages/landing/AccessibilityPage.jsx	240	LABEL	-	Phone
src/pages/landing/AccessibilityPage.jsx	254	BODY	EM_DASH(body)	One Sync Encrypted ID — the encryption stays with your account, not with the device
src/pages/landing/AccessibilityPage.jsx	265	BODY	-	Resources
src/pages/landing/AccessibilityPage.jsx	267	BODY	-	Start at your own pace
src/pages/landing/AccessibilityPage.jsx	270	BODY	EM_DASH(body)	Move at your own speed — every resource below is free to read, and the team answers every barrier report
src/pages/landing/AccessibilityPage.jsx	292	BODY	-	Tell us what is missing
src/pages/landing/AccessibilityPage.jsx	306	BODY	-	Our commitment
src/pages/landing/AccessibilityPage.jsx	309	BODY	PASSIVE	Accessibility is not a checkbox that gets completed once. It is part of how Visionary is designed, built, and tested
src/pages/landing/AccessibilityPage.jsx	334	BODY	PASSIVE EM_DASH(body)	Visionary is built around the idea that people learn differently. Accessibility is part of making that idea real — and your feedback is part of building it
src/pages/landing/AccessibilityPage.jsx	347	BODY	-	Explore the product
src/pages/landing/AILearningPage.jsx	27	BODY	-	Student: studentImage
src/pages/landing/AILearningPage.jsx	28	BODY	-	Teacher: teacherImage
src/pages/landing/AILearningPage.jsx	29	BODY	-	Parent: parentImage
src/pages/landing/AILearningPage.jsx	30	BODY	-	Professional: professionalImage
src/pages/landing/AILearningPage.jsx	31	BODY	-	Organization: organizationImage
src/pages/landing/AILearningPage.jsx	70	META-aria	-	Billing period
src/pages/landing/AILearningPage.jsx	80	LABEL	-	Monthly
src/pages/landing/AILearningPage.jsx	80	LABEL	-	Annual
src/pages/landing/AILearningPage.jsx	124	BODY	-	Pricing shaped with you · pilots available
src/pages/landing/AILearningPage.jsx	126	BODY	-	Free forever · no card required
src/pages/landing/AILearningPage.jsx	129	LABEL	-	Billed monthly
src/pages/landing/AILearningPage.jsx	146	BODY	-	mt-0.5 h-4 w-4 shrink-0
src/pages/landing/AILearningPage.jsx	167	BODY	-	Start free. Find the right fit for yourself, your family, or your organization
src/pages/landing/AILearningPage.jsx	178	BODY	-	Prices in INR · Taxes may apply · Education discounts available
src/pages/landing/AILearningPage.jsx	192	HEADLINE	-	Every journey has a plan.
src/pages/landing/AILearningPage.jsx	225	HEADLINE	-	See exactly what you get.
src/pages/landing/AILearningPage.jsx	231	BODY	-	Features
src/pages/landing/AILearningPage.jsx	232	LABEL	-	Personal
src/pages/landing/AILearningPage.jsx	232	LABEL	-	Family
src/pages/landing/AILearningPage.jsx	232	LABEL	-	Institution
src/pages/landing/AILearningPage.jsx	264	BODY	-	Cancel anytime · Your memory stays yours · Education discounts for students & teachers
src/pages/landing/AILearningPage.jsx	284	BODY	-	Questions about pricing, answered
src/pages/landing/AILearningPage.jsx	294	BODY	-	grid-rows-[1fr] opacity-100
src/pages/landing/AILearningPage.jsx	294	BODY	-	grid-rows-[0fr] opacity-0
src/pages/landing/AILearningPage.jsx	315	HEADLINE	TITLE_CASE	Your journey is already happening. Start free.
src/pages/landing/AILearningPage.jsx	317	BODY	-	Begin with a question today. Upgrade only when Visionary has earned it
src/pages/landing/AILearningPage.jsx	321	BODY	-	Get started
src/pages/landing/AILearningPage.jsx	324	BODY	-	Talk to sales
src/pages/landing/AILearningPage.jsx	337	LABEL	-	Pricing
src/pages/landing/CareerPage.jsx	20	LABEL	-	Career
src/pages/landing/CareerPage.jsx	22	LABEL	-	Career growth
src/pages/landing/CareerPage.jsx	23	SUBHEAD	-	Career growth
src/pages/landing/CareerPage.jsx	24	BODY	-	Grow your
src/pages/landing/CareerPage.jsx	25	BODY	-	The gap, the path, and the proof you build.
src/pages/landing/CareerPage.jsx	28	LABEL	-	Placement rate
src/pages/landing/CareerPage.jsx	29	LABEL	-	Partner companies
src/pages/landing/CareerPage.jsx	30	LABEL	-	Portfolio projects
src/pages/landing/CareerPage.jsx	31	LABEL	-	Career pathfinder
src/pages/landing/CareerPage.jsx	34	SUBHEAD	-	Features
src/pages/landing/CareerPage.jsx	35	HEADLINE	-	Everything you need to launch your career
src/pages/landing/CareerPage.jsx	36	SUBHEAD	AI_SLOP(em-dash)	From skill gaps to job offer — Visionary guides every step.
src/pages/landing/CareerPage.jsx	39	HEADLINE	-	Skill gap analysis
src/pages/landing/CareerPage.jsx	40	HEADLINE	-	Job-ready learning
src/pages/landing/CareerPage.jsx	40	BODY	-	Industry-aligned courses and projects that match what employers actually hire for.
src/pages/landing/CareerPage.jsx	41	HEADLINE	-	Portfolio builder
src/pages/landing/CareerPage.jsx	41	BODY	-	Build real projects with AI mentorship that demonstrate skills to employers.
src/pages/landing/CareerPage.jsx	42	HEADLINE	-	Recruiter connect
src/pages/landing/CareerPage.jsx	42	BODY	-	Your Visionary profile goes directly to 500+ partner companies looking for skilled graduates.
src/pages/landing/CareerPage.jsx	46	SUBHEAD	-	Career pathway
src/pages/landing/CareerPage.jsx	47	HEADLINE	-	From first lesson to first job
src/pages/landing/CareerPage.jsx	50	HEADLINE	-	Map your goal
src/pages/landing/CareerPage.jsx	51	HEADLINE	-	Build skills intelligently
src/pages/landing/CareerPage.jsx	51	BODY	-	AI-curated learning path with real-world projects and mentor support
src/pages/landing/CareerPage.jsx	52	HEADLINE	-	Create your portfolio
src/pages/landing/CareerPage.jsx	52	BODY	-	Guided projects that become evidence of your skills for employers
src/pages/landing/CareerPage.jsx	53	BODY	-	AI-optimized resume, interview prep, and direct recruiter connections
src/pages/landing/CareerPage.jsx	58	BODY	-	I graduated with a computer science degree and couldn't get interviews. Visionary helped me build three real projects in six weeks and connected me with recruiters. I had an offer within a month.
src/pages/landing/CareerPage.jsx	59	LABEL	TITLE_CASE	Rohan Malhotra
src/pages/landing/CareerPage.jsx	60	LABEL	TITLE_CASE	Software Engineer · Bengaluru
src/pages/landing/CareerPage.jsx	65	BODY	-	Questions
src/pages/landing/CareerPage.jsx	66	HEADLINE	-	Frequently asked
src/pages/landing/CareerPage.jsx	70	BODY	-	Which industries does Visionary cover?
src/pages/landing/CareerPage.jsx	70	BODY	-	Technology, finance, healthcare, education, and law are currently supported, with more domains being added every quarter.
src/pages/landing/CareerPage.jsx	71	BODY	-	Are the portfolio projects real or fake?
src/pages/landing/CareerPage.jsx	71	BODY	EM_DASH(body)	Real. Visionary's Build App guides you through building functioning products — not toy exercises. Employers see working code and live projects.
src/pages/landing/CareerPage.jsx	72	BODY	-	Do I need prior experience?
src/pages/landing/CareerPage.jsx	72	BODY	EM_DASH(body)	No. Visionary adapts to where you are — whether you're a fresh graduate or changing careers. The AI builds your plan from your current baseline.
src/pages/landing/CareerPage.jsx	73	BODY	-	How does the recruiter connection work?
src/pages/landing/CareerPage.jsx	73	BODY	EM_DASH(body)	Partner companies have access to Visionary's talent pool. When your profile matches their requirements, you get a direct introduction — no middlemen.
src/pages/landing/CareerPage.jsx	80	HEADLINE	-	Ready to launch your career?
src/pages/landing/CareerPage.jsx	80	BODY	-	Start building the skills and portfolio that get you hired.
src/pages/landing/CareersPage.jsx	51	HEADLINE	-	Engineering
src/pages/landing/CareersPage.jsx	51	BODY	-	Build the application experiences and the systems learners use every day.
src/pages/landing/CareersPage.jsx	51	BODY	-	An engineer working across screens and systems
src/pages/landing/CareersPage.jsx	52	HEADLINE	-	Product and strategy
src/pages/landing/CareersPage.jsx	52	BODY	-	Turn learner needs and open questions into useful product decisions.
src/pages/landing/CareersPage.jsx	52	BODY	-	Teammates talking through a product decision at a desk
src/pages/landing/CareersPage.jsx	53	HEADLINE	-	Design
src/pages/landing/CareersPage.jsx	53	BODY	-	Make learning tools clear, usable, and more accessible.
src/pages/landing/CareersPage.jsx	53	BODY	-	A designer shaping a learning exercise on paper
src/pages/landing/CareersPage.jsx	54	HEADLINE	-	Learning and evaluation
src/pages/landing/CareersPage.jsx	54	BODY	-	A teammate reading closely to evaluate an idea
src/pages/landing/CareersPage.jsx	55	HEADLINE	-	Teaching and curriculum
src/pages/landing/CareersPage.jsx	55	BODY	-	Bring classroom practice and content expertise into product work.
src/pages/landing/CareersPage.jsx	55	BODY	-	A teacher explaining an idea at a whiteboard
src/pages/landing/CareersPage.jsx	56	HEADLINE	-	Company operations
src/pages/landing/CareersPage.jsx	56	BODY	-	Help coordinate the practical work of building an education product.
src/pages/landing/CareersPage.jsx	56	BODY	-	Teammates coordinating work in a shared workspace
src/pages/landing/CareersPage.jsx	60	BODY	-	A student pausing to think through a problem
src/pages/landing/CareersPage.jsx	61	BODY	-	A team discussing work in an organization meeting
src/pages/landing/CareersPage.jsx	62	BODY	-	A learner practising a vocational skill
src/pages/landing/CareersPage.jsx	63	BODY	-	A student moving forward into higher education
src/pages/landing/CareersPage.jsx	70	HEADLINE	-	Share your work.
src/pages/landing/CareersPage.jsx	72	HEADLINE	-	Decide with context.
src/pages/landing/CareersPage.jsx	127	LABEL	-	Home
src/pages/landing/CareersPage.jsx	128	LABEL	-	Why us
src/pages/landing/CareersPage.jsx	129	LABEL	-	Teams
src/pages/landing/CareersPage.jsx	130	LABEL	-	How we hire
src/pages/landing/CareersPage.jsx	131	LABEL	-	Open roles
src/pages/landing/CareersPage.jsx	132	LABEL	-	Contact
src/pages/landing/CareersPage.jsx	137	META-aria	-	Careers sections
src/pages/landing/CareersPage.jsx	160	META-aria	-	Careers sections
src/pages/landing/CareersPage.jsx	202	BODY	-	Search for your place at Visionary
src/pages/landing/CareersPage.jsx	206	BODY	-	Interested in
src/pages/landing/CareersPage.jsx	210	LABEL	-	Something else
src/pages/landing/CareersPage.jsx	210	BODY	-	Something else
src/pages/landing/CareersPage.jsx	214	BODY	-	Your email
src/pages/landing/CareersPage.jsx	249	BODY	-	A Visionary team member at work
src/pages/landing/CareersPage.jsx	265	BODY	-	life here
src/pages/landing/CareersPage.jsx	266	META-aria	-	Life at Visionary
src/pages/landing/CareersPage.jsx	284	BODY	-	Why Visionary
src/pages/landing/CareersPage.jsx	287	BODY	-	We are a small team solving a real learning problem: helping someone turn confusion into understanding
src/pages/landing/CareersPage.jsx	292	HEADLINE	-	Meaningful problems
src/pages/landing/CareersPage.jsx	292	BODY	-	Work tied to helping learners get through difficult ideas and apply what they learn.
src/pages/landing/CareersPage.jsx	293	HEADLINE	-	Early-stage impact
src/pages/landing/CareersPage.jsx	293	BODY	-	Your decisions ship to real learners quickly, with visible effect.
src/pages/landing/CareersPage.jsx	294	HEADLINE	-	Learning-centered
src/pages/landing/CareersPage.jsx	294	BODY	-	Product, design, and engineering work shaped by teaching and curriculum expertise.
src/pages/landing/CareersPage.jsx	319	BODY	EM_DASH(body)	Together, we build a product that helps people keep what they learn. These are areas of work, not advertised vacancies — current openings, if any, are listed below
src/pages/landing/CareersPage.jsx	331	BODY	-	Learn more
src/pages/landing/CareersPage.jsx	335	BODY	-	Introduce yourself
src/pages/landing/CareersPage.jsx	349	BODY	-	A student writing through a problem at her desk
src/pages/landing/CareersPage.jsx	353	BODY	-	How we hire
src/pages/landing/CareersPage.jsx	355	BODY	-	How to prepare for our hiring process
src/pages/landing/CareersPage.jsx	358	BODY	-	We are a small, early-stage team, so the process stays simple and honest at every step. Four steps, real people, no tricks
src/pages/landing/CareersPage.jsx	378	BODY	-	Open roles
src/pages/landing/CareersPage.jsx	388	SUBHEAD	-	No public roles listed right now.
src/pages/landing/CareersPage.jsx	390	BODY	EM_DASH(body)	There are no public vacancies at the moment. You can still introduce yourself — the work you share helps us know who to reach when something opens. Sending an introduction is not an application to a listed vacancy and does not guarantee a response
src/pages/landing/CareersPage.jsx	393	LABEL	-	General introduction — Visionary
src/pages/landing/CareersPage.jsx	395	BODY	-	Introduce yourself by email
src/pages/landing/CareersPage.jsx	399	BODY	-	How our process works
src/pages/landing/CareersPage.jsx	411	BODY	-	A fair process starts with clarity
src/pages/landing/CareersPage.jsx	416	BODY	-	We want career information and conversations with our team to be clear and respectful. This page does not describe a formal interview process or published accommodation program
src/pages/landing/CareersPage.jsx	421	LABEL	TITLE_CASE	Accessibility request — Careers
src/pages/landing/CareersPage.jsx	429	BODY	-	Visionary accessibility
src/pages/landing/CareersPage.jsx	440	BODY	-	What you learn here should stay with you
src/pages/landing/CareersPage.jsx	443	BODY	-	Understand deeply, build from what you know, carry the learning forward
src/pages/landing/CareersPage.jsx	446	LABEL	-	General introduction — Visionary
src/pages/landing/CareersPage.jsx	451	BODY	-	About Visionary
src/pages/landing/CoachingPage.jsx	4	BODY	-	UserPlus, Target, Compass, RefreshCw, Monitor, Laptop, Smartphone, Lock, ArrowRight
src/pages/landing/CoachingPage.jsx	5	BODY	-	GraduationCap, Users, HeartHandshake, Briefcase, Building2, MessageCircle, CircleCheck, Hammer, Sparkles
src/pages/landing/CoachingPage.jsx	110	BODY	-	step by step.
src/pages/landing/CoachingPage.jsx	110	BODY	-	your way.
src/pages/landing/CoachingPage.jsx	118	LABEL	-	Step 01
src/pages/landing/CoachingPage.jsx	119	LABEL	-	Sign up
src/pages/landing/CoachingPage.jsx	120	BODY	-	Icon: UserPlus
src/pages/landing/CoachingPage.jsx	121	HEADLINE	-	Create your account.
src/pages/landing/CoachingPage.jsx	122	BODY	-	Sign up free with your email or Google account. Already on Visionary? Sign in and pick up where you left off.
src/pages/landing/CoachingPage.jsx	123	BODY	-	Takes less than 30 seconds. Your journey starts here.
src/pages/landing/CoachingPage.jsx	127	LABEL	-	Step 02
src/pages/landing/CoachingPage.jsx	128	LABEL	-	Start as yourself
src/pages/landing/CoachingPage.jsx	129	BODY	-	Icon: Target
src/pages/landing/CoachingPage.jsx	130	HEADLINE	-	Start as yourself.
src/pages/landing/CoachingPage.jsx	131	BODY	EM_DASH(body)	Tell Visionary who you are and what you want to work on — it shapes everything around that from the first moment.
src/pages/landing/CoachingPage.jsx	132	BODY	EM_DASH(body)	Student · Teacher · Parent · Professional · Organization — one intelligence, shaped for you.
src/pages/landing/CoachingPage.jsx	136	LABEL	-	Step 03
src/pages/landing/CoachingPage.jsx	137	LABEL	-	Your space
src/pages/landing/CoachingPage.jsx	138	BODY	-	Icon: Compass
src/pages/landing/CoachingPage.jsx	139	HEADLINE	-	Step into your space.
src/pages/landing/CoachingPage.jsx	140	BODY	EM_DASH(body)	Your personal space shows what matters to you — your progress, your questions, your next step. Always ready, always yours.
src/pages/landing/CoachingPage.jsx	141	BODY	-	Ask, practise, and continue from one space that remembers your place.
src/pages/landing/CoachingPage.jsx	145	LABEL	-	Step 04
src/pages/landing/CoachingPage.jsx	146	LABEL	-	Stay connected
src/pages/landing/CoachingPage.jsx	147	BODY	-	Icon: RefreshCw
src/pages/landing/CoachingPage.jsx	148	HEADLINE	-	Stay connected.
src/pages/landing/CoachingPage.jsx	149	BODY	-	Your learning never resets. Visionary remembers your context, connects you to the people who matter, and keeps everything moving forward.
src/pages/landing/CoachingPage.jsx	150	BODY	-	Yesterday's work becomes today's foundation. Your journey is always connected.
src/pages/landing/CoachingPage.jsx	156	LABEL	TITLE_CASE	Step 01 · Sign up
src/pages/landing/CoachingPage.jsx	157	HEADLINE	-	your account.
src/pages/landing/CoachingPage.jsx	158	HEADLINE	-	Create
src/pages/landing/CoachingPage.jsx	159	BODY	-	Sign up free with your email or Google account. No credit card required.
src/pages/landing/CoachingPage.jsx	160	BODY	-	Takes less than 30 seconds. Your journey starts here.
src/pages/landing/CoachingPage.jsx	163	LABEL	TITLE_CASE	Step 01 · Sign in
src/pages/landing/CoachingPage.jsx	164	HEADLINE	-	your account.
src/pages/landing/CoachingPage.jsx	165	HEADLINE	-	Sign in
src/pages/landing/CoachingPage.jsx	166	BODY	-	Already on Visionary? Sign in and pick up exactly where you left off.
src/pages/landing/CoachingPage.jsx	167	BODY	EM_DASH(body)	Your space, your progress, your context — all waiting for you.
src/pages/landing/CoachingPage.jsx	173	LABEL	-	Student
src/pages/landing/CoachingPage.jsx	173	BODY	-	Learn with a companion that keeps your place.
src/pages/landing/CoachingPage.jsx	174	LABEL	-	Teacher
src/pages/landing/CoachingPage.jsx	174	BODY	-	See every learner and teach in your language.
src/pages/landing/CoachingPage.jsx	175	LABEL	-	Parent
src/pages/landing/CoachingPage.jsx	175	BODY	-	Follow your child's journey with confidence.
src/pages/landing/CoachingPage.jsx	176	LABEL	-	Professional
src/pages/landing/CoachingPage.jsx	176	BODY	-	Grow the skills your work demands next.
src/pages/landing/CoachingPage.jsx	177	LABEL	-	Organization
src/pages/landing/CoachingPage.jsx	177	BODY	-	Roll out learning across your institution.
src/pages/landing/CoachingPage.jsx	181	BODY	-	Today: Fractions → Decimals → Your first project
src/pages/landing/CoachingPage.jsx	181	LABEL	-	Student
src/pages/landing/CoachingPage.jsx	182	BODY	-	Today: 23 students ready · 5 need support · Lesson plan adapts
src/pages/landing/CoachingPage.jsx	182	LABEL	-	Teacher
src/pages/landing/CoachingPage.jsx	183	BODY	-	Today: Priya understood fractions · stuck on decimals · help tonight
src/pages/landing/CoachingPage.jsx	183	LABEL	-	Parent
src/pages/landing/CoachingPage.jsx	184	BODY	-	Today: Architecture review → trade-offs → ship with confidence
src/pages/landing/CoachingPage.jsx	184	LABEL	-	Professional
src/pages/landing/CoachingPage.jsx	185	BODY	-	Today: 847 learners · 12 gaps found · 3 next steps ready
src/pages/landing/CoachingPage.jsx	185	LABEL	-	Organization
src/pages/landing/CoachingPage.jsx	189	SUBHEAD	-	Student
src/pages/landing/CoachingPage.jsx	189	BODY	-	Explain this simply.
src/pages/landing/CoachingPage.jsx	189	BODY	-	I need to understand fractions.
src/pages/landing/CoachingPage.jsx	189	BODY	-	The explanation clicks. You try the first problem. It's saved for tomorrow.
src/pages/landing/CoachingPage.jsx	190	SUBHEAD	-	Teacher
src/pages/landing/CoachingPage.jsx	190	BODY	-	How should I explain this?
src/pages/landing/CoachingPage.jsx	190	BODY	-	Plan tomorrow's lesson for a mixed class.
src/pages/landing/CoachingPage.jsx	190	BODY	-	The lesson maps the gaps. You adapt before the bell rings.
src/pages/landing/CoachingPage.jsx	191	SUBHEAD	-	Parent
src/pages/landing/CoachingPage.jsx	191	BODY	-	How is Priya doing?
src/pages/landing/CoachingPage.jsx	191	BODY	-	Show me this week in one view.
src/pages/landing/CoachingPage.jsx	191	BODY	-	You see where she's stuck. You help before the test.
src/pages/landing/CoachingPage.jsx	192	SUBHEAD	-	Professional
src/pages/landing/CoachingPage.jsx	192	BODY	-	How do I improve this?
src/pages/landing/CoachingPage.jsx	192	BODY	-	Reason through this architecture with me.
src/pages/landing/CoachingPage.jsx	192	BODY	-	The trade-offs surface. You ship with confidence.
src/pages/landing/CoachingPage.jsx	193	SUBHEAD	-	Organization
src/pages/landing/CoachingPage.jsx	193	BODY	-	Where does my team need help?
src/pages/landing/CoachingPage.jsx	193	BODY	-	Show me progress across the cohort.
src/pages/landing/CoachingPage.jsx	193	BODY	-	You find the gap. You step in before results drop.
src/pages/landing/CoachingPage.jsx	202	BODY	-	h-2.5 w-2.5 rounded-full
src/pages/landing/CoachingPage.jsx	203	BODY	-	h-2.5 w-2.5 rounded-full
src/pages/landing/CoachingPage.jsx	204	BODY	-	h-2.5 w-2.5 rounded-full
src/pages/landing/CoachingPage.jsx	218	LABEL	-	Sign in
src/pages/landing/CoachingPage.jsx	218	LABEL	-	Sign up
src/pages/landing/CoachingPage.jsx	220	LABEL	-	Welcome back
src/pages/landing/CoachingPage.jsx	220	LABEL	-	Create your account
src/pages/landing/CoachingPage.jsx	224	BODY	-	Email address
src/pages/landing/CoachingPage.jsx	228	BODY	-	Your name
src/pages/landing/CoachingPage.jsx	232	BODY	-	Password
src/pages/landing/CoachingPage.jsx	238	LABEL	-	Sign in to Visionary
src/pages/landing/CoachingPage.jsx	238	BODY	-	Create a free Visionary account
src/pages/landing/CoachingPage.jsx	242	LABEL	-	Sign in
src/pages/landing/CoachingPage.jsx	242	LABEL	-	Create account
src/pages/landing/CoachingPage.jsx	244	BODY	-	Or continue with Google
src/pages/landing/CoachingPage.jsx	256	LABEL	-	Start as yourself
src/pages/landing/CoachingPage.jsx	257	BODY	-	Who are you?
src/pages/landing/CoachingPage.jsx	280	LABEL	-	Your space
src/pages/landing/CoachingPage.jsx	286	BODY	-	Welcome back
src/pages/landing/CoachingPage.jsx	291	BODY	-	Today
src/pages/landing/CoachingPage.jsx	293	BODY	-	hero-fade-up inline-block
src/pages/landing/CoachingPage.jsx	297	LABEL	-	Practise
src/pages/landing/CoachingPage.jsx	297	LABEL	-	Continue
src/pages/landing/CoachingPage.jsx	307	LABEL	-	Connected
src/pages/landing/CoachingPage.jsx	308	BODY	-	Your journey, connected
src/pages/landing/CoachingPage.jsx	311	LABEL	-	Yesterday
src/pages/landing/CoachingPage.jsx	311	LABEL	-	Fractions — mastered
src/pages/landing/CoachingPage.jsx	312	LABEL	-	Decimals — in progress
src/pages/landing/CoachingPage.jsx	313	LABEL	-	Percentages — builds on decimals
src/pages/landing/CoachingPage.jsx	351	BODY	-	Visionary
src/pages/landing/CoachingPage.jsx	354	BODY	-	Understand, ask, practise, then build
src/pages/landing/CoachingPage.jsx	409	BODY	-	relative bg-white [overflow-x:clip]
src/pages/landing/CoachingPage.jsx	411	BODY	-	hidden lg:block
src/pages/landing/CoachingPage.jsx	446	LABEL	-	Goal
src/pages/landing/CoachingPage.jsx	446	BODY	EM_DASH(body)	You set the goal — a subject, a skill, or a question you need answered.
src/pages/landing/CoachingPage.jsx	447	LABEL	-	Check
src/pages/landing/CoachingPage.jsx	447	BODY	-	Visionary checks what you already know, so it starts from where you actually are.
src/pages/landing/CoachingPage.jsx	448	LABEL	-	Teach
src/pages/landing/CoachingPage.jsx	448	BODY	EM_DASH(body)	It teaches the missing piece — in your language, at your pace, the way that clicks.
src/pages/landing/CoachingPage.jsx	449	LABEL	-	Ask
src/pages/landing/CoachingPage.jsx	449	BODY	-	You ask anything, any time. Confusion is a feature of learning, not a failure.
src/pages/landing/CoachingPage.jsx	450	LABEL	-	Check again
src/pages/landing/CoachingPage.jsx	450	BODY	-	A quick check confirms the idea landed before you move on.
src/pages/landing/CoachingPage.jsx	451	LABEL	-	Practise
src/pages/landing/CoachingPage.jsx	451	BODY	EM_DASH(body)	Practice is drawn from what you just learned — short, focused, and adaptive.
src/pages/landing/CoachingPage.jsx	452	LABEL	-	Build
src/pages/landing/CoachingPage.jsx	452	BODY	EM_DASH(body)	You build something real with it — a project, a solution, work of your own.
src/pages/landing/CoachingPage.jsx	453	LABEL	-	Reflect
src/pages/landing/CoachingPage.jsx	453	BODY	EM_DASH(body)	You reflect on what worked. That reflection feeds your next goal — and the loop begins again.
src/pages/landing/CoachingPage.jsx	473	BODY	-	The learning loop
src/pages/landing/CoachingPage.jsx	475	BODY	-	One loop
src/pages/landing/CoachingPage.jsx	476	BODY	-	hidden sm:block
src/pages/landing/CoachingPage.jsx	477	BODY	-	hero-fade-up inline-block
src/pages/landing/CoachingPage.jsx	480	BODY	EM_DASH(body)	Every subject in Visionary moves through the same loop — from your goal to what you can build with it
src/pages/landing/CoachingPage.jsx	486	META-aria	-	Learning loop stages
src/pages/landing/CoachingPage.jsx	522	BODY	-	Step 5 of 8 · the loop keeps you moving
src/pages/landing/CoachingPage.jsx	522	BODY	-	then it begins again
src/pages/landing/CoachingPage.jsx	545	BODY	-	Different people
src/pages/landing/CoachingPage.jsx	547	BODY	-	Different ways to use it.
src/pages/landing/CoachingPage.jsx	550	BODY	-	t change. What you
src/pages/landing/CoachingPage.jsx	550	BODY	-	The product doesn't change. What you're doing does
src/pages/landing/CoachingPage.jsx	553	META-aria	-	Roles
src/pages/landing/CoachingPage.jsx	582	LABEL	-	Understand
src/pages/landing/CoachingPage.jsx	582	LABEL	-	Continue
src/pages/landing/CoachingPage.jsx	601	BODY	-	Get started
src/pages/landing/CoachingPage.jsx	602	HEADLINE	-	See it with your own question.
src/pages/landing/CoachingPage.jsx	604	BODY	-	Ask a question. Try an idea. See where it takes you
src/pages/landing/CoachingPage.jsx	608	BODY	-	Get started
src/pages/landing/CoachingPage.jsx	611	BODY	-	See pricing
src/pages/landing/CoachingPage.jsx	624	LABEL	-	How it works
src/pages/landing/CollegePage.jsx	178	BODY	-	Building.
src/pages/landing/CollegePage.jsx	178	BODY	-	to apply.
src/pages/landing/CollegePage.jsx	178	BODY	-	to grow.
src/pages/landing/CollegePage.jsx	182	BODY	-	I took three courses. I still don't know how to use them at work.
src/pages/landing/CollegePage.jsx	182	BODY	-	Professional struggling to apply coursework at work
src/pages/landing/CollegePage.jsx	183	BODY	-	I read every article. The next project still feels like the first.
src/pages/landing/CollegePage.jsx	183	BODY	-	Professional overwhelmed by learning resources
src/pages/landing/CollegePage.jsx	184	BODY	-	Five years in, and I can't show what I've actually learned.
src/pages/landing/CollegePage.jsx	184	BODY	-	Professional reflecting on career growth
src/pages/landing/CollegePage.jsx	185	BODY	-	Between meetings and deadlines, learning keeps getting postponed.
src/pages/landing/CollegePage.jsx	186	BODY	-	My team ships. I still don't know if we're building it right.
src/pages/landing/CollegePage.jsx	186	BODY	-	Professional uncertain about team output
src/pages/landing/CollegePage.jsx	191	BODY	-	moves with your career.
src/pages/landing/CollegePage.jsx	192	BODY	-	meets your challenges.
src/pages/landing/CollegePage.jsx	193	BODY	-	grows with your goals.
src/pages/landing/CollegePage.jsx	194	BODY	-	builds on your skills.
src/pages/landing/CollegePage.jsx	195	BODY	-	opens what comes next.
src/pages/landing/CollegePage.jsx	200	HEADLINE	TITLE_CASE	Early Career
src/pages/landing/CollegePage.jsx	200	BODY	EM_DASH(body)	Turn every first project into real skill — not just another line on your resume.
src/pages/landing/CollegePage.jsx	200	BODY	-	Early career professional at work
src/pages/landing/CollegePage.jsx	201	HEADLINE	-	Mid-Level
src/pages/landing/CollegePage.jsx	201	BODY	EM_DASH(body)	Harder questions, bigger decisions — reasoned through with you.
src/pages/landing/CollegePage.jsx	201	LABEL	-	Mid-level professional solving problems
src/pages/landing/CollegePage.jsx	202	HEADLINE	-	Senior
src/pages/landing/CollegePage.jsx	202	BODY	-	Your judgement, sharpened by everything you've done.
src/pages/landing/CollegePage.jsx	202	BODY	-	Senior professional mentoring and leading
src/pages/landing/CollegePage.jsx	203	HEADLINE	-	Leadership
src/pages/landing/CollegePage.jsx	203	BODY	-	See what your team understands and where they're stuck.
src/pages/landing/CollegePage.jsx	203	LABEL	-	Leader reviewing team progress
src/pages/landing/CollegePage.jsx	204	HEADLINE	-	Specialist
src/pages/landing/CollegePage.jsx	204	BODY	-	Go deep. Every paper and project builds on the last.
src/pages/landing/CollegePage.jsx	204	BODY	-	Specialist deep in their domain
src/pages/landing/CollegePage.jsx	205	HEADLINE	-	Entrepreneur
src/pages/landing/CollegePage.jsx	205	BODY	-	Turn ideas into shipped work, with every lesson remembered.
src/pages/landing/CollegePage.jsx	205	LABEL	-	Entrepreneur building something real
src/pages/landing/CollegePage.jsx	208	BODY	-	Every project connected.
src/pages/landing/CollegePage.jsx	208	BODY	-	Every skill connected.
src/pages/landing/CollegePage.jsx	208	BODY	-	Every decision connected.
src/pages/landing/CollegePage.jsx	208	BODY	-	Every idea connected.
src/pages/landing/CollegePage.jsx	212	HEADLINE	-	Understand the work before you do it.
src/pages/landing/CollegePage.jsx	212	BODY	-	Visionary remembers what you've done and helps you reason through the problem.
src/pages/landing/CollegePage.jsx	213	HEADLINE	-	Turn every project into a lesson.
src/pages/landing/CollegePage.jsx	213	BODY	-	Every decision and every failure becomes part of what you understand next.
src/pages/landing/CollegePage.jsx	214	HEADLINE	-	Carry your expertise across teams and tools.
src/pages/landing/CollegePage.jsx	214	BODY	-	Your knowledge survives every project, company, and stack change.
src/pages/landing/CollegePage.jsx	215	HEADLINE	-	Know what your work is actually building toward.
src/pages/landing/CollegePage.jsx	215	BODY	EM_DASH(body)	See whether your skills are growing — and what comes next.
src/pages/landing/CollegePage.jsx	222	LABEL	-	Hindi
src/pages/landing/CollegePage.jsx	223	LABEL	-	English
src/pages/landing/CollegePage.jsx	224	LABEL	-	Bengali
src/pages/landing/CollegePage.jsx	225	LABEL	-	Tamil
src/pages/landing/CollegePage.jsx	226	LABEL	-	Kannada
src/pages/landing/CollegePage.jsx	227	LABEL	-	Punjabi
src/pages/landing/CollegePage.jsx	231	BODY	-	Iss project ka architecture kaise behtar karun?
src/pages/landing/CollegePage.jsx	231	BODY	-	How do I improve the architecture of this project?
src/pages/landing/CollegePage.jsx	232	BODY	-	Mera team is problem ko kaise solve kare?
src/pages/landing/CollegePage.jsx	232	BODY	-	How should my team solve this problem?
src/pages/landing/CollegePage.jsx	233	BODY	-	Next quarter ke liye main kaunsi skill seekhun?
src/pages/landing/CollegePage.jsx	233	BODY	-	Which skill should I learn for next quarter?
src/pages/landing/CollegePage.jsx	238	LABEL	TITLE_CASE	New Project
src/pages/landing/CollegePage.jsx	238	LABEL	-	Last project
src/pages/landing/CollegePage.jsx	238	LABEL	-	Current problem
src/pages/landing/CollegePage.jsx	238	LABEL	-	Next decision
src/pages/landing/CollegePage.jsx	239	LABEL	-	Mid-Career
src/pages/landing/CollegePage.jsx	239	LABEL	-	Early lessons
src/pages/landing/CollegePage.jsx	239	LABEL	-	Current work
src/pages/landing/CollegePage.jsx	240	LABEL	-	Leadership
src/pages/landing/CollegePage.jsx	240	LABEL	-	Your craft
src/pages/landing/CollegePage.jsx	240	LABEL	-	Your team
src/pages/landing/CollegePage.jsx	240	LABEL	-	Your vision
src/pages/landing/CollegePage.jsx	241	LABEL	-	Specialist
src/pages/landing/CollegePage.jsx	241	LABEL	-	Foundations
src/pages/landing/CollegePage.jsx	241	LABEL	-	Your domain
src/pages/landing/CollegePage.jsx	241	LABEL	-	Your contribution
src/pages/landing/CollegePage.jsx	242	LABEL	-	Entrepreneur
src/pages/landing/CollegePage.jsx	242	LABEL	-	Your ideas
src/pages/landing/CollegePage.jsx	242	LABEL	-	Your product
src/pages/landing/CollegePage.jsx	242	LABEL	-	Your company
src/pages/landing/CollegePage.jsx	243	LABEL	TITLE_CASE	Career Change
src/pages/landing/CollegePage.jsx	243	LABEL	-	Your experience
src/pages/landing/CollegePage.jsx	243	LABEL	-	Your transition
src/pages/landing/CollegePage.jsx	243	LABEL	-	Your new path
src/pages/landing/CollegePage.jsx	247	HEADLINE	-	Understand
src/pages/landing/CollegePage.jsx	247	HEADLINE	-	the problems you're working on.
src/pages/landing/CollegePage.jsx	247	BODY	-	Every problem, seen through what you've solved before.
src/pages/landing/CollegePage.jsx	248	HEADLINE	-	Solve
src/pages/landing/CollegePage.jsx	248	HEADLINE	-	with intelligence behind you.
src/pages/landing/CollegePage.jsx	248	BODY	-	Visionary finds the exact concept or decision that moves you forward.
src/pages/landing/CollegePage.jsx	249	HEADLINE	-	Build
src/pages/landing/CollegePage.jsx	249	HEADLINE	-	what you actually came here to build.
src/pages/landing/CollegePage.jsx	249	BODY	EM_DASH(body)	Turn learning into shipped work — skills that grow over your career.
src/pages/landing/CollegePage.jsx	252	LABEL	TITLE_CASE	Early Career
src/pages/landing/CollegePage.jsx	252	LABEL	-	Mid-Level
src/pages/landing/CollegePage.jsx	252	LABEL	-	Senior
src/pages/landing/CollegePage.jsx	252	LABEL	-	Leadership
src/pages/landing/CollegePage.jsx	252	LABEL	-	Specialist
src/pages/landing/CollegePage.jsx	252	LABEL	-	Entrepreneur
src/pages/landing/CollegePage.jsx	252	LABEL	TITLE_CASE	Career Change
src/pages/landing/CollegePage.jsx	256	LINK	-	Student
src/pages/landing/CollegePage.jsx	256	BODY	-	Understand lessons, practise ideas, and build with confidence.
src/pages/landing/CollegePage.jsx	256	BODY	-	Student learning with a laptop
src/pages/landing/CollegePage.jsx	257	LINK	-	Teacher
src/pages/landing/CollegePage.jsx	257	BODY	-	See who needs another explanation.
src/pages/landing/CollegePage.jsx	257	BODY	-	Teacher working on a laptop in a classroom
src/pages/landing/CollegePage.jsx	258	LINK	-	Parent
src/pages/landing/CollegePage.jsx	258	BODY	-	See where your child needs support.
src/pages/landing/CollegePage.jsx	258	BODY	-	Parent helping a child at a desk
src/pages/landing/CollegePage.jsx	259	LINK	-	Organization
src/pages/landing/CollegePage.jsx	259	BODY	-	Help teams carry knowledge forward.
src/pages/landing/CollegePage.jsx	259	BODY	-	Leader talking at an organization table
src/pages/landing/CollegePage.jsx	295	BODY	-	Learning, to apply what you learn.
src/pages/landing/CollegePage.jsx	296	BODY	-	Turn what you learn into work that ships.
src/pages/landing/CollegePage.jsx	298	BODY	-	A professional writing notes beside a laptop
src/pages/landing/CollegePage.jsx	299	BODY	-	Start building free
src/pages/landing/CollegePage.jsx	337	BODY	-	Every
src/pages/landing/CollegePage.jsx	341	BODY	-	block overflow-hidden whitespace-nowrap
src/pages/landing/CollegePage.jsx	344	BODY	-	inline-block animate-[struggleWordIn_0.65s_cubic-bezier(0.22,1,0.36,1)_both]
src/pages/landing/CollegePage.jsx	392	BODY	-	block h-full w-full object-cover animate-[struggleImageIn_0.7s_cubic-bezier(0.22,1,0.36,1)_both]
src/pages/landing/CollegePage.jsx	414	META-aria	-	Professional work challenges
src/pages/landing/CollegePage.jsx	441	BODY	-	The problem
src/pages/landing/CollegePage.jsx	482	LABEL	TITLE_CASE	Early Career
src/pages/landing/CollegePage.jsx	483	LABEL	-	Mid-Level
src/pages/landing/CollegePage.jsx	484	LABEL	-	Senior
src/pages/landing/CollegePage.jsx	485	LABEL	-	Leadership
src/pages/landing/CollegePage.jsx	486	LABEL	-	Specialist
src/pages/landing/CollegePage.jsx	487	LABEL	-	Entrepreneur
src/pages/landing/CollegePage.jsx	488	LABEL	TITLE_CASE	Career Change
src/pages/landing/CollegePage.jsx	492	LABEL	TITLE_CASE	Early Career
src/pages/landing/CollegePage.jsx	493	LABEL	-	Mid-Level
src/pages/landing/CollegePage.jsx	494	LABEL	-	Senior
src/pages/landing/CollegePage.jsx	495	LABEL	-	Leadership
src/pages/landing/CollegePage.jsx	496	LABEL	-	Specialist
src/pages/landing/CollegePage.jsx	497	LABEL	-	Entrepreneur
src/pages/landing/CollegePage.jsx	501	LABEL	TITLE_CASE	Early Career
src/pages/landing/CollegePage.jsx	502	LABEL	-	Turn first roles
src/pages/landing/CollegePage.jsx	502	BODY	-	into real skill.
src/pages/landing/CollegePage.jsx	503	BODY	-	Your first years set the pattern for everything after. Visionary turns every first project into understanding that grows.
src/pages/landing/CollegePage.jsx	504	LABEL	-	See a work example
src/pages/landing/CollegePage.jsx	506	BODY	-	Learn on the job.
src/pages/landing/CollegePage.jsx	506	BODY	EM_DASH(body)	Understand the code, the client, and the decision — not just the ticket.
src/pages/landing/CollegePage.jsx	506	LABEL	-	How it works
src/pages/landing/CollegePage.jsx	507	BODY	-	Practise deliberately.
src/pages/landing/CollegePage.jsx	507	BODY	-	Short, focused practice on the skills your work actually demands.
src/pages/landing/CollegePage.jsx	507	LABEL	-	Start practising free
src/pages/landing/CollegePage.jsx	508	BODY	-	In your language.
src/pages/landing/CollegePage.jsx	508	BODY	-	Ask, reason, and learn in the language you think in.
src/pages/landing/CollegePage.jsx	508	LABEL	-	Language support
src/pages/landing/CollegePage.jsx	509	BODY	-	Learn from your team.
src/pages/landing/CollegePage.jsx	509	BODY	-	Bring what you learn back into the work you share with others.
src/pages/landing/CollegePage.jsx	509	LABEL	-	Talk to us
src/pages/landing/CollegePage.jsx	512	LABEL	-	Mid-Level
src/pages/landing/CollegePage.jsx	513	LABEL	-	Reason through
src/pages/landing/CollegePage.jsx	513	BODY	-	the harder decisions.
src/pages/landing/CollegePage.jsx	514	BODY	-	The questions get harder and the decisions matter more. Visionary helps you reason through them with the full context of what you've done.
src/pages/landing/CollegePage.jsx	515	LABEL	-	See a work example
src/pages/landing/CollegePage.jsx	517	BODY	-	Decisions with context.
src/pages/landing/CollegePage.jsx	517	BODY	-	Every choice builds on what you've already solved.
src/pages/landing/CollegePage.jsx	517	LABEL	-	See how it works
src/pages/landing/CollegePage.jsx	518	BODY	-	Practise what matters.
src/pages/landing/CollegePage.jsx	518	LABEL	-	Start practising free
src/pages/landing/CollegePage.jsx	519	BODY	-	Remember every project.
src/pages/landing/CollegePage.jsx	519	BODY	-	Yesterday's work stays available for today's decision.
src/pages/landing/CollegePage.jsx	519	LABEL	-	Keep the context
src/pages/landing/CollegePage.jsx	520	BODY	-	When you're stuck.
src/pages/landing/CollegePage.jsx	520	BODY	-	Clear explanations when the problem is unfamiliar.
src/pages/landing/CollegePage.jsx	520	LABEL	-	Get support
src/pages/landing/CollegePage.jsx	523	LABEL	-	Senior
src/pages/landing/CollegePage.jsx	524	LABEL	-	Your judgement,
src/pages/landing/CollegePage.jsx	525	BODY	-	Your judgement is your product. Visionary sharpens it by connecting what you've done to what comes next.
src/pages/landing/CollegePage.jsx	526	LABEL	-	See a work example
src/pages/landing/CollegePage.jsx	528	BODY	-	See the pattern.
src/pages/landing/CollegePage.jsx	528	BODY	-	Understand why past decisions worked, so new ones feel familiar.
src/pages/landing/CollegePage.jsx	528	LABEL	-	See how it works
src/pages/landing/CollegePage.jsx	529	BODY	-	Learn from every call.
src/pages/landing/CollegePage.jsx	529	BODY	-	Each decision becomes context for the next one.
src/pages/landing/CollegePage.jsx	529	LABEL	-	Keep the context
src/pages/landing/CollegePage.jsx	530	BODY	-	Mentor with clarity.
src/pages/landing/CollegePage.jsx	530	BODY	-	Explain what you know to the people you're helping grow.
src/pages/landing/CollegePage.jsx	530	LABEL	-	Talk to us
src/pages/landing/CollegePage.jsx	531	BODY	-	Stay steady.
src/pages/landing/CollegePage.jsx	531	BODY	-	Clear thinking when pressure is high and time is short.
src/pages/landing/CollegePage.jsx	531	LABEL	-	Get support
src/pages/landing/CollegePage.jsx	534	LABEL	-	Leadership
src/pages/landing/CollegePage.jsx	535	LABEL	-	Lead with
src/pages/landing/CollegePage.jsx	535	BODY	-	clear sight.
src/pages/landing/CollegePage.jsx	536	BODY	EM_DASH(body)	Lead with clarity — see what your team understands, where they're stuck, and what they're ready for.
src/pages/landing/CollegePage.jsx	537	LABEL	-	See a work example
src/pages/landing/CollegePage.jsx	539	BODY	-	See your team.
src/pages/landing/CollegePage.jsx	539	BODY	-	Understand where each person is and what they need next.
src/pages/landing/CollegePage.jsx	539	LABEL	-	For organizations
src/pages/landing/CollegePage.jsx	540	BODY	-	Keep the threads.
src/pages/landing/CollegePage.jsx	540	BODY	-	Context carries across projects, quarters, and teams.
src/pages/landing/CollegePage.jsx	540	LABEL	-	Keep the context
src/pages/landing/CollegePage.jsx	541	BODY	-	Build on what you know.
src/pages/landing/CollegePage.jsx	541	BODY	-	Turn your experience into strategy, process, and teaching.
src/pages/landing/CollegePage.jsx	541	LABEL	-	Start building free
src/pages/landing/CollegePage.jsx	542	BODY	-	Bring it to your organization.
src/pages/landing/CollegePage.jsx	542	BODY	-	Visionary can support teams, departments, and whole companies.
src/pages/landing/CollegePage.jsx	542	LABEL	-	For organizations
src/pages/landing/CollegePage.jsx	545	LABEL	-	Specialist
src/pages/landing/CollegePage.jsx	546	LABEL	-	Go deep
src/pages/landing/CollegePage.jsx	546	BODY	-	without losing context.
src/pages/landing/CollegePage.jsx	547	BODY	-	Every paper, project, and problem builds on the last. Visionary keeps the depth connected across your domain.
src/pages/landing/CollegePage.jsx	548	LABEL	-	See a work example
src/pages/landing/CollegePage.jsx	550	BODY	-	Understand at depth.
src/pages/landing/CollegePage.jsx	550	BODY	-	Explanations that support serious domain work, not summaries.
src/pages/landing/CollegePage.jsx	550	LABEL	-	See how it works
src/pages/landing/CollegePage.jsx	551	BODY	-	Research with context.
src/pages/landing/CollegePage.jsx	551	BODY	-	Keep threads across papers, projects, and years.
src/pages/landing/CollegePage.jsx	551	LABEL	-	Keep the context
src/pages/landing/CollegePage.jsx	552	BODY	-	Practise the hard parts.
src/pages/landing/CollegePage.jsx	552	BODY	-	Focus on the edge of your skill, where growth happens.
src/pages/landing/CollegePage.jsx	552	LABEL	-	Start practising free
src/pages/landing/CollegePage.jsx	553	BODY	-	Learn at your pace.
src/pages/landing/CollegePage.jsx	553	BODY	-	The experience adapts to your time, language, and depth.
src/pages/landing/CollegePage.jsx	553	LABEL	-	Get support
src/pages/landing/CollegePage.jsx	556	LABEL	-	Entrepreneur
src/pages/landing/CollegePage.jsx	557	BODY	-	Ship ideas.
src/pages/landing/CollegePage.jsx	557	BODY	-	Keep the lessons.
src/pages/landing/CollegePage.jsx	558	BODY	EM_DASH(body)	Turn ideas into shipped work — with intelligence that remembers every decision and every lesson.
src/pages/landing/CollegePage.jsx	559	LABEL	-	See a work example
src/pages/landing/CollegePage.jsx	561	BODY	-	Start where you are.
src/pages/landing/CollegePage.jsx	561	BODY	-	Visionary begins from your problem, not a curriculum.
src/pages/landing/CollegePage.jsx	561	LABEL	-	See how it works
src/pages/landing/CollegePage.jsx	562	BODY	-	Move fast, understand deeply.
src/pages/landing/CollegePage.jsx	562	BODY	EM_DASH(body)	Speed and depth together — decisions you can defend later.
src/pages/landing/CollegePage.jsx	562	LABEL	-	Start building free
src/pages/landing/CollegePage.jsx	563	BODY	-	Every pivot teaches.
src/pages/landing/CollegePage.jsx	563	BODY	-	What you learned in the last attempt carries into the next.
src/pages/landing/CollegePage.jsx	563	LABEL	-	Keep the context
src/pages/landing/CollegePage.jsx	564	BODY	-	Find your people.
src/pages/landing/CollegePage.jsx	564	BODY	-	Communities and partners help you build in real contexts.
src/pages/landing/CollegePage.jsx	564	LABEL	-	Find a partner
src/pages/landing/CollegePage.jsx	570	BODY	-	max(1.5rem, calc(50% - 40rem))
src/pages/landing/CollegePage.jsx	577	BODY	-	max(1.5rem, 6%)
src/pages/landing/CollegePage.jsx	578	BODY	-	flex snap-x snap-mandatory gap-12 overflow-x-auto pb-4 [scrollbar-width:none] [&::-webkit-scrollbar]:hidden
src/pages/landing/CollegePage.jsx	598	BODY	-	absolute left-5 top-5 flex h-10 w-10 items-center justify-center rounded-full bg-white/95
src/pages/landing/CollegePage.jsx	615	META-aria	-	Previous stages
src/pages/landing/CollegePage.jsx	618	META-aria	-	Next stages
src/pages/landing/CollegePage.jsx	633	LABEL	-	Escape
src/pages/landing/CollegePage.jsx	654	LABEL	TITLE_CASE	Early Career
src/pages/landing/CollegePage.jsx	657	LABEL	-	Start free
src/pages/landing/CollegePage.jsx	658	LABEL	-	See how it works
src/pages/landing/CollegePage.jsx	665	META-aria	-	Close dialog
src/pages/landing/CollegePage.jsx	678	META-aria	-	Close
src/pages/landing/CollegePage.jsx	697	BODY	-	aspect-[21/9] w-full object-cover
src/pages/landing/CollegePage.jsx	804	BODY	-	Your career, your journey
src/pages/landing/CollegePage.jsx	807	BODY	-	What happens when work
src/pages/landing/CollegePage.jsx	808	BODY	-	hidden md:block
src/pages/landing/CollegePage.jsx	809	BODY	-	hero-fade-up inline-block
src/pages/landing/CollegePage.jsx	815	BODY	-	Wherever your career begins, Visionary helps your work move forward from there
src/pages/landing/CollegePage.jsx	820	META-aria	-	Career stages
src/pages/landing/CollegePage.jsx	820	BODY	-	flex gap-3 overflow-x-auto py-1 [scrollbar-width:none] [&::-webkit-scrollbar]:hidden lg:flex-wrap lg:justify-center lg:gap-4 lg:overflow-visible lg:py-0
src/pages/landing/CollegePage.jsx	884	BODY	-	aspect-[4/3] w-full object-cover lg:aspect-[15/16]
src/pages/landing/CollegePage.jsx	898	BODY	-	relative [overflow-x:clip]
src/pages/landing/CollegePage.jsx	901	BODY	-	The intelligence behind your work
src/pages/landing/CollegePage.jsx	905	BODY	-	hero-fade-up inline-block
src/pages/landing/CollegePage.jsx	910	BODY	-	From today's problem to the skills that define your career
src/pages/landing/CollegePage.jsx	914	BODY	-	hidden lg:block
src/pages/landing/CollegePage.jsx	946	BODY	-	hero-fade-up inline-block
src/pages/landing/CollegePage.jsx	959	META-aria	-	Language selection
src/pages/landing/CollegePage.jsx	995	BODY	-	Every language
src/pages/landing/CollegePage.jsx	1000	BODY	-	Think, ask, and solve in the language you think in
src/pages/landing/CollegePage.jsx	1015	BODY	-	h-8 w-1.5 rounded-full
src/pages/landing/CollegePage.jsx	1031	BODY	-	hero-fade-up inline
src/pages/landing/CollegePage.jsx	1045	BODY	EM_DASH(body)	Think your way — voice or text, in the language you're comfortable with
src/pages/landing/CollegePage.jsx	1067	BODY	-	relative inline-block
src/pages/landing/CollegePage.jsx	1091	META-aria	-	Choose a stage
src/pages/landing/CollegePage.jsx	1149	BODY	-	relative py-24 lg:py-32 [overflow-x:clip]
src/pages/landing/CollegePage.jsx	1152	BODY	-	Keep the context
src/pages/landing/CollegePage.jsx	1155	BODY	-	What you build stays with you
src/pages/landing/CollegePage.jsx	1158	BODY	-	What you ship and what you learn becomes part of what comes next
src/pages/landing/CollegePage.jsx	1164	LABEL	-	Previous
src/pages/landing/CollegePage.jsx	1164	BODY	-	What you learned
src/pages/landing/CollegePage.jsx	1165	LABEL	-	Now
src/pages/landing/CollegePage.jsx	1165	BODY	-	What you're building
src/pages/landing/CollegePage.jsx	1166	LABEL	-	Next
src/pages/landing/CollegePage.jsx	1166	BODY	-	Where you're heading
src/pages/landing/CollegePage.jsx	1171	META-aria	-	Previous stage
src/pages/landing/CollegePage.jsx	1180	META-aria	-	Next stage
src/pages/landing/CollegePage.jsx	1189	BODY	-	Your work keeps its place
src/pages/landing/CollegePage.jsx	1230	BODY	-	grid-rows-[1fr] opacity-100
src/pages/landing/CollegePage.jsx	1230	BODY	-	grid-rows-[0fr] opacity-0
src/pages/landing/CollegePage.jsx	1256	BODY	-	relative py-24 lg:py-32 [overflow-x:clip]
src/pages/landing/CollegePage.jsx	1258	BODY	-	Your achievement
src/pages/landing/CollegePage.jsx	1259	HEADLINE	-	See what you can achieve.
src/pages/landing/CollegePage.jsx	1261	BODY	-	Turn understanding into shipped work and a career that grows
src/pages/landing/CollegePage.jsx	1274	BODY	-	center center
src/pages/landing/CollegePage.jsx	1294	BODY	-	aspect-[20/19] w-full object-cover
src/pages/landing/CollegePage.jsx	1299	BODY	-	absolute left-5 top-5 flex h-10 w-10 items-center justify-center rounded-full bg-white/95
src/pages/landing/CollegePage.jsx	1318	BODY	-	relative bg-white py-24 lg:py-32 [overflow-x:clip]
src/pages/landing/CollegePage.jsx	1320	BODY	-	Your journey
src/pages/landing/CollegePage.jsx	1333	BODY	-	flex justify-start py-2 pl-[16%] lg:py-3 lg:pl-[20%]
src/pages/landing/CollegePage.jsx	1355	BODY	-	Wherever your career goes, your intelligence travels with you
src/pages/landing/CollegePage.jsx	1362	BODY	-	See how Visionary keeps it connected
src/pages/landing/CollegePage.jsx	1378	HEADLINE	-	Private by design.
src/pages/landing/CollegePage.jsx	1378	BODY	-	Your work. Your ideas. Treated with care.
src/pages/landing/CollegePage.jsx	1378	LINK	-	Read the privacy approach
src/pages/landing/CollegePage.jsx	1379	HEADLINE	-	Safe to grow with.
src/pages/landing/CollegePage.jsx	1379	BODY	-	Built from the first project to what's next.
src/pages/landing/CollegePage.jsx	1379	LINK	-	See our security practices
src/pages/landing/CollegePage.jsx	1380	HEADLINE	-	Built responsibly.
src/pages/landing/CollegePage.jsx	1380	BODY	-	Intelligence should help people, never work against them.
src/pages/landing/CollegePage.jsx	1380	LINK	-	Read our commitments
src/pages/landing/CollegePage.jsx	1412	BODY	-	relative bg-white py-24 lg:py-32 [overflow-x:clip]
src/pages/landing/CollegePage.jsx	1414	BODY	-	Trust and safety
src/pages/landing/CollegePage.jsx	1417	BODY	-	hero-fade-up inline-block
src/pages/landing/CollegePage.jsx	1420	BODY	PASSIVE	Your projects, ideas, and career decisions are personal. Visionary is built to keep it that way
src/pages/landing/CollegePage.jsx	1430	META-aria	-	Previous trust card
src/pages/landing/CollegePage.jsx	1433	META-aria	-	Next trust card
src/pages/landing/CollegePage.jsx	1442	BODY	-	flex flex-col gap-8 2xl:grid 2xl:grid-cols-2 2xl:gap-10
src/pages/landing/CollegePage.jsx	1462	BODY	-	Begin today
src/pages/landing/CollegePage.jsx	1465	BODY	-	Your next project is already in front of you
src/pages/landing/CollegePage.jsx	1468	BODY	-	Understand it faster. Solve it with intelligence. Ship it and carry the lesson forward
src/pages/landing/CollegePage.jsx	1476	BODY	-	Get started
src/pages/landing/CollegePage.jsx	1503	BODY	-	Learn more
src/pages/landing/CollegePage.jsx	1515	BODY	-	relative py-16 lg:py-24 [overflow-x:clip]
src/pages/landing/CollegePage.jsx	1518	BODY	-	Explore Visionary
src/pages/landing/CollegePage.jsx	1532	META-aria	-	Next categories
src/pages/landing/CommunityPage.jsx	64	LABEL	-	For learners
src/pages/landing/CommunityPage.jsx	65	LABEL	-	With teachers
src/pages/landing/CommunityPage.jsx	66	LABEL	-	Families & organizations
src/pages/landing/CommunityPage.jsx	67	LABEL	-	More ways
src/pages/landing/CommunityPage.jsx	78	HEADLINE	-	Communities for learners
src/pages/landing/CommunityPage.jsx	79	BODY	EM_DASH(body)	Class-scoped spaces to discuss, ask, and share what you build — only the people in your class are inside, and nothing leaves it.
src/pages/landing/CommunityPage.jsx	81	HEADLINE	-	Class discussions
src/pages/landing/CommunityPage.jsx	81	BODY	-	Ask and discuss with the people you learn with every day. The space is scoped to your class and kept separate from private work.
src/pages/landing/CommunityPage.jsx	82	HEADLINE	-	Share what you build
src/pages/landing/CommunityPage.jsx	82	BODY	EM_DASH(body)	Post projects from Build and see classmates' work in the same space — real work, not noise.
src/pages/landing/CommunityPage.jsx	90	HEADLINE	-	Guided by teachers
src/pages/landing/CommunityPage.jsx	91	BODY	EM_DASH(body)	Teachers keep the space safe with moderation built in — reports and rate limits are part of the space, not bolted on afterwards.
src/pages/landing/CommunityPage.jsx	93	HEADLINE	-	Moderation built in
src/pages/landing/CommunityPage.jsx	93	BODY	-	Reports reach the teacher with rate limits, so misuse can't flood the space. The teacher reviews and acts.
src/pages/landing/CommunityPage.jsx	94	HEADLINE	-	Reviewed, then shared
src/pages/landing/CommunityPage.jsx	94	BODY	EM_DASH(body)	Reported content is held for the teacher's review — nothing spreads through the class unreviewed.
src/pages/landing/CommunityPage.jsx	103	HEADLINE	-	For families and organizations
src/pages/landing/CommunityPage.jsx	106	HEADLINE	-	Consent-scoped visibility
src/pages/landing/CommunityPage.jsx	106	BODY	EM_DASH(body)	Parent and organization views render only what the learner's consent allows — nothing more is rendered anywhere.
src/pages/landing/CommunityPage.jsx	107	HEADLINE	-	Cohort spaces
src/pages/landing/CommunityPage.jsx	107	BODY	EM_DASH(body)	Organization cohorts share institution-scoped spaces — insight across the group without exposing any individual.
src/pages/landing/CommunityPage.jsx	114	HEADLINE	-	Get updates
src/pages/landing/CommunityPage.jsx	114	BODY	-	Follow what is changing across the product, one honest update at a time.
src/pages/landing/CommunityPage.jsx	115	HEADLINE	-	Explore how it works
src/pages/landing/CommunityPage.jsx	115	BODY	EM_DASH(body)	See the loop the communities grow around — learn, ask, practise, build.
src/pages/landing/CommunityPage.jsx	116	HEADLINE	-	Get help
src/pages/landing/CommunityPage.jsx	116	BODY	-	Clear answers when something is unclear, from setup to safety.
src/pages/landing/CommunityPage.jsx	121	BODY	-	Who can see a class community?
src/pages/landing/CommunityPage.jsx	121	BODY	EM_DASH(body)	Only the people in that class, plus the teacher who keeps it safe. Communities are scoped to the class — they are not public spaces and do not appear in organization-wide views.
src/pages/landing/CommunityPage.jsx	122	BODY	-	What happens when someone reports a post?
src/pages/landing/CommunityPage.jsx	122	BODY	-	The report goes straight to the teacher, with rate limits so misuse can't flood the space. The teacher reviews the reported content and decides what happens next.
src/pages/landing/CommunityPage.jsx	123	BODY	-	Can people outside my class join?
src/pages/landing/CommunityPage.jsx	123	BODY	-	No. Communities are scoped to the class on purpose. Wider institution-level spaces are part of the roadmap, but a class community stays a class community.
src/pages/landing/CommunityPage.jsx	124	BODY	-	Does the community work in my language?
src/pages/landing/CommunityPage.jsx	124	BODY	EM_DASH(body)	The community follows the product's language journeys — English, Hindi, and Bengali — and a missing language is shown honestly rather than filled with machine-translated content.
src/pages/landing/CommunityPage.jsx	125	BODY	-	Is community available today?
src/pages/landing/CommunityPage.jsx	125	BODY	EM_DASH(body)	Yes — class communities with teacher moderation, reporting, and rate limits are in the product now. Wider spaces and more languages are what we are building next.
src/pages/landing/CommunityPage.jsx	161	LABEL	-	Community
src/pages/landing/CommunityPage.jsx	167	BODY	-	Visionary communities
src/pages/landing/CommunityPage.jsx	170	BODY	-	Communities and programs for everyone learning together
src/pages/landing/CommunityPage.jsx	173	BODY	EM_DASH(body)	Class-scoped spaces where learners, teachers, and families grow together — kept safe by teachers
src/pages/landing/CommunityPage.jsx	178	BODY	-	Find your community
src/pages/landing/CommunityPage.jsx	192	META-aria	-	Community sections
src/pages/landing/CommunityPage.jsx	214	BODY	-	Find a community that's right for you
src/pages/landing/CommunityPage.jsx	219	BODY	-	scroll-mt-36 grid gap-10 lg:grid-cols-[0.8fr_1.2fr] lg:gap-16
src/pages/landing/CommunityPage.jsx	220	BODY	-	lg:sticky lg:top-40 lg:self-start
src/pages/landing/CommunityPage.jsx	253	BODY	-	More ways to engage and learn
src/pages/landing/CommunityPage.jsx	256	BODY	-	Keep your journey moving with the product and the people around it
src/pages/landing/CommunityPage.jsx	281	BODY	-	Have questions? We've got answers
src/pages/landing/CommunityPage.jsx	291	BODY	-	Bring your class together
src/pages/landing/CommunityPage.jsx	294	BODY	-	Communities grow around real learning. Start with the loop, and the space builds itself around it
src/pages/landing/CommunityPage.jsx	298	BODY	-	Get started
src/pages/landing/ContactPage.jsx	4	BODY	-	ArrowUpRight, BookOpen, Briefcase, Building2
src/pages/landing/ContactPage.jsx	5	BODY	-	CircleHelp, GraduationCap, Lock, Mail, Newspaper, ShieldCheck
src/pages/landing/ContactPage.jsx	6	BODY	-	TrendingUp, UserRound, UsersRound
src/pages/landing/ContactPage.jsx	21	HEADLINE	-	A question about Visionary?
src/pages/landing/ContactPage.jsx	21	BODY	-	For general questions about the product, your account, or getting started.
src/pages/landing/ContactPage.jsx	21	LABEL	-	Product and account questions
src/pages/landing/ContactPage.jsx	21	LABEL	-	General question
src/pages/landing/ContactPage.jsx	22	HEADLINE	-	Discuss an organization
src/pages/landing/ContactPage.jsx	22	BODY	-	For schools, colleges, coaching teams, and organizations exploring Visionary.
src/pages/landing/ContactPage.jsx	22	LABEL	-	Schools and organizations
src/pages/landing/ContactPage.jsx	22	LABEL	-	Organization enquiry
src/pages/landing/ContactPage.jsx	23	HEADLINE	-	Share a safety concern
src/pages/landing/ContactPage.jsx	23	BODY	-	Contact the safety team about a safety or privacy concern. For a formal privacy grievance, use the named officer details below.
src/pages/landing/ContactPage.jsx	23	LABEL	-	Safety and privacy
src/pages/landing/ContactPage.jsx	23	LABEL	-	Safety or privacy concern
src/pages/landing/ContactPage.jsx	24	HEADLINE	-	A media enquiry
src/pages/landing/ContactPage.jsx	24	BODY	-	For journalists, writers, and others with press or media questions.
src/pages/landing/ContactPage.jsx	24	LABEL	-	Press and media
src/pages/landing/ContactPage.jsx	24	LABEL	-	Press enquiry
src/pages/landing/ContactPage.jsx	25	HEADLINE	-	Talk about research
src/pages/landing/ContactPage.jsx	25	BODY	-	For questions about the learning questions Visionary is exploring.
src/pages/landing/ContactPage.jsx	25	LABEL	-	Research
src/pages/landing/ContactPage.jsx	25	LABEL	-	Research enquiry
src/pages/landing/ContactPage.jsx	26	HEADLINE	-	Introduce yourself
src/pages/landing/ContactPage.jsx	26	LABEL	-	Careers
src/pages/landing/ContactPage.jsx	26	LABEL	-	Careers introduction
src/pages/landing/ContactPage.jsx	33	LABEL	-	Students
src/pages/landing/ContactPage.jsx	34	HEADLINE	-	Get help learning with Visionary
src/pages/landing/ContactPage.jsx	36	LABEL	-	Help center
src/pages/landing/ContactPage.jsx	36	HEADLINE	-	Your guide to Visionary
src/pages/landing/ContactPage.jsx	37	LABEL	-	Product
src/pages/landing/ContactPage.jsx	37	HEADLINE	-	The learning loop: Learn, Ask, Practice, Build
src/pages/landing/ContactPage.jsx	38	LABEL	-	Community
src/pages/landing/ContactPage.jsx	38	HEADLINE	-	Class communities and discussions
src/pages/landing/ContactPage.jsx	39	LABEL	-	Safety
src/pages/landing/ContactPage.jsx	39	HEADLINE	-	Safety for younger learners
src/pages/landing/ContactPage.jsx	43	LABEL	-	Teachers
src/pages/landing/ContactPage.jsx	44	HEADLINE	-	Get help teaching with Visionary
src/pages/landing/ContactPage.jsx	46	LABEL	-	Help center
src/pages/landing/ContactPage.jsx	46	HEADLINE	-	Your guide to Visionary
src/pages/landing/ContactPage.jsx	47	LABEL	-	Product
src/pages/landing/ContactPage.jsx	47	HEADLINE	-	Prepare, publish, and review classwork
src/pages/landing/ContactPage.jsx	48	LABEL	-	Community
src/pages/landing/ContactPage.jsx	48	HEADLINE	-	Moderated class communities
src/pages/landing/ContactPage.jsx	49	LABEL	-	Safety
src/pages/landing/ContactPage.jsx	49	HEADLINE	-	Reporting and rate limits
src/pages/landing/ContactPage.jsx	53	LABEL	-	Parents
src/pages/landing/ContactPage.jsx	54	HEADLINE	-	Get help supporting your child
src/pages/landing/ContactPage.jsx	56	LABEL	-	Help center
src/pages/landing/ContactPage.jsx	56	HEADLINE	-	Your guide to Visionary
src/pages/landing/ContactPage.jsx	57	LABEL	-	Product
src/pages/landing/ContactPage.jsx	57	HEADLINE	-	Consent-scoped progress summaries
src/pages/landing/ContactPage.jsx	58	LABEL	-	Privacy
src/pages/landing/ContactPage.jsx	58	HEADLINE	-	How learner data is protected
src/pages/landing/ContactPage.jsx	59	LABEL	-	Safety
src/pages/landing/ContactPage.jsx	59	HEADLINE	-	Safer use for children
src/pages/landing/ContactPage.jsx	63	LABEL	-	Professionals
src/pages/landing/ContactPage.jsx	64	HEADLINE	-	Get help growing your career
src/pages/landing/ContactPage.jsx	66	LABEL	-	Help center
src/pages/landing/ContactPage.jsx	66	HEADLINE	-	Your guide to Visionary
src/pages/landing/ContactPage.jsx	67	LABEL	-	Product
src/pages/landing/ContactPage.jsx	67	HEADLINE	-	Goal, evidence, and portfolio
src/pages/landing/ContactPage.jsx	68	LABEL	-	Updates
src/pages/landing/ContactPage.jsx	68	HEADLINE	-	Follow what is changing
src/pages/landing/ContactPage.jsx	69	LABEL	-	Careers
src/pages/landing/ContactPage.jsx	69	HEADLINE	-	Build with the team
src/pages/landing/ContactPage.jsx	73	LABEL	-	Organizations
src/pages/landing/ContactPage.jsx	74	HEADLINE	-	Get help bringing Visionary to your institution
src/pages/landing/ContactPage.jsx	76	LABEL	-	Help center
src/pages/landing/ContactPage.jsx	76	HEADLINE	-	Your guide to Visionary
src/pages/landing/ContactPage.jsx	77	LABEL	-	Product
src/pages/landing/ContactPage.jsx	77	HEADLINE	-	Insights across cohorts
src/pages/landing/ContactPage.jsx	78	LABEL	-	Partners
src/pages/landing/ContactPage.jsx	78	HEADLINE	-	Rollout and partnerships
src/pages/landing/ContactPage.jsx	79	LABEL	-	Security
src/pages/landing/ContactPage.jsx	79	HEADLINE	-	Protected end to end
src/pages/landing/ContactPage.jsx	86	BODY	-	How quickly will I get a reply?
src/pages/landing/ContactPage.jsx	87	BODY	-	What should I include in my message?
src/pages/landing/ContactPage.jsx	87	BODY	EM_DASH(body)	Tell us what you were doing, what you expected, and what happened instead — with links or screenshots if they help. Please never include passwords, payment details, or sensitive learner information.
src/pages/landing/ContactPage.jsx	88	BODY	-	Who do I contact about a safety concern?
src/pages/landing/ContactPage.jsx	89	BODY	-	How do privacy grievances work?
src/pages/landing/ContactPage.jsx	90	BODY	-	Can we bring Visionary to our school or organization?
src/pages/landing/ContactPage.jsx	91	BODY	-	Where do I find product answers on my own?
src/pages/landing/ContactPage.jsx	91	BODY	-	The Help Center covers setup and features, and the how-it-works page explains the learning loop end to end.
src/pages/landing/ContactPage.jsx	92	BODY	-	In which languages can I write to you?
src/pages/landing/ContactPage.jsx	92	BODY	-	The product's language journeys are English, Hindi, and Bengali today, and the team can reply in all three. More languages are on the roadmap.
src/pages/landing/ContactPage.jsx	134	LABEL	-	Contact
src/pages/landing/ContactPage.jsx	141	BODY	-	Guidance to get you going on Visionary
src/pages/landing/ContactPage.jsx	144	BODY	-	Find the answers and support you need to make the most of Visionary
src/pages/landing/ContactPage.jsx	175	BODY	-	From how-to guides to safety and community, these resources help you make the most of Visionary
src/pages/landing/ContactPage.jsx	196	BODY	-	Your questions answered
src/pages/landing/ContactPage.jsx	199	BODY	EM_DASH(body)	From the basics to beyond — information and support on the topics we hear most
src/pages/landing/ContactPage.jsx	213	LABEL	-	Expand all
src/pages/landing/ContactPage.jsx	214	LABEL	-	Collapse all
src/pages/landing/ContactPage.jsx	215	LABEL	-	Show more
src/pages/landing/ContactPage.jsx	226	BODY	-	Still need help?
src/pages/landing/ContactPage.jsx	229	BODY	EM_DASH(body)	For additional guidance, visit the Help Center — or write to us directly and a human will read it
src/pages/landing/ContactPage.jsx	234	BODY	-	Visit Help Center
src/pages/landing/ContactPage.jsx	236	LABEL	-	Support question
src/pages/landing/ContactPage.jsx	245	BODY	-	Contact routes
src/pages/landing/ContactPage.jsx	246	HEADLINE	-	Start with what you need.
src/pages/landing/ContactPage.jsx	269	BODY	-	Privacy grievance
src/pages/landing/ContactPage.jsx	270	HEADLINE	-	A formal route for privacy concerns.
src/pages/landing/ContactPage.jsx	271	BODY	-	For a privacy grievance under India's DPDP Act, contact the named Grievance Officer directly.
src/pages/landing/ContactPage.jsx	277	LABEL	-	Privacy grievance
src/pages/landing/ContactPage.jsx	286	HEADLINE	-	Before you send
src/pages/landing/ContactPage.jsx	287	BODY	-	Your email app will open a draft. Review the recipient and message, then choose whether to send it. Nothing is submitted to Visionary from this page.
src/pages/landing/ContactPage.jsx	290	HEADLINE	-	Keep sensitive details out
src/pages/landing/ContactPage.jsx	291	BUTTON	-	Do not include passwords, payment card details, or sensitive learner information in an email. For information about personal data, read the
src/pages/landing/ContactPage.jsx	291	BUTTON	-	Privacy policy
src/pages/landing/CookiesPage.jsx	4	BODY	-	Accessibility, ArrowRight, ChevronDown, Cookie, FileText
src/pages/landing/CookiesPage.jsx	5	BODY	-	Globe, Lock, ShieldCheck
src/pages/landing/CookiesPage.jsx	59	LABEL	-	Essential only
src/pages/landing/CookiesPage.jsx	59	LABEL	-	No advertising cookies
src/pages/landing/CookiesPage.jsx	59	LABEL	-	Opt out anytime
src/pages/landing/CookiesPage.jsx	64	LABEL	-	Know what we use
src/pages/landing/CookiesPage.jsx	65	BODY	EM_DASH(body)	Essential cookies for sign-in and security — no ad networks, no cross-site tracking.
src/pages/landing/CookiesPage.jsx	66	BODY	-	Icon: Cookie
src/pages/landing/CookiesPage.jsx	70	LABEL	-	See each type
src/pages/landing/CookiesPage.jsx	71	BODY	EM_DASH(body)	Session, preference, and optional analytics — what each one does, in one line.
src/pages/landing/CookiesPage.jsx	72	BODY	-	Icon: Globe
src/pages/landing/CookiesPage.jsx	76	LABEL	-	Set your choices
src/pages/landing/CookiesPage.jsx	77	BODY	EM_DASH(body)	Turn optional cookies on or off on this device and save — it takes one tap.
src/pages/landing/CookiesPage.jsx	78	BODY	-	Icon: Accessibility
src/pages/landing/CookiesPage.jsx	83	HEADLINE	-	What cookies are
src/pages/landing/CookiesPage.jsx	84	HEADLINE	-	What we use and why
src/pages/landing/CookiesPage.jsx	85	HEADLINE	-	The types we use
src/pages/landing/CookiesPage.jsx	86	HEADLINE	-	Your choices and controls
src/pages/landing/CookiesPage.jsx	87	HEADLINE	-	Managing cookies
src/pages/landing/CookiesPage.jsx	88	HEADLINE	-	Questions and contact
src/pages/landing/CookiesPage.jsx	195	LABEL	-	Essential
src/pages/landing/CookiesPage.jsx	195	BODY	-	Required for sign-in, security, and core service behavior.
src/pages/landing/CookiesPage.jsx	196	LABEL	-	Preferences
src/pages/landing/CookiesPage.jsx	196	BODY	-	Remember choices such as language and appearance on this device.
src/pages/landing/CookiesPage.jsx	197	LABEL	-	Analytics
src/pages/landing/CookiesPage.jsx	197	BODY	-	Allow product measurement that helps us understand and improve the experience.
src/pages/landing/CookiesPage.jsx	203	LABEL	-	Cookies
src/pages/landing/CookiesPage.jsx	208	BODY	-	grid gap-8 lg:grid-cols-[248px_minmax(0,1fr)] lg:gap-14
src/pages/landing/CookiesPage.jsx	210	BODY	-	hidden lg:block
src/pages/landing/CookiesPage.jsx	212	BODY	-	In this policy
src/pages/landing/CookiesPage.jsx	213	META-aria	-	Cookie policy sections
src/pages/landing/CookiesPage.jsx	235	BODY	-	mt-0.5 h-5 w-5 shrink-0
src/pages/landing/CookiesPage.jsx	237	BODY	-	For how personal information is handled, see the Privacy Policy
src/pages/landing/CookiesPage.jsx	250	BODY	-	Cookie policy
src/pages/landing/CookiesPage.jsx	252	BODY	-	How we use cookies. And how you control them
src/pages/landing/CookiesPage.jsx	255	BODY	EM_DASH(body)	The short version, then the full list. Only what's needed — nothing extra, nothing sold
src/pages/landing/CookiesPage.jsx	273	BODY	-	Manage cookies on this device
src/pages/landing/CookiesPage.jsx	274	BODY	-	Optional choices are saved in this browser only.
src/pages/landing/CookiesPage.jsx	276	BODY	-	Set your cookie choices
src/pages/landing/CookiesPage.jsx	297	BODY	-	In this policy
src/pages/landing/CookiesPage.jsx	298	LABEL	-	Choose a section
src/pages/landing/CookiesPage.jsx	328	BODY	-	Start here
src/pages/landing/CookiesPage.jsx	329	HEADLINE	-	The essentials, at a glance
src/pages/landing/CookiesPage.jsx	349	HEADLINE	-	What cookies are
src/pages/landing/CookiesPage.jsx	351	BODY	-	Cookies are small files a website saves in your browser. They let the site recognize your session, remember your choices, and keep things working the way you expect between visits
src/pages/landing/CookiesPage.jsx	355	BODY	EM_DASH(body)	Visionary uses them to keep you signed in and remember your preferences — never to follow you around the internet or sell what it learns
src/pages/landing/CookiesPage.jsx	362	HEADLINE	-	What we use and why
src/pages/landing/CookiesPage.jsx	364	BODY	-	No advertising cookies. No tracking across other sites. Just what keeps Visionary running for you
src/pages/landing/CookiesPage.jsx	368	HEADLINE	-	Essential cookies.
src/pages/landing/CookiesPage.jsx	368	BODY	-	These support sign-in, security, and core service behavior. Without them, Visionary cannot work as expected, so they cannot be turned off.
src/pages/landing/CookiesPage.jsx	369	HEADLINE	-	No advertising cookies.
src/pages/landing/CookiesPage.jsx	369	BODY	-	We don't use cookies to show you ads. Ever. There are no ad networks watching what you do here. Your attention is not for sale.
src/pages/landing/CookiesPage.jsx	370	HEADLINE	-	Analytics with consent.
src/pages/landing/CookiesPage.jsx	370	BODY	-	If we use analytics cookies, we ask first. You can say no, and Visionary still works perfectly. We only measure what you explicitly allow.
src/pages/landing/CookiesPage.jsx	383	HEADLINE	-	The types we use
src/pages/landing/CookiesPage.jsx	385	BODY	-	Each type does one job. Here is the full list
src/pages/landing/CookiesPage.jsx	389	LABEL	-	Session cookies
src/pages/landing/CookiesPage.jsx	389	BODY	-	Keep you signed in while you use Visionary. Deleted when you close your browser.
src/pages/landing/CookiesPage.jsx	390	LABEL	-	Preference cookies
src/pages/landing/CookiesPage.jsx	390	BODY	-	Remember things like your language and theme so you don't have to set them every time.
src/pages/landing/CookiesPage.jsx	391	LABEL	-	Analytics (optional)
src/pages/landing/CookiesPage.jsx	391	BODY	EM_DASH(body)	Help us understand what's working so we can improve. Only with your consent — and you can opt out anytime.
src/pages/landing/CookiesPage.jsx	403	HEADLINE	-	Your choices and controls
src/pages/landing/CookiesPage.jsx	405	BODY	-	Optional choices are saved in this browser. They do not change settings on your other devices
src/pages/landing/CookiesPage.jsx	431	BODY	-	Save choices
src/pages/landing/CookiesPage.jsx	433	BODY	-	Choices saved on this device.
src/pages/landing/CookiesPage.jsx	440	HEADLINE	-	Managing cookies
src/pages/landing/CookiesPage.jsx	442	BODY	EM_DASH(body)	You control them, always. Clear them anytime from your browser or your Visionary settings — no emails, no waiting
src/pages/landing/CookiesPage.jsx	445	BODY	-	Your cookie options.
src/pages/landing/CookiesPage.jsx	446	BODY	-	mt-4 space-y-2.5
src/pages/landing/CookiesPage.jsx	448	BODY	EM_DASH(body)	Essential cookies cannot be turned off — they're what make Visionary work.
src/pages/landing/CookiesPage.jsx	449	BODY	-	Preference and analytics cookies are optional, and you can change your choices at any time from your Visionary settings (Settings → Privacy & cookies).
src/pages/landing/CookiesPage.jsx	450	BODY	-	Clear or block cookies anytime from your browser's site settings.
src/pages/landing/CookiesPage.jsx	451	BODY	EM_DASH(body)	Optional choices apply to this device only — set them again on devices you use.
src/pages/landing/CookiesPage.jsx	454	BODY	-	mt-2 h-1.5 w-1.5 shrink-0 rounded-full
src/pages/landing/CookiesPage.jsx	464	HEADLINE	-	Questions and contact
src/pages/landing/CookiesPage.jsx	466	BODY	-	re transparent about every cookie we use and why. If something isn
src/pages/landing/CookiesPage.jsx	466	BODY	-	We're transparent about every cookie we use and why. If something isn't clear, reach out
src/pages/landing/CookiesPage.jsx	469	BODY	-	Write to the team
src/pages/landing/CookiesPage.jsx	477	BODY	EM_DASH(body)	For how personal information is handled, read the Privacy Policy — it sits under the same tab bar as this page
src/pages/landing/CookiesPage.jsx	480	LABEL	TITLE_CASE	Read the Privacy Policy
src/pages/landing/CookiesPage.jsx	490	HEADLINE	-	Key terms
src/pages/landing/CookiesPage.jsx	493	LABEL	-	Cookies
src/pages/landing/CookiesPage.jsx	493	BODY	-	Small files a website saves in your browser to recognize your session and remember your choices.
src/pages/landing/CookiesPage.jsx	494	LABEL	-	Essential cookies
src/pages/landing/CookiesPage.jsx	494	BODY	-	The cookies required for sign-in, security, and core service behavior. They cannot be turned off.
src/pages/landing/CookiesPage.jsx	495	LABEL	-	Preference cookies
src/pages/landing/CookiesPage.jsx	495	BODY	-	Cookies that remember choices such as language and appearance on the device you use.
src/pages/landing/CookiesPage.jsx	496	LABEL	-	Analytics cookies
src/pages/landing/CookiesPage.jsx	496	BODY	-	Optional cookies that measure what works so we can improve. Used only with your consent.
src/pages/landing/CookiesPage.jsx	497	LABEL	-	Browser storage
src/pages/landing/CookiesPage.jsx	497	BODY	-	Where cookies and on-device records live. Clearing your browser's site data removes them.
src/pages/landing/CookiesPage.jsx	498	LABEL	-	Consent
src/pages/landing/CookiesPage.jsx	498	BODY	PASSIVE EM_DASH(body)	Your explicit yes before optional cookies are used — and your ability to say no without losing the product.
src/pages/landing/CookiesPage.jsx	510	META-aria	-	Related policies
src/pages/landing/CookiesPage.jsx	512	HEADLINE	-	Read them together
src/pages/landing/CookiesPage.jsx	515	LABEL	TITLE_CASE	Privacy Policy
src/pages/landing/CookiesPage.jsx	515	BODY	-	Your learning is personal.
src/pages/landing/CookiesPage.jsx	516	LABEL	-	Terms of service
src/pages/landing/CookiesPage.jsx	516	BODY	-	Clear rules, written to be understood.
src/pages/landing/CookiesPage.jsx	517	LABEL	-	Security
src/pages/landing/CookiesPage.jsx	517	BODY	-	How your information is protected.
src/pages/landing/CookiesPage.jsx	518	LABEL	-	Accessibility
src/pages/landing/CookiesPage.jsx	518	BODY	-	Built for every kind of learner.
src/pages/landing/CookiesPage.jsx	528	BODY	-	absolute bottom-2.5 right-2.5 flex h-7 w-7 items-center justify-center
src/pages/landing/DownloadPage.jsx	4	BODY	-	Globe, Monitor, Apple, Laptop, Smartphone, TabletSmartphone
src/pages/landing/DownloadPage.jsx	5	BODY	-	Download, ShieldCheck
src/pages/landing/DownloadPage.jsx	73	LABEL	-	Web
src/pages/landing/DownloadPage.jsx	74	LABEL	-	Windows
src/pages/landing/DownloadPage.jsx	74	LABEL	-	Windows 10 or later
src/pages/landing/DownloadPage.jsx	74	LABEL	-	Windows app coming soon
src/pages/landing/DownloadPage.jsx	75	LABEL	-	Mac
src/pages/landing/DownloadPage.jsx	76	LABEL	-	Linux
src/pages/landing/DownloadPage.jsx	78	LABEL	-	Android
src/pages/landing/DownloadPage.jsx	78	LABEL	-	Android 9 or later
src/pages/landing/DownloadPage.jsx	78	LABEL	-	Android app coming soon
src/pages/landing/DownloadPage.jsx	83	LABEL	-	Windows
src/pages/landing/DownloadPage.jsx	83	BODY	-	Windows 10 or later · 4 GB RAM · 250 MB free space
src/pages/landing/DownloadPage.jsx	87	LABEL	-	Android
src/pages/landing/DownloadPage.jsx	87	BODY	-	Android 9 or later · ARM or x86
src/pages/landing/DownloadPage.jsx	90	BODY	-	pick up
src/pages/landing/DownloadPage.jsx	101	BODY	-	Download
src/pages/landing/DownloadPage.jsx	103	BODY	-	Visionary
src/pages/landing/DownloadPage.jsx	106	BODY	-	On the phone, tablet or laptop you already own
src/pages/landing/DownloadPage.jsx	115	HEADLINE	-	Continue on web
src/pages/landing/DownloadPage.jsx	117	BODY	-	Full Visionary in your browser. Nothing to install, always up to date, works on any computer
src/pages/landing/DownloadPage.jsx	126	BODY	-	Open Visionary
src/pages/landing/DownloadPage.jsx	134	HEADLINE	-	Get the app
src/pages/landing/DownloadPage.jsx	136	BODY	EM_DASH(body)	Native apps for desktop and mobile — faster, offline-friendly, and synced to your account
src/pages/landing/DownloadPage.jsx	145	BODY	-	See platforms
src/pages/landing/DownloadPage.jsx	161	BODY	-	Supported platforms
src/pages/landing/DownloadPage.jsx	162	HEADLINE	-	Choose your platform.
src/pages/landing/DownloadPage.jsx	164	BODY	-	Use Visionary on the web today. Native apps are being prepared
src/pages/landing/DownloadPage.jsx	208	HEADLINE	-	Available at launch
src/pages/landing/DownloadPage.jsx	236	BODY	-	Visionary native app launch request
src/pages/landing/DownloadPage.jsx	244	BODY	-	Be first in line at launch.
src/pages/landing/DownloadPage.jsx	246	BODY	-	Native apps are in final testing. We'll email you the moment your platform is ready
src/pages/landing/DownloadPage.jsx	254	BODY	-	Email address
src/pages/landing/DownloadPage.jsx	275	BODY	-	Prepare email request
src/pages/landing/DownloadPage.jsx	280	BODY	EM_DASH(body)	Please enter a valid email address — we can't notify you without one
src/pages/landing/DownloadPage.jsx	303	BODY	-	hero-fade-up inline-block capitalize
src/pages/landing/DownloadPage.jsx	307	BODY	EM_DASH(body)	Conversations, progress, and context sync across web, desktop, and mobile — automatically, and privately
src/pages/landing/DownloadPage.jsx	319	BODY	-	System requirements
src/pages/landing/DownloadPage.jsx	320	BODY	-	calc(var(--fs-h2) * 0.29)
src/pages/landing/DownloadPage.jsx	320	HEADLINE	-	What you need to run Visionary.
src/pages/landing/DownloadPage.jsx	343	BODY	-	Signed builds · Automatic updates · Your data stays yours on every device
src/pages/landing/DownloadPage.jsx	358	BODY	-	Still deciding? The web is one click away
src/pages/landing/DownloadPage.jsx	361	BODY	-	No install, no waiting. Open Visionary in your browser and pick up the app whenever you're ready
src/pages/landing/DownloadPage.jsx	369	BODY	-	Continue on web
src/pages/landing/DownloadPage.jsx	376	BODY	-	See how it works
src/pages/landing/DownloadPage.jsx	402	LABEL	-	Download
src/pages/landing/OrganizationPage.jsx	176	BODY	-	Leading.
src/pages/landing/OrganizationPage.jsx	180	BODY	-	We rolled out three learning tools. Nobody knows if anyone is learning.
src/pages/landing/OrganizationPage.jsx	180	BODY	-	Leader facing low tool adoption
src/pages/landing/OrganizationPage.jsx	181	BODY	-	Every department reports green. The outcomes still surprise us.
src/pages/landing/OrganizationPage.jsx	181	BODY	-	Leaders reviewing conflicting progress reports
src/pages/landing/OrganizationPage.jsx	182	BODY	-	We find the learning gaps at the exit interview, not in week two.
src/pages/landing/OrganizationPage.jsx	183	BODY	-	Our best mentors can only be in one classroom at a time.
src/pages/landing/OrganizationPage.jsx	183	BODY	-	Mentor stretched across many learners
src/pages/landing/OrganizationPage.jsx	184	BODY	-	We measure attendance and completion. We still can't see understanding.
src/pages/landing/OrganizationPage.jsx	184	BODY	-	Leader measuring outcomes without insight
src/pages/landing/OrganizationPage.jsx	188	BODY	-	Visionary adapts to each.
src/pages/landing/OrganizationPage.jsx	188	LABEL	-	Schools see it first
src/pages/landing/OrganizationPage.jsx	188	LABEL	-	Colleges build on it
src/pages/landing/OrganizationPage.jsx	188	LABEL	-	Coaching scales with it
src/pages/landing/OrganizationPage.jsx	188	LABEL	-	Workplaces grow from it
src/pages/landing/OrganizationPage.jsx	193	HEADLINE	-	Schools
src/pages/landing/OrganizationPage.jsx	193	BODY	-	Connect students, teachers, parents, and school leaders around the same learning picture.
src/pages/landing/OrganizationPage.jsx	193	LABEL	TITLE_CASE	Students · Teachers · Parents · Leaders
src/pages/landing/OrganizationPage.jsx	193	LABEL	-	School learning environment
src/pages/landing/OrganizationPage.jsx	194	HEADLINE	TITLE_CASE	Colleges & Universities
src/pages/landing/OrganizationPage.jsx	194	BODY	-	Help departments, faculty, and students understand progress across programs, skills, and outcomes.
src/pages/landing/OrganizationPage.jsx	194	LABEL	TITLE_CASE	Students · Faculty · Departments · Placement
src/pages/landing/OrganizationPage.jsx	194	LABEL	-	University campus learning
src/pages/landing/OrganizationPage.jsx	195	HEADLINE	-	Coaching
src/pages/landing/OrganizationPage.jsx	195	BODY	-	Scale personalized support across batches, mentors, learners, and parent conversations.
src/pages/landing/OrganizationPage.jsx	195	LABEL	TITLE_CASE	Learners · Mentors · Parents · Coaches
src/pages/landing/OrganizationPage.jsx	195	LABEL	-	Coaching institute classroom
src/pages/landing/OrganizationPage.jsx	196	HEADLINE	-	Workplace learning
src/pages/landing/OrganizationPage.jsx	196	BODY	-	Help teams build real skills, apply learning to work, and see capability grow over time.
src/pages/landing/OrganizationPage.jsx	196	LABEL	TITLE_CASE	Professionals · Managers · Teams · L&D
src/pages/landing/OrganizationPage.jsx	196	LABEL	-	Workplace learning session
src/pages/landing/OrganizationPage.jsx	199	BODY	-	People connected.
src/pages/landing/OrganizationPage.jsx	199	BODY	-	Progress connected.
src/pages/landing/OrganizationPage.jsx	199	BODY	-	Support connected.
src/pages/landing/OrganizationPage.jsx	199	BODY	-	Outcomes connected.
src/pages/landing/OrganizationPage.jsx	203	HEADLINE	-	See what people understand.
src/pages/landing/OrganizationPage.jsx	203	BODY	-	Learning activity becomes a clear picture of understanding across your institution.
src/pages/landing/OrganizationPage.jsx	204	HEADLINE	-	Find gaps before they spread.
src/pages/landing/OrganizationPage.jsx	204	BODY	EM_DASH(body)	Know where people are stuck — before small gaps become outcomes.
src/pages/landing/OrganizationPage.jsx	206	HEADLINE	-	Improve the next decision.
src/pages/landing/OrganizationPage.jsx	206	BODY	-	Use real learning activity to improve lessons, programs, coaching, and planning.
src/pages/landing/OrganizationPage.jsx	213	LABEL	-	Hindi
src/pages/landing/OrganizationPage.jsx	214	LABEL	-	English
src/pages/landing/OrganizationPage.jsx	215	LABEL	-	Bengali
src/pages/landing/OrganizationPage.jsx	216	LABEL	-	Tamil
src/pages/landing/OrganizationPage.jsx	217	LABEL	-	Kannada
src/pages/landing/OrganizationPage.jsx	218	LABEL	-	Punjabi
src/pages/landing/OrganizationPage.jsx	222	BODY	-	Hamare learners kahan atak rahe hain?
src/pages/landing/OrganizationPage.jsx	222	BODY	-	Where are our learners getting stuck?
src/pages/landing/OrganizationPage.jsx	223	BODY	-	Kaunsi class ko zyada support chahiye?
src/pages/landing/OrganizationPage.jsx	223	BODY	-	Which class needs more support?
src/pages/landing/OrganizationPage.jsx	224	BODY	-	Training ka impact kahan dikh raha hai?
src/pages/landing/OrganizationPage.jsx	224	BODY	-	Where is the training impact showing?
src/pages/landing/OrganizationPage.jsx	229	LABEL	-	School
src/pages/landing/OrganizationPage.jsx	229	LABEL	-	Last class
src/pages/landing/OrganizationPage.jsx	229	LABEL	-	Current learning
src/pages/landing/OrganizationPage.jsx	229	LABEL	-	Next grade
src/pages/landing/OrganizationPage.jsx	230	LABEL	-	College
src/pages/landing/OrganizationPage.jsx	230	LABEL	-	Foundation
src/pages/landing/OrganizationPage.jsx	230	LABEL	-	Program skills
src/pages/landing/OrganizationPage.jsx	230	LABEL	-	Career readiness
src/pages/landing/OrganizationPage.jsx	231	LABEL	-	Coaching
src/pages/landing/OrganizationPage.jsx	231	LABEL	-	Concept gaps
src/pages/landing/OrganizationPage.jsx	231	LABEL	-	Practice
src/pages/landing/OrganizationPage.jsx	231	LABEL	-	Exam confidence
src/pages/landing/OrganizationPage.jsx	232	LABEL	-	Workplace
src/pages/landing/OrganizationPage.jsx	232	LABEL	-	Training
src/pages/landing/OrganizationPage.jsx	232	LABEL	-	Application
src/pages/landing/OrganizationPage.jsx	232	LABEL	-	Capability
src/pages/landing/OrganizationPage.jsx	233	LABEL	-	District
src/pages/landing/OrganizationPage.jsx	233	LABEL	-	One school
src/pages/landing/OrganizationPage.jsx	233	LABEL	-	Every school
src/pages/landing/OrganizationPage.jsx	233	LABEL	-	Every district
src/pages/landing/OrganizationPage.jsx	237	HEADLINE	-	Understand
src/pages/landing/OrganizationPage.jsx	237	HEADLINE	-	what people actually know.
src/pages/landing/OrganizationPage.jsx	237	BODY	-	Move beyond completion rates and see real understanding across your organization.
src/pages/landing/OrganizationPage.jsx	238	HEADLINE	-	Support
src/pages/landing/OrganizationPage.jsx	238	HEADLINE	-	the people who need it early.
src/pages/landing/OrganizationPage.jsx	238	BODY	EM_DASH(body)	Give teachers, coaches, and leaders what they need — before results drop.
src/pages/landing/OrganizationPage.jsx	239	HEADLINE	-	Improve
src/pages/landing/OrganizationPage.jsx	239	HEADLINE	-	every program with evidence.
src/pages/landing/OrganizationPage.jsx	239	BODY	-	Use connected learning activity to improve curriculum, training, and coaching.
src/pages/landing/OrganizationPage.jsx	242	LABEL	-	Student
src/pages/landing/OrganizationPage.jsx	242	LABEL	-	Teacher
src/pages/landing/OrganizationPage.jsx	242	LABEL	-	Parent
src/pages/landing/OrganizationPage.jsx	242	LABEL	-	Professional
src/pages/landing/OrganizationPage.jsx	242	LABEL	-	Organization
src/pages/landing/OrganizationPage.jsx	249	HEADLINE	-	Private by design.
src/pages/landing/OrganizationPage.jsx	249	BODY	-	Your people and their learning data. Treated with care.
src/pages/landing/OrganizationPage.jsx	249	LINK	-	Read the privacy approach
src/pages/landing/OrganizationPage.jsx	250	HEADLINE	-	Built for institutions.
src/pages/landing/OrganizationPage.jsx	250	BODY	-	Designed for responsible use across learners, teachers, teams, and leaders.
src/pages/landing/OrganizationPage.jsx	250	LINK	-	See our security practices
src/pages/landing/OrganizationPage.jsx	251	HEADLINE	-	Transparent intelligence.
src/pages/landing/OrganizationPage.jsx	251	BODY	-	Organizations should understand how intelligence supports decisions.
src/pages/landing/OrganizationPage.jsx	251	LINK	-	Read our commitments
src/pages/landing/OrganizationPage.jsx	255	LINK	-	Student
src/pages/landing/OrganizationPage.jsx	255	BODY	-	Understand lessons, practise ideas, and keep your place.
src/pages/landing/OrganizationPage.jsx	255	BODY	-	Student learning with a laptop
src/pages/landing/OrganizationPage.jsx	256	LINK	-	Teacher
src/pages/landing/OrganizationPage.jsx	256	BODY	-	See who needs another explanation.
src/pages/landing/OrganizationPage.jsx	256	BODY	-	Teacher working on a laptop in a classroom
src/pages/landing/OrganizationPage.jsx	257	LINK	-	Parent
src/pages/landing/OrganizationPage.jsx	257	BODY	-	See where your child needs support.
src/pages/landing/OrganizationPage.jsx	257	BODY	-	Parent helping a child at a desk
src/pages/landing/OrganizationPage.jsx	258	LINK	-	Professional
src/pages/landing/OrganizationPage.jsx	258	BODY	-	Turn what you know into useful work.
src/pages/landing/OrganizationPage.jsx	258	BODY	-	Professional discussing work with a tablet
src/pages/landing/OrganizationPage.jsx	295	BODY	EM_DASH(body)	One intelligence across every classroom, team, and program — understanding that stays inside your institution.
src/pages/landing/OrganizationPage.jsx	297	BODY	-	A leader reviewing team progress on a tablet
src/pages/landing/OrganizationPage.jsx	299	BODY	-	Talk to us
src/pages/landing/OrganizationPage.jsx	337	BODY	-	Every
src/pages/landing/OrganizationPage.jsx	341	BODY	-	block overflow-hidden whitespace-nowrap
src/pages/landing/OrganizationPage.jsx	344	BODY	-	inline-block animate-[struggleWordIn_0.65s_cubic-bezier(0.22,1,0.36,1)_both]
src/pages/landing/OrganizationPage.jsx	392	BODY	-	block h-full w-full object-cover animate-[struggleImageIn_0.7s_cubic-bezier(0.22,1,0.36,1)_both]
src/pages/landing/OrganizationPage.jsx	414	META-aria	-	Organization learning challenges
src/pages/landing/OrganizationPage.jsx	441	BODY	-	The problem
src/pages/landing/OrganizationPage.jsx	482	LABEL	-	Schools
src/pages/landing/OrganizationPage.jsx	483	LABEL	TITLE_CASE	Colleges & Universities
src/pages/landing/OrganizationPage.jsx	484	LABEL	-	Coaching
src/pages/landing/OrganizationPage.jsx	485	LABEL	-	Workplace learning
src/pages/landing/OrganizationPage.jsx	489	LABEL	-	Schools
src/pages/landing/OrganizationPage.jsx	490	LABEL	TITLE_CASE	Colleges & Universities
src/pages/landing/OrganizationPage.jsx	491	LABEL	-	Coaching
src/pages/landing/OrganizationPage.jsx	492	LABEL	-	Workplace learning
src/pages/landing/OrganizationPage.jsx	496	LABEL	-	Schools
src/pages/landing/OrganizationPage.jsx	497	BODY	-	One school.
src/pages/landing/OrganizationPage.jsx	497	BODY	-	One picture.
src/pages/landing/OrganizationPage.jsx	498	BODY	-	Schools work best when everyone sees the same learning. Visionary connects students, teachers, parents, and leaders around one shared understanding.
src/pages/landing/OrganizationPage.jsx	499	LABEL	-	See how Visionary works
src/pages/landing/OrganizationPage.jsx	501	BODY	-	See every learner.
src/pages/landing/OrganizationPage.jsx	501	BODY	-	A clear picture of understanding across classes, not just attendance.
src/pages/landing/OrganizationPage.jsx	501	LABEL	-	How it works
src/pages/landing/OrganizationPage.jsx	502	BODY	-	Parents stay close.
src/pages/landing/OrganizationPage.jsx	502	BODY	-	Progress shared in ways that help at home, not only at report time.
src/pages/landing/OrganizationPage.jsx	502	LABEL	-	For parents
src/pages/landing/OrganizationPage.jsx	503	BODY	-	In every language.
src/pages/landing/OrganizationPage.jsx	503	BODY	-	Learning and reporting in the language each family thinks in.
src/pages/landing/OrganizationPage.jsx	503	LABEL	-	Language support
src/pages/landing/OrganizationPage.jsx	504	BODY	-	Bring it to your school.
src/pages/landing/OrganizationPage.jsx	504	BODY	-	Start with one class and grow from there.
src/pages/landing/OrganizationPage.jsx	504	LABEL	-	Talk to us
src/pages/landing/OrganizationPage.jsx	507	LABEL	TITLE_CASE	Colleges & Universities
src/pages/landing/OrganizationPage.jsx	508	BODY	-	Departments connected.
src/pages/landing/OrganizationPage.jsx	508	BODY	-	Outcomes visible.
src/pages/landing/OrganizationPage.jsx	509	BODY	-	Higher education asks for depth across programs and semesters. Visionary helps faculty, departments, and students understand progress across programs, skills, and outcomes.
src/pages/landing/OrganizationPage.jsx	510	LABEL	-	See how Visionary works
src/pages/landing/OrganizationPage.jsx	512	BODY	-	Depth, not dashboards.
src/pages/landing/OrganizationPage.jsx	512	BODY	-	Real understanding across coursework, projects, and semesters.
src/pages/landing/OrganizationPage.jsx	512	LABEL	-	How it works
src/pages/landing/OrganizationPage.jsx	513	BODY	-	Programs that carry forward.
src/pages/landing/OrganizationPage.jsx	513	BODY	-	Foundation courses connect to program skills and career readiness.
src/pages/landing/OrganizationPage.jsx	513	LABEL	-	Keep the record
src/pages/landing/OrganizationPage.jsx	514	BODY	-	Faculty see what matters.
src/pages/landing/OrganizationPage.jsx	514	BODY	-	Signals that help teaching adjust before outcomes drop.
src/pages/landing/OrganizationPage.jsx	514	LABEL	-	Get support
src/pages/landing/OrganizationPage.jsx	515	BODY	-	Support your institution.
src/pages/landing/OrganizationPage.jsx	515	BODY	-	Visionary fits classrooms, labs, and departments.
src/pages/landing/OrganizationPage.jsx	515	LABEL	-	For organizations
src/pages/landing/OrganizationPage.jsx	518	LABEL	-	Coaching
src/pages/landing/OrganizationPage.jsx	519	BODY	-	Scale the support.
src/pages/landing/OrganizationPage.jsx	519	BODY	-	Keep it personal.
src/pages/landing/OrganizationPage.jsx	520	BODY	-	Coaching lives on personalized attention. Visionary scales that support across batches, mentors, learners, and parent conversations.
src/pages/landing/OrganizationPage.jsx	521	LABEL	-	See how Visionary works
src/pages/landing/OrganizationPage.jsx	523	BODY	-	Every batch, every learner.
src/pages/landing/OrganizationPage.jsx	523	BODY	-	Know where each learner is stuck while there is still time to act.
src/pages/landing/OrganizationPage.jsx	523	LABEL	-	How it works
src/pages/landing/OrganizationPage.jsx	524	BODY	-	Practice with direction.
src/pages/landing/OrganizationPage.jsx	524	BODY	-	Mentors see what to revise, skip, and strengthen for each learner.
src/pages/landing/OrganizationPage.jsx	524	LABEL	-	Start practising free
src/pages/landing/OrganizationPage.jsx	525	BODY	-	Exam confidence.
src/pages/landing/OrganizationPage.jsx	525	BODY	-	Concept gaps close before the exam, not after the result.
src/pages/landing/OrganizationPage.jsx	525	LABEL	-	Keep the record
src/pages/landing/OrganizationPage.jsx	526	BODY	-	Talk to us.
src/pages/landing/OrganizationPage.jsx	526	BODY	-	Bring Visionary to your batches and mentors.
src/pages/landing/OrganizationPage.jsx	526	LABEL	-	Contact us
src/pages/landing/OrganizationPage.jsx	529	LABEL	-	Workplace learning
src/pages/landing/OrganizationPage.jsx	530	BODY	-	Real skills.
src/pages/landing/OrganizationPage.jsx	530	BODY	-	Visible capability.
src/pages/landing/OrganizationPage.jsx	531	BODY	-	Workplace learning only matters when it changes the work. Visionary helps teams build real skills, apply learning to work, and see capability grow over time.
src/pages/landing/OrganizationPage.jsx	532	LABEL	-	See how Visionary works
src/pages/landing/OrganizationPage.jsx	534	BODY	-	From training to application.
src/pages/landing/OrganizationPage.jsx	534	BODY	EM_DASH(body)	See where training turns into capability — and where it stalls.
src/pages/landing/OrganizationPage.jsx	534	LABEL	-	How it works
src/pages/landing/OrganizationPage.jsx	535	BODY	-	Managers see growth.
src/pages/landing/OrganizationPage.jsx	535	BODY	-	Signals that help teams and L&D support the people who need it early.
src/pages/landing/OrganizationPage.jsx	535	LABEL	-	Get support
src/pages/landing/OrganizationPage.jsx	536	BODY	-	Skills that grow.
src/pages/landing/OrganizationPage.jsx	536	BODY	-	Each program builds on what your teams already know.
src/pages/landing/OrganizationPage.jsx	536	LABEL	-	Keep the record
src/pages/landing/OrganizationPage.jsx	537	BODY	-	Start with one team.
src/pages/landing/OrganizationPage.jsx	537	BODY	-	Pilot Visionary with one cohort and grow from there.
src/pages/landing/OrganizationPage.jsx	537	LABEL	-	Talk to us
src/pages/landing/OrganizationPage.jsx	543	BODY	-	max(1.5rem, calc(50% - 40rem))
src/pages/landing/OrganizationPage.jsx	550	BODY	-	max(1.5rem, 6%)
src/pages/landing/OrganizationPage.jsx	551	BODY	-	flex snap-x snap-mandatory gap-12 overflow-x-auto pb-4 [scrollbar-width:none] [&::-webkit-scrollbar]:hidden
src/pages/landing/OrganizationPage.jsx	571	BODY	-	absolute left-5 top-5 flex h-10 w-10 items-center justify-center rounded-full bg-white/95
src/pages/landing/OrganizationPage.jsx	589	META-aria	-	Previous stages
src/pages/landing/OrganizationPage.jsx	592	META-aria	-	Next stages
src/pages/landing/OrganizationPage.jsx	607	LABEL	-	Escape
src/pages/landing/OrganizationPage.jsx	628	LABEL	-	Schools
src/pages/landing/OrganizationPage.jsx	631	LABEL	-	Start free
src/pages/landing/OrganizationPage.jsx	632	LABEL	-	See how it works
src/pages/landing/OrganizationPage.jsx	639	META-aria	-	Close dialog
src/pages/landing/OrganizationPage.jsx	652	META-aria	-	Close
src/pages/landing/OrganizationPage.jsx	671	BODY	-	aspect-[21/9] w-full object-cover
src/pages/landing/OrganizationPage.jsx	778	BODY	-	Your institution, your journey
src/pages/landing/OrganizationPage.jsx	781	BODY	-	Every organization learns differently
src/pages/landing/OrganizationPage.jsx	782	BODY	-	hidden md:block
src/pages/landing/OrganizationPage.jsx	783	BODY	-	hero-fade-up inline-block
src/pages/landing/OrganizationPage.jsx	789	BODY	-	One intelligence, shaped to the way your institution teaches, trains, and grows
src/pages/landing/OrganizationPage.jsx	794	META-aria	-	Organization contexts
src/pages/landing/OrganizationPage.jsx	794	BODY	-	flex gap-3 overflow-x-auto py-1 [scrollbar-width:none] [&::-webkit-scrollbar]:hidden lg:flex-wrap lg:justify-center lg:gap-4 lg:overflow-visible lg:py-0
src/pages/landing/OrganizationPage.jsx	858	BODY	-	aspect-[4/3] w-full object-cover lg:aspect-[15/16]
src/pages/landing/OrganizationPage.jsx	872	BODY	-	relative [overflow-x:clip]
src/pages/landing/OrganizationPage.jsx	875	BODY	-	The intelligence behind your organization
src/pages/landing/OrganizationPage.jsx	879	BODY	-	hero-fade-up inline-block
src/pages/landing/OrganizationPage.jsx	884	BODY	EM_DASH(body)	Every learner, teacher, and professional — one clear picture you can act on
src/pages/landing/OrganizationPage.jsx	888	BODY	-	hidden lg:block
src/pages/landing/OrganizationPage.jsx	920	BODY	-	hero-fade-up inline-block
src/pages/landing/OrganizationPage.jsx	933	META-aria	-	Language selection
src/pages/landing/OrganizationPage.jsx	969	BODY	-	Every language
src/pages/landing/OrganizationPage.jsx	974	BODY	-	People ask, learn, teach, and report in different languages. Visionary keeps the meaning connected across them
src/pages/landing/OrganizationPage.jsx	989	BODY	-	h-8 w-1.5 rounded-full
src/pages/landing/OrganizationPage.jsx	1005	BODY	-	hero-fade-up inline
src/pages/landing/OrganizationPage.jsx	1019	BODY	-	Use voice or text in the way you're comfortable
src/pages/landing/OrganizationPage.jsx	1041	BODY	-	relative inline-block
src/pages/landing/OrganizationPage.jsx	1065	META-aria	-	Choose a stage
src/pages/landing/OrganizationPage.jsx	1123	BODY	-	relative py-24 lg:py-32 [overflow-x:clip]
src/pages/landing/OrganizationPage.jsx	1126	BODY	-	Keep the record
src/pages/landing/OrganizationPage.jsx	1129	BODY	-	What your organization learns stays with it
src/pages/landing/OrganizationPage.jsx	1132	BODY	-	What your people understand becomes part of what comes next
src/pages/landing/OrganizationPage.jsx	1138	LABEL	-	Previous
src/pages/landing/OrganizationPage.jsx	1138	BODY	-	What came before
src/pages/landing/OrganizationPage.jsx	1139	LABEL	-	Now
src/pages/landing/OrganizationPage.jsx	1139	BODY	-	What's happening now
src/pages/landing/OrganizationPage.jsx	1140	LABEL	-	Next
src/pages/landing/OrganizationPage.jsx	1140	BODY	-	What comes next
src/pages/landing/OrganizationPage.jsx	1145	META-aria	-	Previous stage
src/pages/landing/OrganizationPage.jsx	1154	META-aria	-	Next stage
src/pages/landing/OrganizationPage.jsx	1163	BODY	-	Your institution keeps its place
src/pages/landing/OrganizationPage.jsx	1204	BODY	-	grid-rows-[1fr] opacity-100
src/pages/landing/OrganizationPage.jsx	1204	BODY	-	grid-rows-[0fr] opacity-0
src/pages/landing/OrganizationPage.jsx	1231	BODY	-	relative py-24 lg:py-32 [overflow-x:clip]
src/pages/landing/OrganizationPage.jsx	1233	BODY	-	Your achievement
src/pages/landing/OrganizationPage.jsx	1234	HEADLINE	-	See what your organization can achieve.
src/pages/landing/OrganizationPage.jsx	1236	BODY	EM_DASH(body)	Connected learning, stronger results — for everyone you serve
src/pages/landing/OrganizationPage.jsx	1249	BODY	-	center center
src/pages/landing/OrganizationPage.jsx	1261	LABEL	-	Student
src/pages/landing/OrganizationPage.jsx	1262	LABEL	-	Teacher
src/pages/landing/OrganizationPage.jsx	1263	LABEL	-	Parent
src/pages/landing/OrganizationPage.jsx	1264	LABEL	-	Professional
src/pages/landing/OrganizationPage.jsx	1265	LABEL	-	Organization
src/pages/landing/OrganizationPage.jsx	1277	BODY	-	aspect-[20/19] w-full object-cover
src/pages/landing/OrganizationPage.jsx	1282	BODY	-	absolute left-5 top-5 flex h-10 w-10 items-center justify-center rounded-full bg-white/95
src/pages/landing/OrganizationPage.jsx	1301	BODY	-	relative bg-white py-24 lg:py-32 [overflow-x:clip]
src/pages/landing/OrganizationPage.jsx	1303	BODY	-	Your journey
src/pages/landing/OrganizationPage.jsx	1316	BODY	-	flex justify-start py-2 pl-[16%] lg:py-3 lg:pl-[20%]
src/pages/landing/OrganizationPage.jsx	1338	BODY	-	s question helps a teacher adjust. A teacher
src/pages/landing/OrganizationPage.jsx	1338	BODY	-	A student's question helps a teacher adjust. A teacher's insight helps a parent support. A professional's progress helps an organization plan. One intelligence, connected
src/pages/landing/OrganizationPage.jsx	1345	BODY	-	See how Visionary keeps it connected
src/pages/landing/OrganizationPage.jsx	1387	BODY	-	relative bg-white py-24 lg:py-32 [overflow-x:clip]
src/pages/landing/OrganizationPage.jsx	1389	BODY	-	Trust and safety
src/pages/landing/OrganizationPage.jsx	1392	BODY	-	hero-fade-up inline-block
src/pages/landing/OrganizationPage.jsx	1395	BODY	PASSIVE	Your people's questions, conversations, and progress are personal. Visionary is built to keep it that way
src/pages/landing/OrganizationPage.jsx	1405	META-aria	-	Previous trust card
src/pages/landing/OrganizationPage.jsx	1408	META-aria	-	Next trust card
src/pages/landing/OrganizationPage.jsx	1417	BODY	-	flex flex-col gap-8 2xl:grid 2xl:grid-cols-2 2xl:gap-10
src/pages/landing/OrganizationPage.jsx	1437	BODY	-	Begin today
src/pages/landing/OrganizationPage.jsx	1440	BODY	-	Bring Visionary to your organization
src/pages/landing/OrganizationPage.jsx	1443	BODY	EM_DASH(body)	Start with one class, one team — and build from there
src/pages/landing/OrganizationPage.jsx	1451	BODY	-	Contact sales
src/pages/landing/OrganizationPage.jsx	1458	BODY	-	Get started
src/pages/landing/OrganizationPage.jsx	1485	BODY	-	Learn more
src/pages/landing/OrganizationPage.jsx	1497	BODY	-	relative py-16 lg:py-24 [overflow-x:clip]
src/pages/landing/OrganizationPage.jsx	1500	BODY	-	Explore Visionary
src/pages/landing/OrganizationPage.jsx	1514	META-aria	-	Next categories
src/pages/landing/ParentPage.jsx	175	BODY	-	Parenting.
src/pages/landing/ParentPage.jsx	175	BODY	-	to see.
src/pages/landing/ParentPage.jsx	175	BODY	-	to help.
src/pages/landing/ParentPage.jsx	179	BODY	-	The report card says fine. I still don't know how to help.
src/pages/landing/ParentPage.jsx	179	BODY	-	Parent reviewing a child's progress
src/pages/landing/ParentPage.jsx	180	BODY	-	We fight over homework every night. I don't know the right way to explain.
src/pages/landing/ParentPage.jsx	180	BODY	-	Parent helping with homework at night
src/pages/landing/ParentPage.jsx	181	BODY	-	She says she understood. The test says something else.
src/pages/landing/ParentPage.jsx	181	BODY	-	Parent talking with a child about a test
src/pages/landing/ParentPage.jsx	182	BODY	-	He used to love learning. Now he hides his books.
src/pages/landing/ParentPage.jsx	182	BODY	-	Parent encouraging a discouraged child
src/pages/landing/ParentPage.jsx	183	BODY	-	I meet the teacher once a year. I want to know every week.
src/pages/landing/ParentPage.jsx	183	BODY	-	Parent at a parent-teacher meeting
src/pages/landing/ParentPage.jsx	188	BODY	-	moves with them.
src/pages/landing/ParentPage.jsx	189	BODY	-	meets their questions.
src/pages/landing/ParentPage.jsx	190	BODY	-	changes with their goals.
src/pages/landing/ParentPage.jsx	191	BODY	-	grows with their understanding.
src/pages/landing/ParentPage.jsx	192	BODY	-	opens what comes next.
src/pages/landing/ParentPage.jsx	196	BODY	-	Every step connected.
src/pages/landing/ParentPage.jsx	196	BODY	-	Every week connected.
src/pages/landing/ParentPage.jsx	196	BODY	-	Every win connected.
src/pages/landing/ParentPage.jsx	196	BODY	-	Every worry connected.
src/pages/landing/ParentPage.jsx	200	HEADLINE	-	What your child understood this week.
src/pages/landing/ParentPage.jsx	200	BODY	EM_DASH(body)	Not just what was covered — what actually made sense, in minutes.
src/pages/landing/ParentPage.jsx	201	HEADLINE	-	Know where your child is stuck.
src/pages/landing/ParentPage.jsx	201	BODY	EM_DASH(body)	See the exact idea that stopped them — before it becomes a grade.
src/pages/landing/ParentPage.jsx	202	HEADLINE	-	See which way learning is moving.
src/pages/landing/ParentPage.jsx	202	BODY	EM_DASH(body)	Understand whether confidence is building or slipping — and what changed along the way.
src/pages/landing/ParentPage.jsx	203	HEADLINE	LONG_HEADING	You see more when everyone sees the same picture.
src/pages/landing/ParentPage.jsx	203	BODY	-	When you, your child, and the teacher share one view, support gets simple.
src/pages/landing/ParentPage.jsx	210	LABEL	-	Hindi
src/pages/landing/ParentPage.jsx	211	LABEL	-	English
src/pages/landing/ParentPage.jsx	212	LABEL	-	Bengali
src/pages/landing/ParentPage.jsx	213	LABEL	-	Tamil
src/pages/landing/ParentPage.jsx	214	LABEL	-	Kannada
src/pages/landing/ParentPage.jsx	215	LABEL	-	Punjabi
src/pages/landing/ParentPage.jsx	219	BODY	-	Priya iss hafte physics mein kaisi rahi?
src/pages/landing/ParentPage.jsx	219	BODY	-	How did Priya do in physics this week?
src/pages/landing/ParentPage.jsx	220	BODY	-	Homework mein main kaise madad karoon?
src/pages/landing/ParentPage.jsx	220	BODY	-	How do I help with homework?
src/pages/landing/ParentPage.jsx	221	BODY	-	Parent-teacher meeting se pehle kya jaanna chahiye?
src/pages/landing/ParentPage.jsx	221	BODY	-	What should I know before the parent-teacher meeting?
src/pages/landing/ParentPage.jsx	226	LABEL	-	Primary
src/pages/landing/ParentPage.jsx	226	LABEL	-	Factors
src/pages/landing/ParentPage.jsx	226	LABEL	-	Decimals
src/pages/landing/ParentPage.jsx	226	LABEL	-	Percentages
src/pages/landing/ParentPage.jsx	227	LABEL	-	Secondary
src/pages/landing/ParentPage.jsx	227	LABEL	-	Linear equations
src/pages/landing/ParentPage.jsx	227	LABEL	-	Graphs
src/pages/landing/ParentPage.jsx	227	LABEL	-	Equations
src/pages/landing/ParentPage.jsx	228	LABEL	-	Competitive exams
src/pages/landing/ParentPage.jsx	228	LABEL	-	Concept
src/pages/landing/ParentPage.jsx	228	LABEL	-	Difficult problem
src/pages/landing/ParentPage.jsx	228	LABEL	-	New problem
src/pages/landing/ParentPage.jsx	229	LABEL	-	Vocational and skills
src/pages/landing/ParentPage.jsx	229	LABEL	-	Basic skill
src/pages/landing/ParentPage.jsx	229	LABEL	-	Practice
src/pages/landing/ParentPage.jsx	229	LABEL	-	Real project
src/pages/landing/ParentPage.jsx	230	LABEL	-	Higher education
src/pages/landing/ParentPage.jsx	230	LABEL	-	Foundation
src/pages/landing/ParentPage.jsx	230	LABEL	-	Specialization
src/pages/landing/ParentPage.jsx	230	LABEL	-	Career
src/pages/landing/ParentPage.jsx	231	LABEL	-	Independent learning
src/pages/landing/ParentPage.jsx	231	LABEL	-	Curiosity
src/pages/landing/ParentPage.jsx	235	HEADLINE	-	Understand
src/pages/landing/ParentPage.jsx	235	HEADLINE	-	what your child is learning.
src/pages/landing/ParentPage.jsx	235	BODY	EM_DASH(body)	A clear picture of what shaped your child's week — no report card needed.
src/pages/landing/ParentPage.jsx	236	HEADLINE	-	Support
src/pages/landing/ParentPage.jsx	236	HEADLINE	-	where they need it most.
src/pages/landing/ParentPage.jsx	236	BODY	-	Know when to help, how to explain, and when to step back.
src/pages/landing/ParentPage.jsx	237	HEADLINE	-	Celebrate
src/pages/landing/ParentPage.jsx	237	HEADLINE	-	every step forward.
src/pages/landing/ParentPage.jsx	237	BODY	-	See the wins, and turn them into lasting confidence.
src/pages/landing/ParentPage.jsx	240	LABEL	-	Primary
src/pages/landing/ParentPage.jsx	240	LABEL	-	Secondary
src/pages/landing/ParentPage.jsx	240	LABEL	-	Higher secondary
src/pages/landing/ParentPage.jsx	240	LABEL	-	Competitive exams
src/pages/landing/ParentPage.jsx	240	LABEL	-	Vocational and skills
src/pages/landing/ParentPage.jsx	240	LABEL	-	Higher education
src/pages/landing/ParentPage.jsx	240	LABEL	-	Independent learning
src/pages/landing/ParentPage.jsx	244	LINK	-	Student
src/pages/landing/ParentPage.jsx	244	BODY	-	Understand lessons, practise ideas, and build with confidence.
src/pages/landing/ParentPage.jsx	244	BODY	-	Student learning with a laptop
src/pages/landing/ParentPage.jsx	245	LINK	-	Teacher
src/pages/landing/ParentPage.jsx	245	BODY	-	Plan lessons and see who needs support.
src/pages/landing/ParentPage.jsx	245	BODY	-	Teacher working on a laptop in a classroom
src/pages/landing/ParentPage.jsx	246	LINK	-	Professional
src/pages/landing/ParentPage.jsx	246	BODY	-	Turn what you learn into work you can use.
src/pages/landing/ParentPage.jsx	246	BODY	-	Professional discussing work with a tablet
src/pages/landing/ParentPage.jsx	247	LINK	-	Organization
src/pages/landing/ParentPage.jsx	247	BODY	-	Help teams share context across projects.
src/pages/landing/ParentPage.jsx	247	BODY	-	Leader talking at an organization table
src/pages/landing/ParentPage.jsx	283	BODY	-	Parenting, to see what is happening.
src/pages/landing/ParentPage.jsx	284	BODY	EM_DASH(body)	Know what your child is learning — before the report card.
src/pages/landing/ParentPage.jsx	286	BODY	-	A parent helping a child with homework
src/pages/landing/ParentPage.jsx	287	BODY	-	Start free
src/pages/landing/ParentPage.jsx	325	BODY	-	Every
src/pages/landing/ParentPage.jsx	329	BODY	-	block overflow-hidden whitespace-nowrap
src/pages/landing/ParentPage.jsx	332	BODY	-	inline-block animate-[struggleWordIn_0.65s_cubic-bezier(0.22,1,0.36,1)_both]
src/pages/landing/ParentPage.jsx	380	BODY	-	block h-full w-full object-cover animate-[struggleImageIn_0.7s_cubic-bezier(0.22,1,0.36,1)_both]
src/pages/landing/ParentPage.jsx	402	META-aria	-	Parent concerns
src/pages/landing/ParentPage.jsx	429	BODY	-	The problem
src/pages/landing/ParentPage.jsx	470	LABEL	TITLE_CASE	Early Years
src/pages/landing/ParentPage.jsx	471	LABEL	-	Primary
src/pages/landing/ParentPage.jsx	472	LABEL	-	Secondary
src/pages/landing/ParentPage.jsx	473	LABEL	TITLE_CASE	Secondary & Higher secondary
src/pages/landing/ParentPage.jsx	474	LABEL	-	Higher secondary
src/pages/landing/ParentPage.jsx	475	LABEL	-	Competitive exams
src/pages/landing/ParentPage.jsx	476	LABEL	-	Vocational and skills
src/pages/landing/ParentPage.jsx	477	LABEL	-	Higher education
src/pages/landing/ParentPage.jsx	478	LABEL	TITLE_CASE	Beyond School
src/pages/landing/ParentPage.jsx	479	LABEL	-	Independent learning
src/pages/landing/ParentPage.jsx	483	HEADLINE	TITLE_CASE	Early Years
src/pages/landing/ParentPage.jsx	483	BODY	EM_DASH(body)	First questions, first wins — and you see them all.
src/pages/landing/ParentPage.jsx	483	BODY	-	Parent with a young child learning
src/pages/landing/ParentPage.jsx	484	HEADLINE	-	Primary
src/pages/landing/ParentPage.jsx	484	BODY	-	Follow what they're learning, and help without taking over.
src/pages/landing/ParentPage.jsx	484	BODY	-	Parent following primary school learning
src/pages/landing/ParentPage.jsx	485	HEADLINE	-	Secondary
src/pages/landing/ParentPage.jsx	485	BODY	-	Subjects get harder. You stay part of the journey.
src/pages/landing/ParentPage.jsx	485	BODY	-	Parent supporting a secondary student
src/pages/landing/ParentPage.jsx	486	HEADLINE	-	Higher secondary
src/pages/landing/ParentPage.jsx	486	BODY	EM_DASH(body)	Streams, boards, big decisions — and how to support them.
src/pages/landing/ParentPage.jsx	486	BODY	-	Parent discussing higher secondary choices
src/pages/landing/ParentPage.jsx	487	HEADLINE	-	Competitive exams
src/pages/landing/ParentPage.jsx	487	BODY	-	See how preparation is moving, not just the score.
src/pages/landing/ParentPage.jsx	487	LABEL	-	Parent supporting exam preparation
src/pages/landing/ParentPage.jsx	488	HEADLINE	TITLE_CASE	Beyond School
src/pages/landing/ParentPage.jsx	488	BODY	-	Whatever they choose next, their understanding travels with them.
src/pages/landing/ParentPage.jsx	488	BODY	-	Parent celebrating a child's next step
src/pages/landing/ParentPage.jsx	492	LABEL	TITLE_CASE	Early Years
src/pages/landing/ParentPage.jsx	493	LABEL	-	Primary
src/pages/landing/ParentPage.jsx	494	LABEL	-	Secondary
src/pages/landing/ParentPage.jsx	495	LABEL	-	Higher secondary
src/pages/landing/ParentPage.jsx	496	LABEL	-	Competitive exams
src/pages/landing/ParentPage.jsx	497	LABEL	TITLE_CASE	Beyond School
src/pages/landing/ParentPage.jsx	501	LABEL	TITLE_CASE	Early Years
src/pages/landing/ParentPage.jsx	502	LABEL	-	Be part of
src/pages/landing/ParentPage.jsx	502	BODY	-	the first wins.
src/pages/landing/ParentPage.jsx	503	BODY	EM_DASH(body)	The earliest years set the tone for a lifetime of learning. Visionary makes first understanding visual, gentle, and joyful — and keeps you close to every step.
src/pages/landing/ParentPage.jsx	504	LABEL	-	See a learning example
src/pages/landing/ParentPage.jsx	506	BODY	-	See how they learn.
src/pages/landing/ParentPage.jsx	506	BODY	-	First concepts become pictures, stories, and voice you can follow along with.
src/pages/landing/ParentPage.jsx	506	LABEL	-	How it works
src/pages/landing/ParentPage.jsx	507	BODY	-	Celebrate early wins.
src/pages/landing/ParentPage.jsx	507	BODY	-	Small victories become visible, so encouragement arrives at the right moment.
src/pages/landing/ParentPage.jsx	507	LABEL	-	Start as a parent
src/pages/landing/ParentPage.jsx	508	BODY	-	In your language.
src/pages/landing/ParentPage.jsx	508	BODY	EM_DASH(body)	Early learning happens best in the language your child thinks in — and yours.
src/pages/landing/ParentPage.jsx	508	LABEL	-	Language support
src/pages/landing/ParentPage.jsx	509	BODY	-	Learn together.
src/pages/landing/ParentPage.jsx	509	BODY	-	Simple ways to join in, without taking over the learning.
src/pages/landing/ParentPage.jsx	509	LABEL	-	Talk to us
src/pages/landing/ParentPage.jsx	512	LABEL	-	Primary
src/pages/landing/ParentPage.jsx	513	BODY	-	Follow the homework.
src/pages/landing/ParentPage.jsx	513	BODY	-	Without the fight.
src/pages/landing/ParentPage.jsx	514	BODY	-	When homework begins, so do the questions. Visionary shows what your child is learning this week and how to help without taking over.
src/pages/landing/ParentPage.jsx	515	LABEL	-	See a learning example
src/pages/landing/ParentPage.jsx	517	BODY	-	Know what they're learning.
src/pages/landing/ParentPage.jsx	517	BODY	-	A clear picture of the week's lessons, in minutes, not report-card surprises.
src/pages/landing/ParentPage.jsx	517	LABEL	-	See how it works
src/pages/landing/ParentPage.jsx	518	BODY	-	Help the right way.
src/pages/landing/ParentPage.jsx	518	BODY	-	Suggestions for explaining an idea the way your child will understand it.
src/pages/landing/ParentPage.jsx	518	LABEL	-	Get support
src/pages/landing/ParentPage.jsx	519	BODY	-	See practice happen.
src/pages/landing/ParentPage.jsx	519	BODY	-	Follow gentle, encouraging practice that rewards effort, not speed.
src/pages/landing/ParentPage.jsx	519	LABEL	-	Start as a parent
src/pages/landing/ParentPage.jsx	520	BODY	-	In your language.
src/pages/landing/ParentPage.jsx	520	BODY	-	Understand their journey in the language you think in.
src/pages/landing/ParentPage.jsx	520	LABEL	-	Language support
src/pages/landing/ParentPage.jsx	523	LABEL	-	Secondary
src/pages/landing/ParentPage.jsx	524	LABEL	-	Stay close
src/pages/landing/ParentPage.jsx	524	BODY	-	as it gets harder.
src/pages/landing/ParentPage.jsx	525	BODY	EM_DASH(body)	Subjects deepen and conversations get shorter. Visionary keeps you part of the journey — with the context to support without hovering.
src/pages/landing/ParentPage.jsx	526	LABEL	-	See a learning example
src/pages/landing/ParentPage.jsx	528	BODY	-	Know where they are stuck.
src/pages/landing/ParentPage.jsx	528	BODY	-	See the exact idea that stopped them, before it becomes a gap.
src/pages/landing/ParentPage.jsx	528	LABEL	-	See how it works
src/pages/landing/ParentPage.jsx	529	BODY	-	Follow every subject.
src/pages/landing/ParentPage.jsx	529	BODY	-	One connected picture across chapters, subjects, and exams.
src/pages/landing/ParentPage.jsx	529	LABEL	-	Keep the picture
src/pages/landing/ParentPage.jsx	530	BODY	-	Explain it their way.
src/pages/landing/ParentPage.jsx	530	BODY	-	The right words for the way your child learns best.
src/pages/landing/ParentPage.jsx	530	LABEL	-	Get support
src/pages/landing/ParentPage.jsx	531	BODY	-	Teachers and parents together.
src/pages/landing/ParentPage.jsx	531	BODY	-	When everyone sees the same picture, support becomes simple.
src/pages/landing/ParentPage.jsx	531	LABEL	-	Talk to us
src/pages/landing/ParentPage.jsx	534	LABEL	-	Higher secondary
src/pages/landing/ParentPage.jsx	535	BODY	-	Big decisions.
src/pages/landing/ParentPage.jsx	535	BODY	-	Clearer choices.
src/pages/landing/ParentPage.jsx	536	BODY	-	Streams, boards, and the years that shape what comes next. Visionary helps you understand what your child is working toward and how to support it.
src/pages/landing/ParentPage.jsx	537	LABEL	-	See a learning example
src/pages/landing/ParentPage.jsx	539	BODY	-	Understand the path.
src/pages/landing/ParentPage.jsx	539	BODY	-	See how subjects, streams, and goals connect into one journey.
src/pages/landing/ParentPage.jsx	539	LABEL	-	See how it works
src/pages/landing/ParentPage.jsx	540	BODY	-	Support the goal.
src/pages/landing/ParentPage.jsx	540	BODY	EM_DASH(body)	Know what their choices require — and how they're progressing toward it.
src/pages/landing/ParentPage.jsx	540	LABEL	-	Start as a parent
src/pages/landing/ParentPage.jsx	541	BODY	-	Boards and beyond.
src/pages/landing/ParentPage.jsx	541	BODY	-	The same understanding carries into exams and what comes after.
src/pages/landing/ParentPage.jsx	541	LABEL	-	Keep the picture
src/pages/landing/ParentPage.jsx	542	BODY	-	Be there at the right moments.
src/pages/landing/ParentPage.jsx	542	BODY	-	Know when to step in, and when to let them lead.
src/pages/landing/ParentPage.jsx	542	LABEL	-	Get support
src/pages/landing/ParentPage.jsx	545	LABEL	-	Competitive exams
src/pages/landing/ParentPage.jsx	546	BODY	-	See the preparation.
src/pages/landing/ParentPage.jsx	546	BODY	-	Not just the score.
src/pages/landing/ParentPage.jsx	547	BODY	EM_DASH(body)	Competitive years are a marathon. Visionary shows you how preparation is actually moving — and when to push and when to pause.
src/pages/landing/ParentPage.jsx	548	LABEL	-	See a learning example
src/pages/landing/ParentPage.jsx	550	BODY	-	Beyond the mock score.
src/pages/landing/ParentPage.jsx	550	BODY	-	See reasoning, accuracy, and confidence building over time.
src/pages/landing/ParentPage.jsx	550	LABEL	-	See how it works
src/pages/landing/ParentPage.jsx	551	BODY	-	Learn from every attempt.
src/pages/landing/ParentPage.jsx	551	BODY	-	Each mock becomes context: what to revise, skip, strengthen.
src/pages/landing/ParentPage.jsx	551	LABEL	-	Keep the picture
src/pages/landing/ParentPage.jsx	552	BODY	-	Steady support under pressure.
src/pages/landing/ParentPage.jsx	552	BODY	-	Know the moments your encouragement matters most.
src/pages/landing/ParentPage.jsx	552	LABEL	-	Get support
src/pages/landing/ParentPage.jsx	553	BODY	-	Everyone on the same page.
src/pages/landing/ParentPage.jsx	553	BODY	-	You, your child, and their teachers sharing one picture.
src/pages/landing/ParentPage.jsx	553	LABEL	-	Talk to us
src/pages/landing/ParentPage.jsx	556	LABEL	TITLE_CASE	Beyond School
src/pages/landing/ParentPage.jsx	557	BODY	-	Their next step.
src/pages/landing/ParentPage.jsx	557	BODY	-	Your continued support.
src/pages/landing/ParentPage.jsx	558	BODY	EM_DASH(body)	Whatever they choose next — further study, skills, or work — the understanding they've built travels with them, and so does your support.
src/pages/landing/ParentPage.jsx	559	LABEL	-	See a learning example
src/pages/landing/ParentPage.jsx	561	BODY	-	Learning that carries forward.
src/pages/landing/ParentPage.jsx	561	BODY	-	The understanding they've built connects to whatever comes next.
src/pages/landing/ParentPage.jsx	561	LABEL	-	See how it works
src/pages/landing/ParentPage.jsx	562	BODY	-	Skills and projects.
src/pages/landing/ParentPage.jsx	562	BODY	-	See what they're building turn into real work and real direction.
src/pages/landing/ParentPage.jsx	562	LABEL	-	Start as a parent
src/pages/landing/ParentPage.jsx	563	BODY	-	Higher education and beyond.
src/pages/landing/ParentPage.jsx	563	BODY	-	Follow the journey as it deepens through college and career.
src/pages/landing/ParentPage.jsx	563	LABEL	-	Keep the picture
src/pages/landing/ParentPage.jsx	564	BODY	-	A partner for the family.
src/pages/landing/ParentPage.jsx	564	BODY	-	Visionary supports learners and the people behind them.
src/pages/landing/ParentPage.jsx	564	LABEL	-	Talk to us
src/pages/landing/ParentPage.jsx	570	BODY	-	max(1.5rem, calc(50% - 40rem))
src/pages/landing/ParentPage.jsx	577	BODY	-	max(1.5rem, 6%)
src/pages/landing/ParentPage.jsx	578	BODY	-	flex snap-x snap-mandatory gap-12 overflow-x-auto pb-4 [scrollbar-width:none] [&::-webkit-scrollbar]:hidden
src/pages/landing/ParentPage.jsx	598	BODY	-	absolute left-5 top-5 flex h-10 w-10 items-center justify-center rounded-full bg-white/95
src/pages/landing/ParentPage.jsx	615	META-aria	-	Previous stages
src/pages/landing/ParentPage.jsx	618	META-aria	-	Next stages
src/pages/landing/ParentPage.jsx	633	LABEL	-	Escape
src/pages/landing/ParentPage.jsx	654	LABEL	-	Primary
src/pages/landing/ParentPage.jsx	657	LABEL	-	Start as a parent
src/pages/landing/ParentPage.jsx	658	LABEL	-	See how it works
src/pages/landing/ParentPage.jsx	665	META-aria	-	Close dialog
src/pages/landing/ParentPage.jsx	678	META-aria	-	Close
src/pages/landing/ParentPage.jsx	697	BODY	-	aspect-[21/9] w-full object-cover
src/pages/landing/ParentPage.jsx	804	BODY	-	Your child's learning, your journey
src/pages/landing/ParentPage.jsx	807	BODY	-	Learning that
src/pages/landing/ParentPage.jsx	808	BODY	-	hidden md:block
src/pages/landing/ParentPage.jsx	809	BODY	-	hero-fade-up inline-block
src/pages/landing/ParentPage.jsx	815	BODY	-	Wherever your child begins, Visionary helps their learning move forward from there
src/pages/landing/ParentPage.jsx	820	META-aria	-	Learning stages
src/pages/landing/ParentPage.jsx	820	BODY	-	flex gap-3 overflow-x-auto py-1 [scrollbar-width:none] [&::-webkit-scrollbar]:hidden lg:flex-wrap lg:justify-center lg:gap-4 lg:overflow-visible lg:py-0
src/pages/landing/ParentPage.jsx	882	BODY	-	aspect-[4/3] w-full object-cover lg:aspect-[15/16]
src/pages/landing/ParentPage.jsx	896	BODY	-	relative [overflow-x:clip]
src/pages/landing/ParentPage.jsx	899	BODY	-	The intelligence behind your child's learning
src/pages/landing/ParentPage.jsx	903	BODY	-	hero-fade-up inline-block
src/pages/landing/ParentPage.jsx	908	BODY	-	From the first question to the moment they can use what they've learned
src/pages/landing/ParentPage.jsx	912	BODY	-	hidden lg:block
src/pages/landing/ParentPage.jsx	944	BODY	-	hero-fade-up inline-block
src/pages/landing/ParentPage.jsx	957	META-aria	-	Language selection
src/pages/landing/ParentPage.jsx	993	BODY	-	Every language
src/pages/landing/ParentPage.jsx	998	BODY	-	Follow your child's journey in the language you think in
src/pages/landing/ParentPage.jsx	1013	BODY	-	h-8 w-1.5 rounded-full
src/pages/landing/ParentPage.jsx	1029	BODY	-	hero-fade-up inline
src/pages/landing/ParentPage.jsx	1043	BODY	EM_DASH(body)	Ask your way — use voice or text in the way you're comfortable
src/pages/landing/ParentPage.jsx	1065	BODY	-	relative inline-block
src/pages/landing/ParentPage.jsx	1089	META-aria	-	Choose a stage
src/pages/landing/ParentPage.jsx	1147	BODY	-	relative py-24 lg:py-32 [overflow-x:clip]
src/pages/landing/ParentPage.jsx	1150	BODY	-	Keep the picture
src/pages/landing/ParentPage.jsx	1153	BODY	-	What your child learns stays with them
src/pages/landing/ParentPage.jsx	1156	BODY	-	What they understand becomes part of what comes next. Nobody starts over
src/pages/landing/ParentPage.jsx	1162	LABEL	-	Previous
src/pages/landing/ParentPage.jsx	1162	BODY	-	What they learned
src/pages/landing/ParentPage.jsx	1163	LABEL	-	Now
src/pages/landing/ParentPage.jsx	1163	BODY	-	What they're working on
src/pages/landing/ParentPage.jsx	1164	LABEL	-	Next
src/pages/landing/ParentPage.jsx	1164	BODY	-	Where they can go
src/pages/landing/ParentPage.jsx	1169	META-aria	-	Previous stage
src/pages/landing/ParentPage.jsx	1178	META-aria	-	Next stage
src/pages/landing/ParentPage.jsx	1187	BODY	-	They keep their place
src/pages/landing/ParentPage.jsx	1227	BODY	-	grid-rows-[1fr] opacity-100
src/pages/landing/ParentPage.jsx	1227	BODY	-	grid-rows-[0fr] opacity-0
src/pages/landing/ParentPage.jsx	1254	BODY	-	relative py-24 lg:py-32 [overflow-x:clip]
src/pages/landing/ParentPage.jsx	1256	BODY	-	Your achievement
src/pages/landing/ParentPage.jsx	1257	HEADLINE	-	See what your child can achieve.
src/pages/landing/ParentPage.jsx	1259	BODY	-	Turn understanding into results, skills, and confidence you can see
src/pages/landing/ParentPage.jsx	1272	BODY	-	center center
src/pages/landing/ParentPage.jsx	1293	BODY	-	aspect-[20/19] w-full object-cover
src/pages/landing/ParentPage.jsx	1298	BODY	-	absolute left-5 top-5 flex h-10 w-10 items-center justify-center rounded-full bg-white/95
src/pages/landing/ParentPage.jsx	1317	BODY	-	relative bg-white py-24 lg:py-32 [overflow-x:clip]
src/pages/landing/ParentPage.jsx	1319	BODY	-	Your journey
src/pages/landing/ParentPage.jsx	1324	BODY	-	As their subjects, skills, and goals change, Visionary keeps giving you a place to continue supporting, understanding, and moving forward together
src/pages/landing/ParentPage.jsx	1332	BODY	-	flex justify-start py-2 pl-[16%] lg:py-3 lg:pl-[20%]
src/pages/landing/ParentPage.jsx	1354	BODY	-	Wherever their journey goes, your support can continue with them
src/pages/landing/ParentPage.jsx	1361	BODY	-	See how Visionary keeps it connected
src/pages/landing/ParentPage.jsx	1379	HEADLINE	-	Private by design.
src/pages/landing/ParentPage.jsx	1379	BODY	-	Your child's information. Treated with care.
src/pages/landing/ParentPage.jsx	1379	LINK	-	Read the privacy approach
src/pages/landing/ParentPage.jsx	1380	HEADLINE	-	Safe to grow with.
src/pages/landing/ParentPage.jsx	1380	BODY	-	Built from the first question to what's next.
src/pages/landing/ParentPage.jsx	1380	LINK	-	See our security practices
src/pages/landing/ParentPage.jsx	1381	HEADLINE	-	Built responsibly.
src/pages/landing/ParentPage.jsx	1381	BODY	-	Intelligence should help people, never work against them.
src/pages/landing/ParentPage.jsx	1381	LINK	-	Read our commitments
src/pages/landing/ParentPage.jsx	1413	BODY	-	relative bg-white py-24 lg:py-32 [overflow-x:clip]
src/pages/landing/ParentPage.jsx	1415	BODY	-	Trust and safety
src/pages/landing/ParentPage.jsx	1418	BODY	-	hero-fade-up inline-block
src/pages/landing/ParentPage.jsx	1421	BODY	PASSIVE	Your child's questions, conversations, and progress are personal. Visionary is built to keep it that way
src/pages/landing/ParentPage.jsx	1431	META-aria	-	Previous trust card
src/pages/landing/ParentPage.jsx	1434	META-aria	-	Next trust card
src/pages/landing/ParentPage.jsx	1443	BODY	-	flex flex-col gap-8 2xl:grid 2xl:grid-cols-2 2xl:gap-10
src/pages/landing/ParentPage.jsx	1463	BODY	-	Begin today
src/pages/landing/ParentPage.jsx	1466	BODY	-	Your child's journey is already happening
src/pages/landing/ParentPage.jsx	1469	BODY	-	See what they understand. Know where to help
src/pages/landing/ParentPage.jsx	1477	BODY	-	Get started
src/pages/landing/ParentPage.jsx	1504	BODY	-	Learn more
src/pages/landing/ParentPage.jsx	1516	BODY	-	relative py-16 lg:py-24 [overflow-x:clip]
src/pages/landing/ParentPage.jsx	1519	BODY	-	Explore Visionary
src/pages/landing/ParentPage.jsx	1533	META-aria	-	Next categories
src/pages/landing/PartnersPage.jsx	4	BODY	-	ArrowUpRight, Check, ChevronLeft, ChevronRight, Clock, Compass
src/pages/landing/PartnersPage.jsx	5	BODY	-	GraduationCap, Newspaper, UsersRound
src/pages/landing/PartnersPage.jsx	60	LINK	-	Schools & systems
src/pages/landing/PartnersPage.jsx	60	BODY	EM_DASH(body)	Schools and educators can share the settings, cohorts, and outcomes they want us to understand — from a single classroom to a whole network.
src/pages/landing/PartnersPage.jsx	61	LINK	-	Technology teams
src/pages/landing/PartnersPage.jsx	61	BODY	-	Technology teams can explore integrations that make learning, identity, or administration easier to connect.
src/pages/landing/PartnersPage.jsx	62	LINK	-	Regional & language experts
src/pages/landing/PartnersPage.jsx	62	BODY	EM_DASH(body)	People with regional or language expertise can describe where existing learning experiences might not fit — and help shape what should exist instead.
src/pages/landing/PartnersPage.jsx	63	LINK	-	Institutions & organizations
src/pages/landing/PartnersPage.jsx	63	BODY	-	Colleges, coaching institutes, and workplaces can explore a partnership around a specific learning need, audience, or implementation goal.
src/pages/landing/PartnersPage.jsx	69	HEADLINE	-	Enablement & onboarding
src/pages/landing/PartnersPage.jsx	71	LABEL	-	Walkthroughs for your team
src/pages/landing/PartnersPage.jsx	71	BODY	-	Sessions that take teachers and administrators through the learning loop: Learn, Ask, Practice, Build.
src/pages/landing/PartnersPage.jsx	72	LABEL	-	Classroom-ready setup guides
src/pages/landing/PartnersPage.jsx	72	BODY	EM_DASH(body)	Setup, cohort creation, and consent-based access — documented for your context.
src/pages/landing/PartnersPage.jsx	76	HEADLINE	-	Co-design & pilot support
src/pages/landing/PartnersPage.jsx	78	BODY	-	A named point of contact
src/pages/landing/PartnersPage.jsx	78	BODY	-	One person accountable for the work, from the first call to the final review.
src/pages/landing/PartnersPage.jsx	79	BODY	-	Scoped pilots with real classrooms
src/pages/landing/PartnersPage.jsx	79	BODY	-	Bounded rollouts with success measures agreed in writing before anything begins.
src/pages/landing/PartnersPage.jsx	83	HEADLINE	-	Recognition and shared learning
src/pages/landing/PartnersPage.jsx	85	LABEL	-	Co-publication of results
src/pages/landing/PartnersPage.jsx	85	BODY	-	Findings from pilots are written up and shared with your name on them, where both teams agree.
src/pages/landing/PartnersPage.jsx	86	BODY	-	Early visibility of what is changing
src/pages/landing/PartnersPage.jsx	86	BODY	-	Roadmap changes that affect your rollout, before they reach the release notes.
src/pages/landing/PartnersPage.jsx	93	LABEL	-	Conversation
src/pages/landing/PartnersPage.jsx	93	LABEL	-	Scoped pilot
src/pages/landing/PartnersPage.jsx	93	LABEL	-	Ongoing programme
src/pages/landing/PartnersPage.jsx	95	LABEL	-	Named point of contact
src/pages/landing/PartnersPage.jsx	96	LABEL	-	Product enablement for your team
src/pages/landing/PartnersPage.jsx	97	LABEL	-	Scoped success measures
src/pages/landing/PartnersPage.jsx	98	LABEL	-	Co-designed rollout plan
src/pages/landing/PartnersPage.jsx	99	LABEL	-	Aggregate insights review
src/pages/landing/PartnersPage.jsx	100	LABEL	-	Co-publication of results
src/pages/landing/PartnersPage.jsx	105	HEADLINE	-	Write to us
src/pages/landing/PartnersPage.jsx	106	HEADLINE	-	A context call
src/pages/landing/PartnersPage.jsx	106	BODY	-	A short conversation about needs, constraints, and timing.
src/pages/landing/PartnersPage.jsx	107	HEADLINE	-	A scoped pilot
src/pages/landing/PartnersPage.jsx	107	BODY	EM_DASH(body)	Where the idea fits, we agree a bounded pilot: scope, responsibilities, privacy, costs, and success measures — in writing.
src/pages/landing/PartnersPage.jsx	108	HEADLINE	-	Review, then begin
src/pages/landing/PartnersPage.jsx	108	BODY	EM_DASH(body)	We start, review against the measures together, and decide what continues — with findings written up either way.
src/pages/landing/PartnersPage.jsx	116	HEADLINE	-	A source to grow learning capability
src/pages/landing/PartnersPage.jsx	117	BODY	-	A partnership gives your team the guides and teaching materials to introduce Visionary and run the learning loop: Learn, Ask, Practise, Build.
src/pages/landing/PartnersPage.jsx	121	HEADLINE	-	Local context, real languages
src/pages/landing/PartnersPage.jsx	122	BODY	-	Language journeys run in English, Hindi, and Bengali today. Regional partners help us see where learning experiences need to work differently.
src/pages/landing/PartnersPage.jsx	126	HEADLINE	-	Evidence over claims
src/pages/landing/PartnersPage.jsx	127	BODY	-	We study how people learn with Visionary and publish what we find. Partners see what worked, what did not, and what changed.
src/pages/landing/PartnersPage.jsx	137	META-aria	-	What a Visionary partnership is
src/pages/landing/PartnersPage.jsx	140	BODY	-	flex transition-transform duration-500 ease-out motion-reduce:transition-none
src/pages/landing/PartnersPage.jsx	172	META-aria	-	Previous slide
src/pages/landing/PartnersPage.jsx	175	META-aria	-	Choose slide
src/pages/landing/PartnersPage.jsx	175	BODY	-	flex items-center gap-2.5
src/pages/landing/PartnersPage.jsx	189	META-aria	-	Next slide
src/pages/landing/PartnersPage.jsx	203	LABEL	-	Partners
src/pages/landing/PartnersPage.jsx	211	BODY	-	Visionary partnerships
src/pages/landing/PartnersPage.jsx	217	BODY	-	Education, technology, and local knowledge in one effort, measured by outcomes
src/pages/landing/PartnersPage.jsx	221	LABEL	-	Partnership enquiry
src/pages/landing/PartnersPage.jsx	230	BODY	-	See how it works
src/pages/landing/PartnersPage.jsx	245	HEADLINE	LONG_HEADING	Two partners meeting at a table over a laptop
src/pages/landing/PartnersPage.jsx	249	BODY	-	Reply within 5 business days
src/pages/landing/PartnersPage.jsx	260	BODY	-	What is a Visionary partnership?
src/pages/landing/PartnersPage.jsx	263	BODY	-	Three things, agreed honestly: enablement, co-design, and evidence. Move through each below
src/pages/landing/PartnersPage.jsx	283	BODY	-	Who we partner with
src/pages/landing/PartnersPage.jsx	286	BODY	EM_DASH(body)	Partnerships start from different kinds of knowledge — the contexts our product must understand to serve learners well. Each starts with the same conversation
src/pages/landing/PartnersPage.jsx	291	BODY	-	grid items-center gap-6 sm:grid-cols-[128px_1fr] sm:gap-8
src/pages/landing/PartnersPage.jsx	312	BODY	-	What a partnership includes
src/pages/landing/PartnersPage.jsx	315	BODY	EM_DASH(body)	The same foundations for every partner — scaled to the work we agree on together
src/pages/landing/PartnersPage.jsx	348	BODY	-	How deep the work can go
src/pages/landing/PartnersPage.jsx	351	BODY	EM_DASH(body)	Every partnership begins as a conversation. Where it goes from there is agreed together — measured in outcomes, not tiers
src/pages/landing/PartnersPage.jsx	358	LABEL	-	Conversation
src/pages/landing/PartnersPage.jsx	358	BODY	-	Understand each other's context, constraints, and timing.
src/pages/landing/PartnersPage.jsx	359	LABEL	-	Scoped pilot
src/pages/landing/PartnersPage.jsx	359	BODY	-	A bounded rollout with success measures agreed in writing.
src/pages/landing/PartnersPage.jsx	360	LABEL	-	Ongoing programme
src/pages/landing/PartnersPage.jsx	360	BODY	-	A longer partnership, reviewed together each term.
src/pages/landing/PartnersPage.jsx	369	BODY	-	What each partnership depth includes
src/pages/landing/PartnersPage.jsx	373	BODY	-	What is included
src/pages/landing/PartnersPage.jsx	399	LABEL	-	Included
src/pages/landing/PartnersPage.jsx	399	LABEL	-	Not included
src/pages/landing/PartnersPage.jsx	414	BODY	-	The process
src/pages/landing/PartnersPage.jsx	416	BODY	-	How a partnership begins
src/pages/landing/PartnersPage.jsx	419	BODY	EM_DASH(body)	Four steps from a first note to work in progress — with writing at every hinge
src/pages/landing/PartnersPage.jsx	432	BODY	-	Every partnership begins with shared expectations. Scope, responsibilities, privacy, support, costs, and measures of success are agreed in writing before work begins. Sending an enquiry starts a conversation and does not create an endorsement or commercial agreement
src/pages/landing/PartnersPage.jsx	441	BODY	EM_DASH(body)	If your organization works with learners — in a classroom, a system, or a region — we want to understand your context
src/pages/landing/PartnersPage.jsx	445	LABEL	-	Partnership enquiry
src/pages/landing/PartnersPage.jsx	454	BODY	-	Looking for support instead?
src/pages/landing/PartnersPage.jsx	466	BODY	-	For organizations seeking support
src/pages/landing/PartnersPage.jsx	468	BODY	-	Start with the support you need
src/pages/landing/PartnersPage.jsx	471	BODY	-	Tell us about your organization, location, and goal. We can explain the available Visionary options and, when appropriate, whether partner support is available for that need
src/pages/landing/PartnersPage.jsx	479	BODY	-	flex justify-center lg:justify-end
src/pages/landing/PartnersPage.jsx	481	HEADLINE	-	A compass pointing toward the right support
src/pages/landing/PartnersPage.jsx	487	META-aria	-	Contact Visionary
src/pages/landing/PartnersPage.jsx	499	BODY	-	Frequently asked questions
src/pages/landing/PartnersPage.jsx	502	BODY	EM_DASH(body)	Straight answers about how partnerships work — and what they do not promise
src/pages/landing/PartnersPage.jsx	508	BODY	-	Who can become a partner?
src/pages/landing/PartnersPage.jsx	508	BODY	-	Schools, school systems, colleges, coaching institutes, workplaces, technology teams, and people with regional or language expertise. If your work touches how people learn, the conversation can start.
src/pages/landing/PartnersPage.jsx	509	BODY	-	How quickly will the partnerships team reply?
src/pages/landing/PartnersPage.jsx	509	BODY	-	Every enquiry is read by a person on the team.
src/pages/landing/PartnersPage.jsx	510	BODY	-	What does a partnership cost?
src/pages/landing/PartnersPage.jsx	510	BODY	EM_DASH(body)	There is no programme fee to start a conversation. Costs, if any, are agreed in writing for a scoped piece of work — before that work begins.
src/pages/landing/PartnersPage.jsx	511	BODY	-	Is there a public partner directory?
src/pages/landing/PartnersPage.jsx	511	BODY	-	Not today. This page is the single enquiry route. If a public directory is introduced, it will be published here first.
src/pages/landing/PartnersPage.jsx	512	BODY	-	How is learner data protected in a partnership?
src/pages/landing/PartnersPage.jsx	512	BODY	-	Learner data stays governed by the Privacy Policy. Pilots use consent-based access and views that group learners by default, and sensitive learner information never travels by email.
src/pages/landing/PartnersPage.jsx	513	BODY	-	Does an enquiry create an endorsement?
src/pages/landing/PartnersPage.jsx	513	BODY	-	No. An enquiry starts a conversation. Scope, responsibilities, and any public acknowledgement are agreed in writing before work begins.
src/pages/landing/PartnersPage.jsx	514	BODY	-	Can we bring Visionary to our school or organization?
src/pages/landing/PartnersPage.jsx	519	LABEL	-	Expand all
src/pages/landing/PartnersPage.jsx	520	LABEL	-	Collapse all
src/pages/landing/PartnersPage.jsx	521	LABEL	-	Show more
src/pages/landing/PartnersPage.jsx	537	BODY	-	Bring Visionary closer to your learners
src/pages/landing/PartnersPage.jsx	540	BODY	-	A five-minute note is enough to start. Tell us your context, and the partnerships team will reply within five business days
src/pages/landing/PartnersPage.jsx	544	LABEL	-	Partnership enquiry
src/pages/landing/PartnersPage.jsx	553	BODY	-	Or use the contact routes
src/pages/landing/PrivacyPage.jsx	68	LABEL	-	No ads, ever
src/pages/landing/PrivacyPage.jsx	68	BODY	-	Your data is never sold
src/pages/landing/PrivacyPage.jsx	68	LABEL	-	Delete on request
src/pages/landing/PrivacyPage.jsx	73	LABEL	-	Know what is involved
src/pages/landing/PrivacyPage.jsx	74	BODY	EM_DASH(body)	Account, learning activity, device, and preference information — explained by category.
src/pages/landing/PrivacyPage.jsx	75	BODY	-	Icon: Database
src/pages/landing/PrivacyPage.jsx	79	LABEL	-	Understand who can see it
src/pages/landing/PrivacyPage.jsx	81	BODY	-	Icon: Eye
src/pages/landing/PrivacyPage.jsx	85	LABEL	-	Choose what happens next
src/pages/landing/PrivacyPage.jsx	86	BODY	-	Find the available settings and a clear route for privacy requests.
src/pages/landing/PrivacyPage.jsx	87	BODY	-	Icon: Settings2
src/pages/landing/PrivacyPage.jsx	92	HEADLINE	-	What we collect
src/pages/landing/PrivacyPage.jsx	93	HEADLINE	-	Why we use it
src/pages/landing/PrivacyPage.jsx	94	HEADLINE	-	Who can see it
src/pages/landing/PrivacyPage.jsx	95	HEADLINE	-	Your controls
src/pages/landing/PrivacyPage.jsx	96	HEADLINE	-	How we protect it
src/pages/landing/PrivacyPage.jsx	97	HEADLINE	-	Access and deletion requests
src/pages/landing/PrivacyPage.jsx	98	HEADLINE	-	How long we keep it
src/pages/landing/PrivacyPage.jsx	99	HEADLINE	-	Younger learners
src/pages/landing/PrivacyPage.jsx	100	HEADLINE	-	Common questions
src/pages/landing/PrivacyPage.jsx	101	HEADLINE	-	Contact and grievances
src/pages/landing/PrivacyPage.jsx	106	BODY	-	What information does Visionary collect exactly?
src/pages/landing/PrivacyPage.jsx	107	BODY	-	Depending on how you use Visionary, this can include account details, the questions and content you provide, learning activity, progress, projects, and information needed to provide the service.
src/pages/landing/PrivacyPage.jsx	110	BODY	-	Why does Visionary use personal information?
src/pages/landing/PrivacyPage.jsx	111	BODY	-	To provide the service, keep your learning connected across sessions, maintain and improve the service, protect people and the service from misuse, and communicate with you about what matters.
src/pages/landing/PrivacyPage.jsx	114	BODY	-	Who can see my learning information?
src/pages/landing/PrivacyPage.jsx	118	BODY	-	How long is information retained?
src/pages/landing/PrivacyPage.jsx	119	BODY	PASSIVE	Information is kept only for as long as it is needed to provide the service, meet legal obligations, resolve disputes, and protect Visionary. Records stored on your device remain there until you remove them or clear that browser’s storage.
src/pages/landing/PrivacyPage.jsx	122	BODY	-	Can I delete my account or learning records?
src/pages/landing/PrivacyPage.jsx	123	BODY	-	You can review the controls available in Privacy settings or contact the Grievance Officer to request access, correction, or deletion. We may need to verify the account before completing a request.
src/pages/landing/PrivacyPage.jsx	126	BODY	-	Does my information sync across devices?
src/pages/landing/PrivacyPage.jsx	127	BODY	PASSIVE	Information saved only on a device stays on that device. Information linked to your Visionary account may be available on devices where you securely sign in. The product identifies which type of storage is being used.
src/pages/landing/PrivacyPage.jsx	221	LABEL	-	Privacy policy
src/pages/landing/PrivacyPage.jsx	226	BODY	-	grid gap-8 lg:grid-cols-[248px_minmax(0,1fr)] lg:gap-14
src/pages/landing/PrivacyPage.jsx	228	BODY	-	hidden lg:block
src/pages/landing/PrivacyPage.jsx	230	BODY	-	In this policy
src/pages/landing/PrivacyPage.jsx	231	META-aria	-	Privacy policy sections
src/pages/landing/PrivacyPage.jsx	253	BODY	-	mt-0.5 h-5 w-5 shrink-0
src/pages/landing/PrivacyPage.jsx	255	BODY	-	For safety and security details, see the Safety and Security pages
src/pages/landing/PrivacyPage.jsx	270	BODY	-	Privacy policy
src/pages/landing/PrivacyPage.jsx	272	BODY	-	Your learning is personal. Privacy should be clear
src/pages/landing/PrivacyPage.jsx	275	BODY	-	This policy explains what information Visionary uses, why, who can see it, and how you can update, manage, or delete it
src/pages/landing/PrivacyPage.jsx	293	BODY	-	Review your data
src/pages/landing/PrivacyPage.jsx	294	BODY	-	Looking to see what is stored on this device?
src/pages/landing/PrivacyPage.jsx	296	BODY	-	Review data on this device
src/pages/landing/PrivacyPage.jsx	317	BODY	-	In this policy
src/pages/landing/PrivacyPage.jsx	318	LABEL	-	Choose a section
src/pages/landing/PrivacyPage.jsx	348	BODY	-	Start here
src/pages/landing/PrivacyPage.jsx	349	HEADLINE	-	The essentials, at a glance
src/pages/landing/PrivacyPage.jsx	369	HEADLINE	-	What we collect
src/pages/landing/PrivacyPage.jsx	371	BODY	-	The information involved depends on the features you use. Some workspace records can stay in your browser, while account services use information needed to sign you in and provide connected features. The categories below explain what may be involved
src/pages/landing/PrivacyPage.jsx	375	HEADLINE	-	Workspace and account context
src/pages/landing/PrivacyPage.jsx	376	HEADLINE	-	Learning and content you provide
src/pages/landing/PrivacyPage.jsx	376	BODY	-	Questions, materials, practice activity, progress records, and projects saved as you use the workspace.
src/pages/landing/PrivacyPage.jsx	377	HEADLINE	-	Device and technical details
src/pages/landing/PrivacyPage.jsx	377	BODY	PASSIVE	Basic browser, device, and diagnostic information may be used to keep the service reliable, secure, and compatible with your device.
src/pages/landing/PrivacyPage.jsx	378	HEADLINE	-	Your preferences
src/pages/landing/PrivacyPage.jsx	378	BODY	PASSIVE	Choices such as language, accessibility, audio interaction, and whether optional learning memory is used.
src/pages/landing/PrivacyPage.jsx	391	HEADLINE	-	Why we use it
src/pages/landing/PrivacyPage.jsx	393	BODY	PASSIVE	Personal information is used to provide your workspace, retain the learning activity you choose to save, maintain and protect the service, and respond to your requests
src/pages/landing/PrivacyPage.jsx	397	HEADLINE	-	Provide Visionary
src/pages/landing/PrivacyPage.jsx	397	BODY	-	Answer questions, guide practice, and keep your work in one place as you continue.
src/pages/landing/PrivacyPage.jsx	398	HEADLINE	-	Keep saved work available
src/pages/landing/PrivacyPage.jsx	398	BODY	-	Retain selected learning records, workspace preferences, and activity on this browser so you can resume where supported.
src/pages/landing/PrivacyPage.jsx	399	HEADLINE	-	Maintain and improve
src/pages/landing/PrivacyPage.jsx	399	BODY	-	Diagnose issues, understand service performance, and improve the experience.
src/pages/landing/PrivacyPage.jsx	400	HEADLINE	-	Protect people and the service
src/pages/landing/PrivacyPage.jsx	400	BODY	-	Prevent misuse, and keep accounts safe from harm.
src/pages/landing/PrivacyPage.jsx	401	HEADLINE	-	Communicate with you
src/pages/landing/PrivacyPage.jsx	401	BODY	-	Service updates, and the email updates you choose to receive.
src/pages/landing/PrivacyPage.jsx	416	HEADLINE	-	Who can see it
src/pages/landing/PrivacyPage.jsx	422	LABEL	-	Student
src/pages/landing/PrivacyPage.jsx	422	BODY	-	Learners can review their own work. Private conversation text is not included in the parent and teacher progress views described here.
src/pages/landing/PrivacyPage.jsx	423	LABEL	-	Teacher
src/pages/landing/PrivacyPage.jsx	423	BODY	-	Class-linked learning evidence is limited to the teacher’s assigned classes in the product model.
src/pages/landing/PrivacyPage.jsx	424	LABEL	-	Parent
src/pages/landing/PrivacyPage.jsx	424	BODY	EM_DASH(body)	A parent view contains shared progress and activity summaries for connected children — not private conversations.
src/pages/landing/PrivacyPage.jsx	425	LABEL	-	Institution
src/pages/landing/PrivacyPage.jsx	426	LABEL	-	Service providers
src/pages/landing/PrivacyPage.jsx	426	BODY	-	Trusted providers may process information only to operate, secure, support, or improve Visionary under appropriate contractual safeguards.
src/pages/landing/PrivacyPage.jsx	435	BODY	-	We may also share information to meet legal obligations under Indian law. Legal demands are handled through the grievance process below
src/pages/landing/PrivacyPage.jsx	441	HEADLINE	-	Your controls
src/pages/landing/PrivacyPage.jsx	444	BUTTON	-	Privacy settings
src/pages/landing/PrivacyPage.jsx	446	BUTTON	TITLE_CASE	Grievance Officer
src/pages/landing/PrivacyPage.jsx	451	HEADLINE	-	Review
src/pages/landing/PrivacyPage.jsx	451	BODY	-	Inspect the personal workspace records saved in this browser.
src/pages/landing/PrivacyPage.jsx	452	HEADLINE	-	Adjust
src/pages/landing/PrivacyPage.jsx	452	BODY	-	Change available language, audio, accessibility, and personalization preferences.
src/pages/landing/PrivacyPage.jsx	453	HEADLINE	-	Export
src/pages/landing/PrivacyPage.jsx	453	BODY	-	No self-service account export is currently connected. Ask the Grievance Officer about a data request.
src/pages/landing/PrivacyPage.jsx	454	HEADLINE	-	Request removal
src/pages/landing/PrivacyPage.jsx	465	BODY	-	Change workspace preferences
src/pages/landing/PrivacyPage.jsx	469	BODY	-	Read about cookies
src/pages/landing/PrivacyPage.jsx	473	BODY	-	Review security practices
src/pages/landing/PrivacyPage.jsx	481	HEADLINE	-	How we protect it
src/pages/landing/PrivacyPage.jsx	483	BODY	-	Visionary uses access controls, secure transport, and appropriate storage safeguards to protect information. We review these protections as the service changes and limit access to people and providers who need it for their work
src/pages/landing/PrivacyPage.jsx	485	LABEL	-	How security works at Visionary
src/pages/landing/PrivacyPage.jsx	490	HEADLINE	-	Access and deletion requests
src/pages/landing/PrivacyPage.jsx	492	BODY	-	You can contact us to ask about personal information associated with your use of Visionary, request access or correction, or request deletion. The Grievance Officer reviews the request and may verify your identity before acting on it
src/pages/landing/PrivacyPage.jsx	496	HEADLINE	-	Access or correction
src/pages/landing/PrivacyPage.jsx	496	BODY	-	Tell us which workspace or record your request concerns so we can review it.
src/pages/landing/PrivacyPage.jsx	497	HEADLINE	-	Deletion
src/pages/landing/PrivacyPage.jsx	497	BODY	-	Describe the account or information you want removed. We will confirm the scope and any applicable retention requirements.
src/pages/landing/PrivacyPage.jsx	498	HEADLINE	-	Records on this device
src/pages/landing/PrivacyPage.jsx	498	BODY	-	Review what is stored in this browser before you clear browser data or change devices.
src/pages/landing/PrivacyPage.jsx	509	BODY	-	Send a privacy request
src/pages/landing/PrivacyPage.jsx	513	BODY	-	Contact the Grievance Officer
src/pages/landing/PrivacyPage.jsx	521	HEADLINE	-	How long we keep it
src/pages/landing/PrivacyPage.jsx	523	BODY	-	Workspace records stored locally remain in this browser until you remove them or clear browser storage. Account information is retained only while it is needed for the purposes explained in this policy, including legal, safety, and service requirements
src/pages/landing/PrivacyPage.jsx	526	BODY	-	Your privacy options.
src/pages/landing/PrivacyPage.jsx	527	BODY	-	mt-4 space-y-2.5
src/pages/landing/PrivacyPage.jsx	528	BODY	-	Review personal workspaces stored in this browser.
src/pages/landing/PrivacyPage.jsx	528	BODY	-	Check whether a record is stored on-device or with your account.
src/pages/landing/PrivacyPage.jsx	528	BODY	-	Ask the Grievance Officer about access or deletion requests.
src/pages/landing/PrivacyPage.jsx	528	BODY	-	Sign out of shared devices and review connected devices regularly.
src/pages/landing/PrivacyPage.jsx	530	BODY	-	mt-2 h-1.5 w-1.5 shrink-0 rounded-full
src/pages/landing/PrivacyPage.jsx	540	HEADLINE	-	Younger learners
src/pages/landing/PrivacyPage.jsx	542	BODY	-	Where a learner is a child under the DPDP Act, Visionary applies the consent and safeguard requirements that apply, including age-appropriate experiences and verified consent where required
src/pages/landing/PrivacyPage.jsx	544	LABEL	-	How safety works for younger learners
src/pages/landing/PrivacyPage.jsx	549	HEADLINE	-	Common privacy questions
src/pages/landing/PrivacyPage.jsx	574	HEADLINE	-	Contact and grievances
src/pages/landing/PrivacyPage.jsx	576	BODY	-	For questions about this policy or to submit a privacy grievance, contact the named Grievance Officer. Include enough detail to identify the request, but do not send passwords or other secrets by email
src/pages/landing/PrivacyPage.jsx	599	HEADLINE	-	Key terms
src/pages/landing/PrivacyPage.jsx	602	LABEL	-	Workspace
src/pages/landing/PrivacyPage.jsx	602	BODY	EM_DASH(body)	The learning environment you use in a browser — it holds the questions, practice, and projects from your sessions.
src/pages/landing/PrivacyPage.jsx	603	LABEL	-	Learning records
src/pages/landing/PrivacyPage.jsx	603	BODY	-	The activity and progress tied to your account or device: what you asked, practised, and built.
src/pages/landing/PrivacyPage.jsx	604	LABEL	-	Browser-local storage
src/pages/landing/PrivacyPage.jsx	604	BODY	-	Records saved in your browser on this device. They stay until you remove them or clear the browser's storage.
src/pages/landing/PrivacyPage.jsx	605	LABEL	-	Account services
src/pages/landing/PrivacyPage.jsx	606	LABEL	TITLE_CASE	Grievance Officer
src/pages/landing/PrivacyPage.jsx	606	BODY	-	The named person responsible for reviewing your privacy requests and grievances under Indian law.
src/pages/landing/PrivacyPage.jsx	607	LABEL	TITLE_CASE	DPDP Act
src/pages/landing/PrivacyPage.jsx	607	BODY	EM_DASH(body)	India's Digital Personal Data Protection Act — the law whose consent and safeguard rules this policy follows.
src/pages/landing/PrivacyPage.jsx	619	META-aria	-	Related policies
src/pages/landing/PrivacyPage.jsx	621	HEADLINE	-	Read them together
src/pages/landing/PrivacyPage.jsx	624	LABEL	-	Cookie policy
src/pages/landing/PrivacyPage.jsx	624	BODY	-	Essential cookies only.
src/pages/landing/PrivacyPage.jsx	625	LABEL	-	Security
src/pages/landing/PrivacyPage.jsx	625	BODY	-	How your information is protected.
src/pages/landing/PrivacyPage.jsx	626	LABEL	-	Safety
src/pages/landing/PrivacyPage.jsx	626	BODY	-	Guardrails for every learner.
src/pages/landing/PrivacyPage.jsx	627	LABEL	-	Accessibility
src/pages/landing/PrivacyPage.jsx	627	BODY	-	Built for every kind of learner.
src/pages/landing/PrivacyPage.jsx	637	BODY	-	absolute bottom-2.5 right-2.5 flex h-7 w-7 items-center justify-center
src/pages/landing/ReferralPage.jsx	4	BODY	-	ArrowUpRight, Check, Compass, Copy, GraduationCap, Link2
src/pages/landing/ReferralPage.jsx	5	BODY	-	Share2, UserRoundPlus
src/pages/landing/ReferralPage.jsx	48	HEADLINE	-	Share the link
src/pages/landing/ReferralPage.jsx	48	BODY	-	Copy the standard sign-up link and send it to someone who may want to explore Visionary. Only share it where it is welcome.
src/pages/landing/ReferralPage.jsx	49	HEADLINE	-	Your friend explores
src/pages/landing/ReferralPage.jsx	49	BODY	EM_DASH(body)	The link opens the same clear sign-up experience everyone gets — the product tour, the learning loop, and the plans.
src/pages/landing/ReferralPage.jsx	50	HEADLINE	-	Learning begins
src/pages/landing/ReferralPage.jsx	50	BODY	EM_DASH(body)	If it fits, they create an account and start with Learn, Ask, Practice, Build. You had a part in it — quietly.
src/pages/landing/ReferralPage.jsx	55	LABEL	-	Students and families
src/pages/landing/ReferralPage.jsx	55	BODY	EM_DASH(body)	The learning companion that keeps your place — with parent summaries, shared with consent.
src/pages/landing/ReferralPage.jsx	56	LABEL	-	Teachers
src/pages/landing/ReferralPage.jsx	56	BODY	-	Prepare, publish, and review classwork in the language the classroom speaks.
src/pages/landing/ReferralPage.jsx	57	LABEL	-	Organizations
src/pages/landing/ReferralPage.jsx	57	BODY	EM_DASH(body)	Progress across the whole institution — never individual answers.
src/pages/landing/ReferralPage.jsx	62	HEADLINE	-	A student learning with Visionary
src/pages/landing/ReferralPage.jsx	63	HEADLINE	-	A teacher preparing classwork
src/pages/landing/ReferralPage.jsx	64	HEADLINE	-	A team growing together
src/pages/landing/ReferralPage.jsx	76	BODY	-	Sign-up link copied. This link does not track referrals or provide a reward.
src/pages/landing/ReferralPage.jsx	79	BODY	-	Copy was unavailable. Select the sign-up link above and copy it manually.
src/pages/landing/ReferralPage.jsx	86	HEADLINE	-	Explore Visionary
src/pages/landing/ReferralPage.jsx	86	BODY	-	A learning workspace for understanding, practice, and projects.
src/pages/landing/ReferralPage.jsx	87	BODY	-	Share options opened.
src/pages/landing/ReferralPage.jsx	89	BODY	-	Sharing was unavailable. You can copy the link instead.
src/pages/landing/ReferralPage.jsx	97	LABEL	-	Referral
src/pages/landing/ReferralPage.jsx	102	BODY	-	Referral programme
src/pages/landing/ReferralPage.jsx	107	BODY	EM_DASH(body)	Invite someone to explore Visionary. One link, the same sign-up everyone gets — no codes, no tracking, nothing to manage
src/pages/landing/ReferralPage.jsx	115	LABEL	-	Link copied
src/pages/landing/ReferralPage.jsx	115	LABEL	-	Copy your invite link
src/pages/landing/ReferralPage.jsx	121	BODY	-	How sharing works
src/pages/landing/ReferralPage.jsx	146	BODY	-	Sending an invite
src/pages/landing/ReferralPage.jsx	148	BODY	-	How it works
src/pages/landing/ReferralPage.jsx	151	BODY	-	The more personal the share, the more it can mean. Three steps, about a minute
src/pages/landing/ReferralPage.jsx	183	BODY	-	Pointing them well
src/pages/landing/ReferralPage.jsx	185	BODY	-	Start from what they need
src/pages/landing/ReferralPage.jsx	188	BODY	EM_DASH(body)	A share lands better when the page matches the person. Send the one that fits — or the how-it-works tour for everyone
src/pages/landing/ReferralPage.jsx	221	BODY	-	Ready to share?
src/pages/landing/ReferralPage.jsx	223	BODY	-	Copy the standard sign-up link
src/pages/landing/ReferralPage.jsx	226	BODY	-	It opens Visionary registration. It contains no personal referral code and does not tell Visionary who shared it
src/pages/landing/ReferralPage.jsx	230	BODY	EM_DASH(body)	Works for every persona — no account needed to copy it
src/pages/landing/ReferralPage.jsx	234	BODY	-	Visionary sign-up page
src/pages/landing/ReferralPage.jsx	250	LABEL	-	Copied
src/pages/landing/ReferralPage.jsx	250	LABEL	-	Copy sign-up link
src/pages/landing/ReferralPage.jsx	266	BODY	-	Copying this link does not register a referral or create a reward
src/pages/landing/ReferralPage.jsx	277	BODY	-	No points. No tracking. Just a good tool worth passing on
src/pages/landing/ReferralPage.jsx	280	BODY	-	There is no cash reward, account credit, referral code, or tracking dashboard attached to sharing Visionary today. If a formal referral programme with rewards is ever introduced, it will be announced on this page first
src/pages/landing/ReferralPage.jsx	283	LABEL	-	No tracking
src/pages/landing/ReferralPage.jsx	283	LABEL	-	No codes
src/pages/landing/ReferralPage.jsx	283	LABEL	-	No rewards
src/pages/landing/ReferralPage.jsx	283	LABEL	-	No expiry
src/pages/landing/ReferralPage.jsx	296	BODY	-	Good to know
src/pages/landing/ReferralPage.jsx	298	BODY	-	Frequently asked questions
src/pages/landing/ReferralPage.jsx	301	BODY	EM_DASH(body)	Straight answers about sharing Visionary — including what this page does not promise
src/pages/landing/ReferralPage.jsx	307	BODY	-	Do I or my friend receive a reward?
src/pages/landing/ReferralPage.jsx	307	BODY	-	No referral reward or discount is currently offered through this page. We do not promise free months, credits, or other benefits for sharing or signing up.
src/pages/landing/ReferralPage.jsx	308	BODY	-	Can Visionary track who I invite?
src/pages/landing/ReferralPage.jsx	308	BODY	-	No. The shareable link opens ordinary registration and carries no working referral code or attribution. No referral status or history is shown here.
src/pages/landing/ReferralPage.jsx	309	BODY	-	Who can use the sign-up link?
src/pages/landing/ReferralPage.jsx	310	BODY	-	What should I tell my friend?
src/pages/landing/ReferralPage.jsx	310	BODY	EM_DASH(body)	Start with what they need. The how-it-works page explains the loop — Learn, Ask, Practice, Build — and each persona page shows how Visionary fits students, teachers, parents, professionals, and organizations.
src/pages/landing/ReferralPage.jsx	311	BODY	-	Can I ask about future referral features?
src/pages/landing/ReferralPage.jsx	315	LABEL	-	Expand all
src/pages/landing/ReferralPage.jsx	316	LABEL	-	Collapse all
src/pages/landing/ReferralPage.jsx	332	META-aria	-	Privacy reminder
src/pages/landing/ReferralPage.jsx	346	BODY	-	Not sharing yet? Keep growing with us
src/pages/landing/ReferralPage.jsx	349	BODY	EM_DASH(body)	Follow what changes, or meet the people who learn with Visionary — then share when it feels right
src/pages/landing/ReferralPage.jsx	362	BODY	-	Meet the community
src/pages/landing/ResearchNewsPage.jsx	33	LABEL	-	For students
src/pages/landing/ResearchNewsPage.jsx	35	LINK	-	Explore the student experience
src/pages/landing/ResearchNewsPage.jsx	36	HEADLINE	-	A mentor for every step
src/pages/landing/ResearchNewsPage.jsx	38	BODY	-	A student learning with the Visionary mentor
src/pages/landing/ResearchNewsPage.jsx	40	BODY	EM_DASH(body)	The Learn, Ask, Practice, and Build loop turns one day of learning into evidence the mentor plans from — progress described by what was actually done, never by invented scores.
src/pages/landing/ResearchNewsPage.jsx	42	HEADLINE	TITLE_CASE	The Daily Mentor plan
src/pages/landing/ResearchNewsPage.jsx	42	LABEL	-	In the product
src/pages/landing/ResearchNewsPage.jsx	42	BODY	-	Home is a decision, not a grid: one clear next step, chosen from classwork, activity, and due practice.
src/pages/landing/ResearchNewsPage.jsx	43	HEADLINE	-	Exact session resume
src/pages/landing/ResearchNewsPage.jsx	43	LABEL	-	In the product
src/pages/landing/ResearchNewsPage.jsx	44	HEADLINE	-	Build with recovery
src/pages/landing/ResearchNewsPage.jsx	44	LABEL	-	In the product
src/pages/landing/ResearchNewsPage.jsx	45	HEADLINE	-	Practice that truly adapts
src/pages/landing/ResearchNewsPage.jsx	49	LABEL	-	For teachers
src/pages/landing/ResearchNewsPage.jsx	51	LINK	-	Explore the teacher experience
src/pages/landing/ResearchNewsPage.jsx	52	HEADLINE	-	Teaching, amplified
src/pages/landing/ResearchNewsPage.jsx	54	BODY	-	A teacher guiding a classroom
src/pages/landing/ResearchNewsPage.jsx	56	BODY	EM_DASH(body)	Prepare, publish, and review classwork while the intelligence handles the follow-through — and the learner's private learning stays the learner's own.
src/pages/landing/ResearchNewsPage.jsx	58	HEADLINE	-	Publish and review loop
src/pages/landing/ResearchNewsPage.jsx	58	LABEL	-	In the product
src/pages/landing/ResearchNewsPage.jsx	58	BODY	EM_DASH(body)	Teacher preparation flows to publication, student submission, and a reviewed check — one connected loop.
src/pages/landing/ResearchNewsPage.jsx	59	HEADLINE	-	Class communities, moderated
src/pages/landing/ResearchNewsPage.jsx	59	LABEL	-	In the product
src/pages/landing/ResearchNewsPage.jsx	59	BODY	-	Class-scoped communities with report and rate-limit controls, kept safe by the teacher.
src/pages/landing/ResearchNewsPage.jsx	60	HEADLINE	-	Work in a learner's day
src/pages/landing/ResearchNewsPage.jsx	60	LABEL	-	In the product
src/pages/landing/ResearchNewsPage.jsx	60	BODY	-	Classwork joins a student's Daily Mentor plan without taking ownership of their private learning.
src/pages/landing/ResearchNewsPage.jsx	61	HEADLINE	-	Stage-aware presentation
src/pages/landing/ResearchNewsPage.jsx	66	LABEL	-	For parents
src/pages/landing/ResearchNewsPage.jsx	68	LINK	-	Explore the parent experience
src/pages/landing/ResearchNewsPage.jsx	69	HEADLINE	-	The journey, with consent
src/pages/landing/ResearchNewsPage.jsx	71	BODY	-	A parent supporting learning at home
src/pages/landing/ResearchNewsPage.jsx	73	BODY	EM_DASH(body)	Follow a child's learning through summaries scoped by consent — support at home without opening the learner's private world.
src/pages/landing/ResearchNewsPage.jsx	75	HEADLINE	-	Consent-based summaries
src/pages/landing/ResearchNewsPage.jsx	75	LABEL	-	In the product
src/pages/landing/ResearchNewsPage.jsx	75	BODY	EM_DASH(body)	Parent reports show only what the learner's consent allows — nothing more appears anywhere.
src/pages/landing/ResearchNewsPage.jsx	76	HEADLINE	-	Boundaries by design
src/pages/landing/ResearchNewsPage.jsx	76	LABEL	-	In the product
src/pages/landing/ResearchNewsPage.jsx	77	HEADLINE	-	Clearer progress updates
src/pages/landing/ResearchNewsPage.jsx	81	LABEL	-	For professionals
src/pages/landing/ResearchNewsPage.jsx	83	LINK	-	Explore the professional experience
src/pages/landing/ResearchNewsPage.jsx	84	HEADLINE	-	From goal to evidence
src/pages/landing/ResearchNewsPage.jsx	86	BODY	-	A professional building skills for work
src/pages/landing/ResearchNewsPage.jsx	90	HEADLINE	-	Goal, evidence, portfolio
src/pages/landing/ResearchNewsPage.jsx	90	LABEL	-	In the product
src/pages/landing/ResearchNewsPage.jsx	90	BODY	-	A professional goal becomes real projects, saved as proof of skill, and assembled into a portfolio.
src/pages/landing/ResearchNewsPage.jsx	91	HEADLINE	-	Understanding, not percentages
src/pages/landing/ResearchNewsPage.jsx	91	LABEL	-	In the product
src/pages/landing/ResearchNewsPage.jsx	91	BODY	EM_DASH(body)	Progress is described by evidence — invented confidence scores and exam-readiness numbers are never shown.
src/pages/landing/ResearchNewsPage.jsx	92	HEADLINE	-	Verified skill claims
src/pages/landing/ResearchNewsPage.jsx	97	LABEL	-	For organizations
src/pages/landing/ResearchNewsPage.jsx	99	LINK	-	Explore the organization experience
src/pages/landing/ResearchNewsPage.jsx	102	BODY	-	An organization bringing learning to its people
src/pages/landing/ResearchNewsPage.jsx	106	HEADLINE	-	Insights across cohorts
src/pages/landing/ResearchNewsPage.jsx	106	LABEL	-	In the product
src/pages/landing/ResearchNewsPage.jsx	107	HEADLINE	-	Isolation enforced
src/pages/landing/ResearchNewsPage.jsx	107	LABEL	-	In the product
src/pages/landing/ResearchNewsPage.jsx	108	HEADLINE	-	Production enforcement
src/pages/landing/ResearchNewsPage.jsx	115	LABEL	-	September 2026
src/pages/landing/ResearchNewsPage.jsx	115	HEADLINE	TITLE_CASE	The Daily Mentor Engine
src/pages/landing/ResearchNewsPage.jsx	116	LABEL	-	September 2026
src/pages/landing/ResearchNewsPage.jsx	116	HEADLINE	-	Two faces of one intelligence
src/pages/landing/ResearchNewsPage.jsx	116	BODY	EM_DASH(body)	Vision Boy and Vision Girl ship as two presentations of the same intelligence — one memory, one way of teaching, one safety policy.
src/pages/landing/ResearchNewsPage.jsx	117	LABEL	-	September 2026
src/pages/landing/ResearchNewsPage.jsx	117	HEADLINE	-	A teacher-moderated community
src/pages/landing/ResearchNewsPage.jsx	117	BODY	-	Class-scoped communities where learners grow together and teachers keep the space safe.
src/pages/landing/ResearchNewsPage.jsx	122	HEADLINE	-	How it works
src/pages/landing/ResearchNewsPage.jsx	122	BODY	EM_DASH(body)	The learning loop the research feeds — explore, check, practise, build.
src/pages/landing/ResearchNewsPage.jsx	122	BODY	-	A designer shaping a learning exercise on paper
src/pages/landing/ResearchNewsPage.jsx	123	HEADLINE	-	The product
src/pages/landing/ResearchNewsPage.jsx	123	BODY	-	Where questions become the experiences learners use every day.
src/pages/landing/ResearchNewsPage.jsx	123	BODY	-	A learner reading closely to make sense of an idea
src/pages/landing/ResearchNewsPage.jsx	124	HEADLINE	-	Community
src/pages/landing/ResearchNewsPage.jsx	124	BODY	-	Learners, teachers, and parents growing together and shaping the questions.
src/pages/landing/ResearchNewsPage.jsx	124	BODY	-	Teammates discussing work in a meeting
src/pages/landing/ResearchNewsPage.jsx	172	LABEL	-	Research
src/pages/landing/ResearchNewsPage.jsx	186	BODY	-	One intelligence,
src/pages/landing/ResearchNewsPage.jsx	187	BODY	-	block pl-[10%] sm:pl-[18%]
src/pages/landing/ResearchNewsPage.jsx	196	BODY	-	We are building a mentor that knows your journey. This page records what we learn
src/pages/landing/ResearchNewsPage.jsx	202	LABEL	-	Amplifying human curiosity
src/pages/landing/ResearchNewsPage.jsx	208	BODY	-	Building the mentor intelligence
src/pages/landing/ResearchNewsPage.jsx	211	BODY	-	The product contract is simple to say and hard to do: one identity across five roles, one understanding behind every view, and one clear next step each day. The mentor is not artificial general intelligence today. That is the direction of the research, and this page shows where it stands
src/pages/landing/ResearchNewsPage.jsx	215	BODY	-	Visionary Intelligence
src/pages/landing/ResearchNewsPage.jsx	217	BODY	-	I am your Intelligence
src/pages/landing/ResearchNewsPage.jsx	219	BODY	-	mt-8 flex flex-wrap gap-2.5
src/pages/landing/ResearchNewsPage.jsx	220	LABEL	-	Knows your journey
src/pages/landing/ResearchNewsPage.jsx	220	LABEL	-	Speaks your language
src/pages/landing/ResearchNewsPage.jsx	220	LABEL	-	Works across roles
src/pages/landing/ResearchNewsPage.jsx	220	LABEL	-	Built on evidence
src/pages/landing/ResearchNewsPage.jsx	236	BODY	-	A person should not have to start over every time life asks them to learn something new.
src/pages/landing/ResearchNewsPage.jsx	249	HEADLINE	-	Read the latest
src/pages/landing/ResearchNewsPage.jsx	251	BODY	-	View product updates
src/pages/landing/ResearchNewsPage.jsx	252	BODY	-	Explore how it works
src/pages/landing/ResearchNewsPage.jsx	284	BODY	-	Our research drives real understanding
src/pages/landing/ResearchNewsPage.jsx	329	BODY	-	other projects
src/pages/landing/ResearchNewsPage.jsx	334	BODY	-	See the work this research feeds
src/pages/landing/ResearchNewsPage.jsx	336	BODY	-	More about the product
src/pages/landing/ResearchNewsPage.jsx	354	BODY	-	grid gap-10 lg:grid-cols-[1fr_1fr] lg:items-center lg:gap-16
src/pages/landing/ResearchNewsPage.jsx	357	BODY	-	The mind behind the mentor
src/pages/landing/ResearchNewsPage.jsx	360	BODY	EM_DASH(body)	The mentor's intelligence is an adapter, not a fixed brain. Retrieval, grounding, safety, memory, and evaluation sit behind one contract — so the mind can improve without the mentor changing, and an unconnected answer is always shown as unconnected
src/pages/landing/ResearchNewsPage.jsx	363	BODY	-	Explore how it works
src/pages/landing/ResearchNewsPage.jsx	367	LABEL	-	Retrieval
src/pages/landing/ResearchNewsPage.jsx	367	LABEL	-	Grounding
src/pages/landing/ResearchNewsPage.jsx	367	LABEL	-	Safety
src/pages/landing/ResearchNewsPage.jsx	367	LABEL	-	Verification
src/pages/landing/ResearchNewsPage.jsx	367	LABEL	-	Memory
src/pages/landing/ResearchNewsPage.jsx	367	LABEL	-	Evaluation
src/pages/landing/ResearchNewsPage.jsx	380	BODY	-	One question started it all
src/pages/landing/ResearchNewsPage.jsx	383	BODY	-	The mentor began with a question, not a feature: why an explanation reaches one learner and misses another. It is why the product began, and why the research continues
src/pages/landing/ResearchNewsPage.jsx	386	BODY	EM_DASH(body)	The method stays the same: begin with a learner need, turn it into a testable product question, design and observe, and share what the evidence supports — with methods and limits described clearly
src/pages/landing/ResearchNewsPage.jsx	389	BODY	-	Visionary has not published formal research papers yet. When work is ready, this page will link to the method, contributors, evidence, and limitations so readers can assess the finding for themselves
src/pages/landing/ResearchNewsPage.jsx	392	BODY	-	Visit product updates
src/pages/landing/ResearchNewsPage.jsx	393	BODY	-	Contact the research team
src/pages/landing/ResearchNewsPage.jsx	397	BODY	-	flex items-center justify-between
src/pages/landing/ResearchNewsPage.jsx	398	BODY	-	The first question
src/pages/landing/ResearchNewsPage.jsx	402	BODY	-	What helps an idea make sense?
src/pages/landing/ResearchNewsPage.jsx	406	BODY	-	Asked at the founding of Visionary · still open · now studied through explanation, examples, and visual representations in the product
src/pages/landing/ResearchNewsPage.jsx	417	BODY	-	A learner reading closely to make sense of an idea
src/pages/landing/ResearchNewsPage.jsx	421	BODY	-	Responsible research is at the heart of what we do
src/pages/landing/ResearchNewsPage.jsx	424	BODY	EM_DASH(body)	Learning involves trust. The research shared here describes questions and methods — not claims of proven outcomes — and the product treats learner privacy and safety as part of the work itself
src/pages/landing/ResearchNewsPage.jsx	427	BODY	-	Our approach to safety
src/pages/landing/ResearchNewsPage.jsx	428	BODY	-	Privacy
src/pages/landing/ResearchNewsPage.jsx	438	BODY	-	Help us shape the future
src/pages/landing/ResearchNewsPage.jsx	442	BODY	-	A teacher explaining an idea
src/pages/landing/ResearchNewsPage.jsx	444	SUBHEAD	-	Join the community
src/pages/landing/ResearchNewsPage.jsx	446	BODY	EM_DASH(body)	Learners, teachers, and parents use the product every day — their experience is a primary source for every question on this page
src/pages/landing/ResearchNewsPage.jsx	451	BODY	-	Explore
src/pages/landing/ResearchNewsPage.jsx	454	BODY	-	A teammate at work in a shared space
src/pages/landing/ResearchNewsPage.jsx	456	SUBHEAD	-	Work with us
src/pages/landing/ResearchNewsPage.jsx	458	BODY	EM_DASH(body)	Help turn these questions into a product — research-minded people across engineering, design, and evidence
src/pages/landing/ResearchNewsPage.jsx	462	BODY	-	Explore
src/pages/landing/ResearchNewsPage.jsx	467	SUBHEAD	-	Have a research question?
src/pages/landing/ResearchNewsPage.jsx	468	BODY	-	Write to the Visionary team.
src/pages/landing/SafetyPage.jsx	4	BODY	-	ArrowUpRight, Check, Eye, Flag, Lock, ShieldCheck, UsersRound
src/pages/landing/SafetyPage.jsx	75	SUBHEAD	-	Age-aware experiences
src/pages/landing/SafetyPage.jsx	76	BODY	-	Safety that fits
src/pages/landing/SafetyPage.jsx	77	BODY	EM_DASH(body)	Safety guidance and product boundaries are applied with the learner's age and context in mind — a twelve-year-old and an adult professional see different guardrails for the same question.
src/pages/landing/SafetyPage.jsx	81	SUBHEAD	-	Safe by default
src/pages/landing/SafetyPage.jsx	82	BODY	-	On from the
src/pages/landing/SafetyPage.jsx	83	BODY	-	Core safeguards are part of the experience from the beginning. Families and organizations can add boundaries, but the default is already safe.
src/pages/landing/SafetyPage.jsx	87	SUBHEAD	-	Private by design
src/pages/landing/SafetyPage.jsx	88	BODY	-	Your memory is
src/pages/landing/SafetyPage.jsx	89	BODY	-	Parents follow progress through consent-based summaries. Organizations see patterns across cohorts, never an individual learner's answers. Details live in the privacy policy.
src/pages/landing/SafetyPage.jsx	97	SUBHEAD	-	For parents
src/pages/landing/SafetyPage.jsx	97	LABEL	-	See parent features
src/pages/landing/SafetyPage.jsx	98	HEADLINE	-	Consent-scoped progress summaries
src/pages/landing/SafetyPage.jsx	99	BODY	EM_DASH(body)	Parents and guardians follow the journey with confidence — summaries shaped by consent, without opening the learner's private space.
src/pages/landing/SafetyPage.jsx	102	SUBHEAD	-	For families
src/pages/landing/SafetyPage.jsx	102	LABEL	-	Read the privacy policy
src/pages/landing/SafetyPage.jsx	103	HEADLINE	-	Boundaries for younger learners
src/pages/landing/SafetyPage.jsx	104	BODY	EM_DASH(body)	Set boundaries that shape what younger learners see and do — without changing the default safety posture for everyone else.
src/pages/landing/SafetyPage.jsx	107	SUBHEAD	-	For organizations
src/pages/landing/SafetyPage.jsx	107	LABEL	-	See organization features
src/pages/landing/SafetyPage.jsx	108	HEADLINE	-	Aggregate insights, never individual answers
src/pages/landing/SafetyPage.jsx	109	BODY	EM_DASH(body)	Institutions see patterns across cohorts to guide support. An individual learner's answers stay individual — by design.
src/pages/landing/SafetyPage.jsx	116	SUBHEAD	-	Flag
src/pages/landing/SafetyPage.jsx	117	HEADLINE	-	One tap to flag anything
src/pages/landing/SafetyPage.jsx	118	BODY	EM_DASH(body)	Every answer can be flagged in one tap, from any persona. Flagging is always available — no special mode, no forms to find.
src/pages/landing/SafetyPage.jsx	119	LABEL	-	How moderation works
src/pages/landing/SafetyPage.jsx	122	SUBHEAD	-	Review
src/pages/landing/SafetyPage.jsx	123	HEADLINE	-	A human reads every report
src/pages/landing/SafetyPage.jsx	124	BODY	PASSIVE EM_DASH(body)	Automated filters help, but the decision about what stayed wrong — and what changes — is made by a person.
src/pages/landing/SafetyPage.jsx	125	LABEL	-	Contact the safety team
src/pages/landing/SafetyPage.jsx	128	SUBHEAD	-	Policy
src/pages/landing/SafetyPage.jsx	129	HEADLINE	-	Reviewed in the open
src/pages/landing/SafetyPage.jsx	130	BODY	EM_DASH(body)	Our safety policies are reviewed regularly and updated as we learn from real use — just like the product itself. Changes land in the terms and policies you can read.
src/pages/landing/SafetyPage.jsx	131	LABEL	-	Read the terms
src/pages/landing/SafetyPage.jsx	137	BODY	EM_DASH(body)	Never share passwords, payment details, or sensitive learner information — not with us, not with anyone.
src/pages/landing/SafetyPage.jsx	138	BODY	-	No one from Visionary will ever ask for your password or verification codes.
src/pages/landing/SafetyPage.jsx	139	BODY	-	If a message claims to be from Visionary and asks for those things, flag it and tell us.
src/pages/landing/SafetyPage.jsx	147	LABEL	-	Safety
src/pages/landing/SafetyPage.jsx	160	BODY	-	Protection is on from the start. See how it works and what you control
src/pages/landing/SafetyPage.jsx	162	META-aria	-	On this page
src/pages/landing/SafetyPage.jsx	163	BODY	-	Built-in protections
src/pages/landing/SafetyPage.jsx	164	BODY	-	Family controls
src/pages/landing/SafetyPage.jsx	166	BODY	-	Before you share
src/pages/landing/SafetyPage.jsx	185	BODY	EM_DASH(body)	You shouldn't have to configure safety — it should be there before you ask your first question, and it should be visible enough to check
src/pages/landing/SafetyPage.jsx	193	HEADLINE	-	Built-in protections
src/pages/landing/SafetyPage.jsx	218	BODY	-	hidden sm:block
src/pages/landing/SafetyPage.jsx	222	BODY	-	We work directly with the realities of family learning: children in classrooms, parents who want visibility, and organizations that need patterns without privacy trade-offs
src/pages/landing/SafetyPage.jsx	249	BODY	-	Flag it.
src/pages/landing/SafetyPage.jsx	252	BODY	EM_DASH(body)	Reporting is one tap away everywhere in the product — and every report is read by a person, not a queue
src/pages/landing/SafetyPage.jsx	276	BODY	-	grid items-center gap-10 lg:grid-cols-[1fr_1.1fr] lg:gap-16
src/pages/landing/SafetyPage.jsx	279	BODY	-	Three checks before you share anything
src/pages/landing/SafetyPage.jsx	282	BODY	-	Most safety problems start with a message that felt urgent. Slow down, run the checks, and stay in control of your account
src/pages/landing/SafetyPage.jsx	286	LABEL	-	Safety concern
src/pages/landing/SafetyPage.jsx	289	BODY	-	Report something suspicious
src/pages/landing/SafetyPage.jsx	295	BODY	-	Read the privacy policy
src/pages/landing/SafetyPage.jsx	301	BODY	-	flex items-start gap-3 rounded-2xl bg-white/80 p-5
src/pages/landing/SafetyPage.jsx	324	BODY	-	Discover more ways we keep learning safe
src/pages/landing/SafetyPage.jsx	327	BODY	EM_DASH(body)	Tour the product's guardrails end to end, or write to the safety team directly — a human reads every message
src/pages/landing/SafetyPage.jsx	331	LABEL	-	Safety concern
src/pages/landing/SafetyPage.jsx	340	BODY	-	Explore how it works
src/pages/landing/SchoolPage.jsx	4	BODY	-	CircleHelp, Search, ArrowLeft, ArrowRight, Mail
src/pages/landing/SchoolPage.jsx	5	BODY	-	Sparkles, UserRound, BookOpen, Users, HeartHandshake
src/pages/landing/SchoolPage.jsx	6	BODY	-	CreditCard, Monitor, ShieldCheck
src/pages/landing/SchoolPage.jsx	51	LABEL	-	Getting started
src/pages/landing/SchoolPage.jsx	52	BODY	-	start begin signup register first question onboarding
src/pages/landing/SchoolPage.jsx	54	BODY	-	How do I create an account?
src/pages/landing/SchoolPage.jsx	55	BODY	-	How do I ask my first question?
src/pages/landing/SchoolPage.jsx	55	BODY	-	Type or speak it on any page. Visionary answers with a visual, a conversation, and a next step.
src/pages/landing/SchoolPage.jsx	56	BODY	-	How do I change my language?
src/pages/landing/SchoolPage.jsx	56	BODY	-	Use the language menu in the top bar. Your journey stays connected across languages.
src/pages/landing/SchoolPage.jsx	60	LABEL	-	Account & profile
src/pages/landing/SchoolPage.jsx	60	BODY	-	Sign in, passwords, email, and your data.
src/pages/landing/SchoolPage.jsx	61	BODY	-	password login sign in email profile delete account data
src/pages/landing/SchoolPage.jsx	63	BODY	-	I forgot my password.
src/pages/landing/SchoolPage.jsx	63	BODY	-	Use the reset link and we'll email you a secure way back in.
src/pages/landing/SchoolPage.jsx	64	BODY	-	How do I delete my data?
src/pages/landing/SchoolPage.jsx	64	BODY	-	One screen: see everything we remember, export it, or delete it. Instant, no email needed.
src/pages/landing/SchoolPage.jsx	65	BODY	-	How do I sign in on a new device?
src/pages/landing/SchoolPage.jsx	65	BODY	EM_DASH(body)	Sign in with the same email — your journey syncs automatically.
src/pages/landing/SchoolPage.jsx	69	LABEL	-	Learning & practice
src/pages/landing/SchoolPage.jsx	69	BODY	-	Lessons, visual explanations, practise mode, progress.
src/pages/landing/SchoolPage.jsx	70	BODY	-	lesson learn practise practice progress memory continuity understand
src/pages/landing/SchoolPage.jsx	72	BODY	-	What is Practise mode?
src/pages/landing/SchoolPage.jsx	72	BODY	-	Visionary gives you a problem, sees where you stick, and hints without giving it away.
src/pages/landing/SchoolPage.jsx	73	BODY	-	What does Visionary remember?
src/pages/landing/SchoolPage.jsx	73	BODY	EM_DASH(body)	What you understood, where you struggled, and what you built — never private conversations.
src/pages/landing/SchoolPage.jsx	74	BODY	-	How does continuity work?
src/pages/landing/SchoolPage.jsx	74	BODY	EM_DASH(body)	Every lesson builds on the last — across devices, classes, and years.
src/pages/landing/SchoolPage.jsx	78	LABEL	-	Teaching & classes
src/pages/landing/SchoolPage.jsx	78	BODY	-	Create classes, follow learners, adapt lessons.
src/pages/landing/SchoolPage.jsx	79	BODY	-	teacher class classroom learner lesson adapt
src/pages/landing/SchoolPage.jsx	81	BODY	-	How do I see who understood?
src/pages/landing/SchoolPage.jsx	81	BODY	-	Your class view shows clarity per learner and per concept, updated as they work.
src/pages/landing/SchoolPage.jsx	82	BODY	-	Can I adapt a lesson mid-class?
src/pages/landing/SchoolPage.jsx	82	BODY	EM_DASH(body)	Yes — ask Visionary for another explanation level, example, or visual anytime.
src/pages/landing/SchoolPage.jsx	86	LABEL	-	Family & privacy
src/pages/landing/SchoolPage.jsx	86	BODY	-	Parent views, the Family plan, and what stays private.
src/pages/landing/SchoolPage.jsx	87	BODY	-	parent child family plan privacy members
src/pages/landing/SchoolPage.jsx	89	BODY	-	What can parents see?
src/pages/landing/SchoolPage.jsx	89	BODY	EM_DASH(body)	Progress and support signals — never private conversations.
src/pages/landing/SchoolPage.jsx	90	BODY	-	How does the Family plan work?
src/pages/landing/SchoolPage.jsx	90	BODY	-	Up to 6 members, each with completely private memory, one weekly digest.
src/pages/landing/SchoolPage.jsx	94	LABEL	-	Billing & plans
src/pages/landing/SchoolPage.jsx	94	BODY	EM_DASH(body)	Start, Personal, Family — upgrades, downgrades, cancellation.
src/pages/landing/SchoolPage.jsx	95	BODY	-	price plan billing cancel subscription payment discount invoice
src/pages/landing/SchoolPage.jsx	97	BODY	-	Can I start free?
src/pages/landing/SchoolPage.jsx	97	BODY	EM_DASH(body)	Yes — Start is free forever: 20 questions a day and core visual explanations.
src/pages/landing/SchoolPage.jsx	98	BODY	-	How do I cancel or change my plan?
src/pages/landing/SchoolPage.jsx	99	BODY	-	Do you offer education discounts?
src/pages/landing/SchoolPage.jsx	99	BODY	-	Students and teachers with a valid institutional email get Personal at a discount.
src/pages/landing/SchoolPage.jsx	103	LABEL	-	Apps & devices
src/pages/landing/SchoolPage.jsx	103	BODY	-	Web, desktop, and mobile installs, sync, requirements.
src/pages/landing/SchoolPage.jsx	104	BODY	-	download install app windows mac linux ios android sync device requirements
src/pages/landing/SchoolPage.jsx	106	BODY	PASSIVE	Which devices are supported?
src/pages/landing/SchoolPage.jsx	106	BODY	EM_DASH(body)	Web, Windows, Mac, Linux, iOS, and Android — one account, all of them.
src/pages/landing/SchoolPage.jsx	107	BODY	-	Does my journey sync across devices?
src/pages/landing/SchoolPage.jsx	107	BODY	-	Automatically and privately, on every signed-in device.
src/pages/landing/SchoolPage.jsx	108	BODY	-	What are the system requirements?
src/pages/landing/SchoolPage.jsx	112	LABEL	-	Safety & reporting
src/pages/landing/SchoolPage.jsx	112	BODY	-	Report content, family controls, and how we review.
src/pages/landing/SchoolPage.jsx	113	BODY	-	safety report harmful urgent block family controls
src/pages/landing/SchoolPage.jsx	115	BODY	-	How do I report content?
src/pages/landing/SchoolPage.jsx	115	BODY	-	Tap report on any answer. A human reviews every report.
src/pages/landing/SchoolPage.jsx	116	BODY	-	Are answers age-appropriate?
src/pages/landing/SchoolPage.jsx	116	BODY	EM_DASH(body)	Yes — guidance follows the learner's age by default, with family controls available.
src/pages/landing/SchoolPage.jsx	117	BODY	-	How fast are urgent reports handled?
src/pages/landing/SchoolPage.jsx	117	BODY	-	Within 24 hours, every time.
src/pages/landing/SchoolPage.jsx	134	BODY	-	grid-rows-[1fr] opacity-100
src/pages/landing/SchoolPage.jsx	134	BODY	-	grid-rows-[0fr] opacity-0
src/pages/landing/SchoolPage.jsx	187	BODY	-	Find your answer
src/pages/landing/SchoolPage.jsx	189	BODY	EM_DASH(body)	Search, or browse a topic — then reach us.
src/pages/landing/SchoolPage.jsx	198	META-placeholder	-	Describe your issue
src/pages/landing/SchoolPage.jsx	199	META-aria	-	Search help articles
src/pages/landing/SchoolPage.jsx	242	BODY	EM_DASH(body)	No answers match here yet — email us below and we'll answer within one business day
src/pages/landing/SchoolPage.jsx	252	BODY	-	Browse by topic
src/pages/landing/SchoolPage.jsx	272	BODY	-	Matching answers
src/pages/landing/SchoolPage.jsx	284	BODY	EM_DASH(body)	Tell us what you need — a human answers within one business day
src/pages/landing/SchoolPage.jsx	298	BODY	-	Still stuck?
src/pages/landing/SchoolPage.jsx	300	BODY	-	We answer within one business day. Urgent safety reports are handled within 24 hours
src/pages/landing/SecurityPage.jsx	4	BODY	-	AlertCircle, ArrowRight, ChevronDown, Cookie, Database, Eye
src/pages/landing/SecurityPage.jsx	5	BODY	-	FileText, Lock, ShieldCheck, UserRound
src/pages/landing/SecurityPage.jsx	59	LABEL	-	Encrypted connections
src/pages/landing/SecurityPage.jsx	59	LABEL	-	Role-based access
src/pages/landing/SecurityPage.jsx	59	LABEL	-	You see every device
src/pages/landing/SecurityPage.jsx	64	LABEL	-	Know it moves safely
src/pages/landing/SecurityPage.jsx	65	BODY	-	Encrypted HTTPS connections protect information between your browser and the service.
src/pages/landing/SecurityPage.jsx	66	BODY	-	Icon: Lock
src/pages/landing/SecurityPage.jsx	70	LABEL	-	See who can access
src/pages/landing/SecurityPage.jsx	72	BODY	-	Icon: UserRound
src/pages/landing/SecurityPage.jsx	76	LABEL	-	Carry it across devices
src/pages/landing/SecurityPage.jsx	77	BODY	EM_DASH(body)	One Sync Encrypted ID brings your learning to every device — only you can open it.
src/pages/landing/SecurityPage.jsx	78	BODY	-	Icon: ShieldCheck
src/pages/landing/SecurityPage.jsx	83	HEADLINE	-	Your information
src/pages/landing/SecurityPage.jsx	84	HEADLINE	-	Protected as it moves
src/pages/landing/SecurityPage.jsx	85	HEADLINE	-	Protected when stored
src/pages/landing/SecurityPage.jsx	86	HEADLINE	-	Access is controlled
src/pages/landing/SecurityPage.jsx	87	HEADLINE	-	Your control matters
src/pages/landing/SecurityPage.jsx	88	HEADLINE	-	Security is ongoing
src/pages/landing/SecurityPage.jsx	89	HEADLINE	-	When something goes wrong
src/pages/landing/SecurityPage.jsx	90	HEADLINE	-	Our security commitments
src/pages/landing/SecurityPage.jsx	91	HEADLINE	-	Sync devices
src/pages/landing/SecurityPage.jsx	92	HEADLINE	-	Contact
src/pages/landing/SecurityPage.jsx	203	LABEL	-	Security
src/pages/landing/SecurityPage.jsx	208	BODY	-	grid gap-8 lg:grid-cols-[248px_minmax(0,1fr)] lg:gap-14
src/pages/landing/SecurityPage.jsx	210	BODY	-	hidden lg:block
src/pages/landing/SecurityPage.jsx	212	BODY	-	In this policy
src/pages/landing/SecurityPage.jsx	213	META-aria	-	Security sections
src/pages/landing/SecurityPage.jsx	235	BODY	-	mt-0.5 h-5 w-5 shrink-0
src/pages/landing/SecurityPage.jsx	237	BODY	-	Security and privacy work together. For personal data and your rights, see the Privacy Policy
src/pages/landing/SecurityPage.jsx	250	BODY	-	Security
src/pages/landing/SecurityPage.jsx	252	BODY	-	Secure by design, protected end to end
src/pages/landing/SecurityPage.jsx	255	BODY	EM_DASH(body)	Encryption, access controls, and clear account tools — described plainly, without security promises we cannot keep
src/pages/landing/SecurityPage.jsx	273	BODY	-	Found a security issue?
src/pages/landing/SecurityPage.jsx	274	BODY	-	A clear description and the affected page is all we need.
src/pages/landing/SecurityPage.jsx	297	BODY	-	In this policy
src/pages/landing/SecurityPage.jsx	298	LABEL	-	Choose a section
src/pages/landing/SecurityPage.jsx	328	BODY	-	Start here
src/pages/landing/SecurityPage.jsx	329	HEADLINE	-	The essentials, at a glance
src/pages/landing/SecurityPage.jsx	349	HEADLINE	-	Your information
src/pages/landing/SecurityPage.jsx	350	BODY	-	Security starts with understanding what information moves through a product.
src/pages/landing/SecurityPage.jsx	351	BODY	-	Depending on how you use Visionary, this can include information such as your account details, conversations, learning activity, content you provide, and information needed to operate the service.
src/pages/landing/SecurityPage.jsx	352	BODY	PASSIVE	The Privacy Policy explains what information Visionary collects, why it is used, how it is handled, and the choices available to you.
src/pages/landing/SecurityPage.jsx	353	BODY	-	Security protects information. Privacy explains what information we handle and why.
src/pages/landing/SecurityPage.jsx	358	HEADLINE	-	Protected as it moves
src/pages/landing/SecurityPage.jsx	359	BODY	-	Information can move between your device, Visionary, and the systems that help provide the service.
src/pages/landing/SecurityPage.jsx	360	BODY	-	Visionary uses encrypted HTTPS connections when information travels between your browser and the service. Keep your browser and operating system updated so they can use current connection protections.
src/pages/landing/SecurityPage.jsx	361	BODY	-	A secure connection protects information in transit. It does not make an unsafe device or a shared account private.
src/pages/landing/SecurityPage.jsx	366	HEADLINE	-	Protected when stored
src/pages/landing/SecurityPage.jsx	367	BODY	-	Information that needs to remain available to operate Visionary may be stored in our systems.
src/pages/landing/SecurityPage.jsx	368	BODY	-	Stored information is protected through technical and organizational measures, including controls around infrastructure, systems, credentials, and access.
src/pages/landing/SecurityPage.jsx	369	BODY	-	We design security around reducing the opportunity for unauthorized access and limiting the impact when something goes wrong.
src/pages/landing/SecurityPage.jsx	370	BODY	-	Some workspace information can remain on your device. Account-linked information follows the storage and retention choices explained in the Privacy Policy.
src/pages/landing/SecurityPage.jsx	375	HEADLINE	-	Access is controlled
src/pages/landing/SecurityPage.jsx	376	BODY	-	Not everyone who works on a system should have access to everything inside it.
src/pages/landing/SecurityPage.jsx	379	SUBHEAD	-	Identity
src/pages/landing/SecurityPage.jsx	379	HEADLINE	-	Who can access
src/pages/landing/SecurityPage.jsx	380	BODY	-	Access is tied to authorized identities rather than shared credentials
src/pages/landing/SecurityPage.jsx	382	SUBHEAD	-	Scope
src/pages/landing/SecurityPage.jsx	382	HEADLINE	-	What they can access
src/pages/landing/SecurityPage.jsx	383	BODY	-	Access is limited to the systems and information required for the task
src/pages/landing/SecurityPage.jsx	386	BODY	-	Student, teacher, parent, and organization roles receive different views. A relationship does not grant access beyond its defined purpose.
src/pages/landing/SecurityPage.jsx	391	HEADLINE	-	Your control matters
src/pages/landing/SecurityPage.jsx	392	BODY	-	Security is not separate from privacy or account control.
src/pages/landing/SecurityPage.jsx	393	BODY	-	You should be able to understand what happens to your information and use the controls Visionary provides to manage your account and data.
src/pages/landing/SecurityPage.jsx	395	SUBHEAD	-	Privacy
src/pages/landing/SecurityPage.jsx	395	HEADLINE	-	Understand your data
src/pages/landing/SecurityPage.jsx	396	BODY	PASSIVE	See what information is collected and how it is used through the Privacy Policy
src/pages/landing/SecurityPage.jsx	398	SUBHEAD	-	Account
src/pages/landing/SecurityPage.jsx	398	HEADLINE	-	Protect your account
src/pages/landing/SecurityPage.jsx	399	BODY	-	Keep your account credentials secure and use the account controls made available by Visionary
src/pages/landing/SecurityPage.jsx	406	HEADLINE	-	Security is ongoing
src/pages/landing/SecurityPage.jsx	407	BODY	-	A secure product is never finished.
src/pages/landing/SecurityPage.jsx	408	BODY	-	Software changes. New vulnerabilities are discovered. New threats appear. Security therefore requires continuous attention as Visionary's product and infrastructure evolve.
src/pages/landing/SecurityPage.jsx	409	BODY	-	Our engineering and operations practices should include maintaining dependencies, reviewing configurations, responding to vulnerabilities, and improving protections as the system changes.
src/pages/landing/SecurityPage.jsx	410	BODY	-	This page describes our security approach. It does not claim that any system can prevent every possible security incident.
src/pages/landing/SecurityPage.jsx	415	HEADLINE	-	When something goes wrong
src/pages/landing/SecurityPage.jsx	416	BODY	-	Finding a security problem is the first step toward fixing it.
src/pages/landing/SecurityPage.jsx	417	BODY	-	If you believe you have discovered a vulnerability, unauthorized access, or another security issue involving Visionary, please report it through our security contact channel.
src/pages/landing/SecurityPage.jsx	426	BODY	-	Include a clear description, the affected page or feature, and steps to reproduce the issue. Do not include passwords or unnecessary personal data.
src/pages/landing/SecurityPage.jsx	431	HEADLINE	-	Our security commitments
src/pages/landing/SecurityPage.jsx	435	BODY	-	mt-0.5 h-5 w-5 shrink-0
src/pages/landing/SecurityPage.jsx	437	SUBHEAD	-	Protect information
src/pages/landing/SecurityPage.jsx	438	BODY	-	Use appropriate technical and organizational measures to protect information handled by the service.
src/pages/landing/SecurityPage.jsx	444	BODY	-	mt-0.5 h-5 w-5 shrink-0
src/pages/landing/SecurityPage.jsx	446	SUBHEAD	-	Limit access
src/pages/landing/SecurityPage.jsx	447	BODY	-	Restrict access to systems and information according to legitimate operational needs.
src/pages/landing/SecurityPage.jsx	453	BODY	-	mt-0.5 h-5 w-5 shrink-0
src/pages/landing/SecurityPage.jsx	455	SUBHEAD	-	Respond to problems
src/pages/landing/SecurityPage.jsx	456	BODY	-	Investigate reported security concerns and improve the service when weaknesses are found.
src/pages/landing/SecurityPage.jsx	462	BODY	-	mt-0.5 h-5 w-5 shrink-0
src/pages/landing/SecurityPage.jsx	464	SUBHEAD	-	Be clear about what we know
src/pages/landing/SecurityPage.jsx	465	BODY	-	Avoid making security promises that are not supported by Visionary's actual systems and practices.
src/pages/landing/SecurityPage.jsx	474	HEADLINE	-	Sync devices
src/pages/landing/SecurityPage.jsx	476	BODY	EM_DASH(body)	Sign in with your Sync Encrypted ID and Visionary carries your learning to every device you use — your questions, progress, and memory arrive as they were, and only you can open them
src/pages/landing/SecurityPage.jsx	481	BODY	-	mt-0.5 h-5 w-5 shrink-0
src/pages/landing/SecurityPage.jsx	483	SUBHEAD	-	Sign in with your Sync Encrypted ID
src/pages/landing/SecurityPage.jsx	484	BODY	BUZZWORD(unlocks) EM_DASH(body)	One encrypted identity unlocks Visionary on a new device — the encryption stays with your account, not with the device.
src/pages/landing/SecurityPage.jsx	490	BODY	-	mt-0.5 h-5 w-5 shrink-0
src/pages/landing/SecurityPage.jsx	492	SUBHEAD	-	Your learning follows you
src/pages/landing/SecurityPage.jsx	493	BODY	EM_DASH(body)	Progress, notes, and memory sync across phone, tablet, and laptop — pick up exactly where you stopped.
src/pages/landing/SecurityPage.jsx	499	BODY	-	mt-0.5 h-5 w-5 shrink-0
src/pages/landing/SecurityPage.jsx	501	SUBHEAD	-	You see every device
src/pages/landing/SecurityPage.jsx	502	BODY	-	Review the devices signed in to your account and remove any of them, at any time, from your settings.
src/pages/landing/SecurityPage.jsx	507	LABEL	-	How privacy works with sync
src/pages/landing/SecurityPage.jsx	509	BUTTON	-	Sign in with Sync Encrypted ID
src/pages/landing/SecurityPage.jsx	510	BUTTON	-	Review your devices
src/pages/landing/SecurityPage.jsx	516	HEADLINE	-	Contact
src/pages/landing/SecurityPage.jsx	517	BODY	-	Security questions, vulnerability reports, and security concerns can be sent to:
src/pages/landing/SecurityPage.jsx	527	BODY	-	For privacy, safety, account, billing, or product questions, please use the relevant Visionary support channel.
src/pages/landing/SecurityPage.jsx	529	LABEL	TITLE_CASE	Visit the Help Center
src/pages/landing/SecurityPage.jsx	539	HEADLINE	-	Key terms
src/pages/landing/SecurityPage.jsx	542	LABEL	-	Encryption
src/pages/landing/SecurityPage.jsx	542	BODY	-	Scrambling information while it travels or rests, so only authorized people and systems can read it.
src/pages/landing/SecurityPage.jsx	544	LABEL	-	Sync Encrypted ID
src/pages/landing/SecurityPage.jsx	544	BODY	-	The single encrypted identity that carries your Visionary learning across your devices.
src/pages/landing/SecurityPage.jsx	545	LABEL	-	Role-based access
src/pages/landing/SecurityPage.jsx	546	LABEL	-	Workspace records
src/pages/landing/SecurityPage.jsx	546	BODY	EM_DASH(body)	The questions, practice, and projects from your sessions — on-device or linked to your account.
src/pages/landing/SecurityPage.jsx	547	LABEL	-	Vulnerability
src/pages/landing/SecurityPage.jsx	547	BODY	EM_DASH(body)	A weakness that could be exploited. If you find one, report it — we investigate every report.
src/pages/landing/SecurityPage.jsx	559	META-aria	-	Related policies
src/pages/landing/SecurityPage.jsx	561	HEADLINE	-	Read them together
src/pages/landing/SecurityPage.jsx	564	LABEL	TITLE_CASE	Privacy Policy
src/pages/landing/SecurityPage.jsx	564	BODY	-	Your learning is personal.
src/pages/landing/SecurityPage.jsx	565	LABEL	-	Terms of service
src/pages/landing/SecurityPage.jsx	565	BODY	-	Clear rules, written to be understood.
src/pages/landing/SecurityPage.jsx	566	LABEL	-	Cookie policy
src/pages/landing/SecurityPage.jsx	566	BODY	-	Essential cookies only.
src/pages/landing/SecurityPage.jsx	567	LABEL	-	Safety
src/pages/landing/SecurityPage.jsx	567	BODY	-	Guardrails for every learner.
src/pages/landing/SecurityPage.jsx	577	BODY	-	absolute bottom-2.5 right-2.5 flex h-7 w-7 items-center justify-center
src/pages/landing/StudentPage.jsx	174	LABEL	-	Learning,
src/pages/landing/StudentPage.jsx	174	BODY	-	to master.
src/pages/landing/StudentPage.jsx	174	BODY	-	to build.
src/pages/landing/StudentPage.jsx	178	BODY	-	I studied for hours. I still couldn't explain it.
src/pages/landing/StudentPage.jsx	178	BODY	-	Student studying on a tablet
src/pages/landing/StudentPage.jsx	179	BODY	-	I understood it in class. I forgot it by evening.
src/pages/landing/StudentPage.jsx	179	BODY	-	Student reviewing notes on a laptop
src/pages/landing/StudentPage.jsx	180	BODY	-	I knew the formula. I didn't know when to use it.
src/pages/landing/StudentPage.jsx	180	BODY	-	Student practising problems at a desk
src/pages/landing/StudentPage.jsx	181	BODY	-	I just needed someone to explain it differently.
src/pages/landing/StudentPage.jsx	186	BODY	-	moves with you.
src/pages/landing/StudentPage.jsx	187	BODY	-	meets your questions.
src/pages/landing/StudentPage.jsx	188	BODY	-	changes with your goals.
src/pages/landing/StudentPage.jsx	189	BODY	-	grows with your understanding.
src/pages/landing/StudentPage.jsx	190	BODY	-	opens what comes next.
src/pages/landing/StudentPage.jsx	195	HEADLINE	-	Primary
src/pages/landing/StudentPage.jsx	195	BODY	-	From your first questions to the ideas you're ready to explore next.
src/pages/landing/StudentPage.jsx	195	BODY	-	Young student drawing on a tablet
src/pages/landing/StudentPage.jsx	196	HEADLINE	-	Secondary
src/pages/landing/StudentPage.jsx	196	BODY	-	When a lesson gets difficult, you can keep going until the idea finally makes sense.
src/pages/landing/StudentPage.jsx	196	BODY	-	Teenager working on a laptop in a library
src/pages/landing/StudentPage.jsx	197	HEADLINE	-	Higher secondary
src/pages/landing/StudentPage.jsx	197	BODY	-	Connect difficult ideas, go deeper into the subject, and build the understanding that carries forward.
src/pages/landing/StudentPage.jsx	197	BODY	-	Student writing notes from an open textbook
src/pages/landing/StudentPage.jsx	198	HEADLINE	-	Competitive exams
src/pages/landing/StudentPage.jsx	198	BODY	-	Move beyond familiar questions and strengthen the reasoning you need when the question changes.
src/pages/landing/StudentPage.jsx	198	BODY	-	Aspirant solving a mock test beside prep books
src/pages/landing/StudentPage.jsx	199	HEADLINE	-	Vocational and skills
src/pages/landing/StudentPage.jsx	199	BODY	-	Connect what you learn with practice, projects, and the skills you want to take into the real world.
src/pages/landing/StudentPage.jsx	199	BODY	-	Student practising hands-on in a workshop
src/pages/landing/StudentPage.jsx	200	HEADLINE	-	Higher education
src/pages/landing/StudentPage.jsx	200	BODY	-	Go deeper, explore your field, and turn what you know into research, projects, and new ideas.
src/pages/landing/StudentPage.jsx	200	BODY	-	University student reviewing research papers
src/pages/landing/StudentPage.jsx	201	HEADLINE	-	Learning on your own
src/pages/landing/StudentPage.jsx	201	BODY	EM_DASH(body)	Start with what you want to understand, build, or become better at — and let your learning take shape from there.
src/pages/landing/StudentPage.jsx	201	BODY	-	Adult learning independently at home
src/pages/landing/StudentPage.jsx	204	BODY	-	Every step connected.
src/pages/landing/StudentPage.jsx	204	BODY	-	Every question connected.
src/pages/landing/StudentPage.jsx	204	BODY	-	Every idea connected.
src/pages/landing/StudentPage.jsx	204	BODY	-	Every attempt connected.
src/pages/landing/StudentPage.jsx	204	BODY	-	Every discovery connected.
src/pages/landing/StudentPage.jsx	208	HEADLINE	-	Understand what you're learning.
src/pages/landing/StudentPage.jsx	208	BODY	-	Visionary continues from where you are, and every lesson becomes understanding.
src/pages/landing/StudentPage.jsx	209	HEADLINE	-	See it.\nHear it.\nAsk it another way.
src/pages/landing/StudentPage.jsx	209	BODY	-	Open today's lesson. Visionary already understands where you are and where you're going next.
src/pages/landing/StudentPage.jsx	210	HEADLINE	-	Practice what you're learning.
src/pages/landing/StudentPage.jsx	210	BODY	-	Visionary keeps teaching, listening, adapting, and encouraging until understanding becomes confidence.
src/pages/landing/StudentPage.jsx	211	HEADLINE	-	Build from what you know.
src/pages/landing/StudentPage.jsx	211	BODY	-	Turn every lesson into real thinking, projects, and creative work that keeps growing with you.
src/pages/landing/StudentPage.jsx	218	LABEL	-	Hindi
src/pages/landing/StudentPage.jsx	219	LABEL	-	English
src/pages/landing/StudentPage.jsx	220	LABEL	-	Bengali
src/pages/landing/StudentPage.jsx	221	LABEL	-	Tamil
src/pages/landing/StudentPage.jsx	222	LABEL	-	Kannada
src/pages/landing/StudentPage.jsx	223	LABEL	-	Punjabi
src/pages/landing/StudentPage.jsx	227	BODY	-	Why do objects fall?
src/pages/landing/StudentPage.jsx	228	BODY	-	What is Python's list comprehension?
src/pages/landing/StudentPage.jsx	228	BODY	-	Python-এ list comprehension কী?
src/pages/landing/StudentPage.jsx	228	BODY	-	Python-இல் list comprehension என்றால் என்ன?
src/pages/landing/StudentPage.jsx	228	BODY	-	Python ನಲ್ಲಿ list comprehension ಏನು?
src/pages/landing/StudentPage.jsx	228	BODY	-	Python ਦੀ list comprehension ਕੀ ਹੈ?
src/pages/landing/StudentPage.jsx	229	BODY	-	Transformer mein primary winding ka kaam kya hai?
src/pages/landing/StudentPage.jsx	229	BODY	-	What does the primary winding do in a transformer?
src/pages/landing/StudentPage.jsx	229	BODY	-	Transformer-এ primary winding-এর কাজ কী?
src/pages/landing/StudentPage.jsx	229	BODY	-	Transformer-இல் primary winding-இன் பணி என்ன?
src/pages/landing/StudentPage.jsx	229	BODY	-	Transformer ನಲ್ಲಿ primary winding ನ ಕೆಲಸ ಏನು?
src/pages/landing/StudentPage.jsx	229	BODY	-	Transformer ਵਿੱਚ primary winding ਦਾ ਕੰਮ ਕੀ ਹੈ?
src/pages/landing/StudentPage.jsx	230	BODY	-	DCF valuation ke steps kya hain?
src/pages/landing/StudentPage.jsx	230	BODY	-	What are the steps of DCF valuation?
src/pages/landing/StudentPage.jsx	230	BODY	-	DCF valuation-এর ধাপগুলো কী?
src/pages/landing/StudentPage.jsx	230	BODY	-	DCF valuation-இன் படிகள் எவை?
src/pages/landing/StudentPage.jsx	230	BODY	-	DCF valuation ನ ಹಂತಗಳು ಯಾವುವು?
src/pages/landing/StudentPage.jsx	230	BODY	-	DCF valuation ਦੇ ਕਦਮ ਕੀ ਹਨ?
src/pages/landing/StudentPage.jsx	231	BODY	-	Integration by parts kab use karte hain?
src/pages/landing/StudentPage.jsx	231	BODY	-	When do you use integration by parts?
src/pages/landing/StudentPage.jsx	231	BODY	-	Integration by parts কখন ব্যবহার করা হয়?
src/pages/landing/StudentPage.jsx	231	BODY	-	Integration by parts எப்போது பயன்படுத்துவது?
src/pages/landing/StudentPage.jsx	231	BODY	-	Integration by parts ಅನ್ನು ಯಾವಾಗ ಬಳಸುವುದು?
src/pages/landing/StudentPage.jsx	231	BODY	-	Integration by parts ਕਦੋਂ ਵਰਤਿਆ ਜਾਂਦਾ ਹੈ?
src/pages/landing/StudentPage.jsx	236	LABEL	-	Primary
src/pages/landing/StudentPage.jsx	236	LABEL	-	Fractions
src/pages/landing/StudentPage.jsx	236	LABEL	-	Decimals
src/pages/landing/StudentPage.jsx	236	LABEL	-	Percentages
src/pages/landing/StudentPage.jsx	237	LABEL	-	Secondary
src/pages/landing/StudentPage.jsx	237	LABEL	-	Linear equations
src/pages/landing/StudentPage.jsx	237	LABEL	-	Graphs
src/pages/landing/StudentPage.jsx	237	LABEL	-	Equations
src/pages/landing/StudentPage.jsx	238	LABEL	-	Competitive exams
src/pages/landing/StudentPage.jsx	238	LABEL	-	Concept
src/pages/landing/StudentPage.jsx	238	LABEL	-	Difficult problem
src/pages/landing/StudentPage.jsx	238	LABEL	-	New problem
src/pages/landing/StudentPage.jsx	239	LABEL	-	Vocational and skills
src/pages/landing/StudentPage.jsx	239	LABEL	-	Basic skill
src/pages/landing/StudentPage.jsx	239	LABEL	-	Practice
src/pages/landing/StudentPage.jsx	239	LABEL	-	Real project
src/pages/landing/StudentPage.jsx	240	LABEL	-	Higher education
src/pages/landing/StudentPage.jsx	240	LABEL	-	Research
src/pages/landing/StudentPage.jsx	240	LABEL	-	Analysis
src/pages/landing/StudentPage.jsx	240	LABEL	-	Project / discovery
src/pages/landing/StudentPage.jsx	241	LABEL	TITLE_CASE	Independent Learning
src/pages/landing/StudentPage.jsx	245	HEADLINE	-	Understand
src/pages/landing/StudentPage.jsx	245	HEADLINE	-	what matters.
src/pages/landing/StudentPage.jsx	245	BODY	-	A clear picture of the subjects and skills that matter today.
src/pages/landing/StudentPage.jsx	246	HEADLINE	-	Achieve what
src/pages/landing/StudentPage.jsx	246	HEADLINE	-	you're working toward.
src/pages/landing/StudentPage.jsx	246	BODY	-	Set your goal and keep moving, with support that adapts.
src/pages/landing/StudentPage.jsx	247	HEADLINE	-	Build something from
src/pages/landing/StudentPage.jsx	247	HEADLINE	-	what you know.
src/pages/landing/StudentPage.jsx	247	BODY	-	Turn what you know into real projects, real skills, real work.
src/pages/landing/StudentPage.jsx	250	LABEL	-	Primary
src/pages/landing/StudentPage.jsx	250	LABEL	-	Secondary
src/pages/landing/StudentPage.jsx	250	LABEL	-	Higher secondary
src/pages/landing/StudentPage.jsx	250	LABEL	-	Competitive exams
src/pages/landing/StudentPage.jsx	250	LABEL	-	Vocational and skills
src/pages/landing/StudentPage.jsx	250	LABEL	-	Higher education
src/pages/landing/StudentPage.jsx	250	LABEL	TITLE_CASE	Independent Learning
src/pages/landing/StudentPage.jsx	263	LINK	-	Teacher
src/pages/landing/StudentPage.jsx	263	BODY	-	See who needs another explanation.
src/pages/landing/StudentPage.jsx	263	BODY	-	Teacher working on a laptop in a classroom
src/pages/landing/StudentPage.jsx	264	LINK	-	Parent
src/pages/landing/StudentPage.jsx	264	BODY	-	See where your child needs support.
src/pages/landing/StudentPage.jsx	264	BODY	-	Parents helping students at a classroom desk
src/pages/landing/StudentPage.jsx	265	LINK	-	Professional
src/pages/landing/StudentPage.jsx	265	BODY	-	Turn what you know into useful work.
src/pages/landing/StudentPage.jsx	265	BODY	-	Professional discussing work with a tablet
src/pages/landing/StudentPage.jsx	266	LINK	-	Organization
src/pages/landing/StudentPage.jsx	266	BODY	-	Help teams carry knowledge forward.
src/pages/landing/StudentPage.jsx	266	BODY	-	Leader talking at an organization table
src/pages/landing/StudentPage.jsx	302	BODY	-	Learning, to mastery.
src/pages/landing/StudentPage.jsx	303	BODY	-	Every concept you understand becomes the foundation for the next.
src/pages/landing/StudentPage.jsx	305	BODY	-	A student smiling while carrying a new laptop
src/pages/landing/StudentPage.jsx	306	BODY	-	Start learning free
src/pages/landing/StudentPage.jsx	344	BODY	-	Every
src/pages/landing/StudentPage.jsx	348	BODY	-	block overflow-hidden whitespace-nowrap
src/pages/landing/StudentPage.jsx	351	BODY	-	inline-block animate-[struggleWordIn_0.65s_cubic-bezier(0.22,1,0.36,1)_both]
src/pages/landing/StudentPage.jsx	399	BODY	-	block h-full w-full object-cover animate-[struggleImageIn_0.7s_cubic-bezier(0.22,1,0.36,1)_both]
src/pages/landing/StudentPage.jsx	421	META-aria	-	Student learning challenges
src/pages/landing/StudentPage.jsx	448	BODY	-	The problem
src/pages/landing/StudentPage.jsx	489	LABEL	-	Primary
src/pages/landing/StudentPage.jsx	490	LABEL	-	Secondary
src/pages/landing/StudentPage.jsx	491	LABEL	TITLE_CASE	Secondary & Higher secondary
src/pages/landing/StudentPage.jsx	492	LABEL	-	Higher secondary
src/pages/landing/StudentPage.jsx	493	LABEL	-	Competitive exams
src/pages/landing/StudentPage.jsx	494	LABEL	-	Vocational and skills
src/pages/landing/StudentPage.jsx	495	LABEL	-	Higher education
src/pages/landing/StudentPage.jsx	496	LABEL	-	Learning on your own
src/pages/landing/StudentPage.jsx	497	LABEL	TITLE_CASE	Independent Learning
src/pages/landing/StudentPage.jsx	501	HEADLINE	-	Primary
src/pages/landing/StudentPage.jsx	501	BODY	-	From your first questions to the ideas you're ready to explore next.
src/pages/landing/StudentPage.jsx	501	BODY	-	Young student drawing on a tablet
src/pages/landing/StudentPage.jsx	502	HEADLINE	TITLE_CASE	Secondary & Higher secondary
src/pages/landing/StudentPage.jsx	502	BODY	EM_DASH(body)	When lessons get difficult, understanding keeps up — every chapter, every exam.
src/pages/landing/StudentPage.jsx	502	BODY	-	Teenager working on a laptop in a library
src/pages/landing/StudentPage.jsx	503	HEADLINE	-	Competitive exams
src/pages/landing/StudentPage.jsx	503	BODY	-	Strengthen the reasoning you need when the question changes.
src/pages/landing/StudentPage.jsx	503	BODY	-	Aspirant solving a mock test beside prep books
src/pages/landing/StudentPage.jsx	504	HEADLINE	-	Vocational and skills
src/pages/landing/StudentPage.jsx	504	BODY	-	Practice, projects, and skills you can take into the real world.
src/pages/landing/StudentPage.jsx	504	BODY	-	Student practising hands-on in a workshop
src/pages/landing/StudentPage.jsx	505	HEADLINE	-	Higher education
src/pages/landing/StudentPage.jsx	505	BODY	-	Turn what you know into research, projects, and new ideas.
src/pages/landing/StudentPage.jsx	505	BODY	-	University student reviewing research papers
src/pages/landing/StudentPage.jsx	506	HEADLINE	-	Learning on your own
src/pages/landing/StudentPage.jsx	506	BODY	-	Start with what you want to understand. The path takes shape from there.
src/pages/landing/StudentPage.jsx	506	BODY	-	Adult learning independently at home
src/pages/landing/StudentPage.jsx	509	LABEL	-	Primary
src/pages/landing/StudentPage.jsx	509	LABEL	TITLE_CASE	Secondary & Higher secondary
src/pages/landing/StudentPage.jsx	509	LABEL	-	Competitive exams
src/pages/landing/StudentPage.jsx	509	LABEL	-	Vocational and skills
src/pages/landing/StudentPage.jsx	509	LABEL	-	Higher education
src/pages/landing/StudentPage.jsx	509	LABEL	-	Learning on your own
src/pages/landing/StudentPage.jsx	512	LABEL	-	Primary
src/pages/landing/StudentPage.jsx	513	LABEL	TITLE_CASE	Secondary & Higher secondary
src/pages/landing/StudentPage.jsx	514	LABEL	-	Competitive exams
src/pages/landing/StudentPage.jsx	515	LABEL	-	Vocational and skills
src/pages/landing/StudentPage.jsx	516	LABEL	-	Higher education
src/pages/landing/StudentPage.jsx	517	LABEL	-	Learning on your own
src/pages/landing/StudentPage.jsx	521	LABEL	-	Primary
src/pages/landing/StudentPage.jsx	522	BODY	-	Build the basics.
src/pages/landing/StudentPage.jsx	522	BODY	-	Build them right.
src/pages/landing/StudentPage.jsx	523	BODY	-	Primary learning sets the pattern for everything after. Visionary makes first understanding visual, gentle, and connected.
src/pages/landing/StudentPage.jsx	524	LABEL	-	See an example
src/pages/landing/StudentPage.jsx	526	BODY	-	See it first.
src/pages/landing/StudentPage.jsx	526	BODY	-	Numbers and words begin as pictures, stories, and voice.
src/pages/landing/StudentPage.jsx	526	LABEL	-	How it works
src/pages/landing/StudentPage.jsx	527	BODY	-	Practise gently.
src/pages/landing/StudentPage.jsx	527	BODY	-	Short, encouraging practice that rewards effort, not speed.
src/pages/landing/StudentPage.jsx	527	LABEL	-	Start practising free
src/pages/landing/StudentPage.jsx	528	BODY	-	In your language.
src/pages/landing/StudentPage.jsx	528	BODY	-	First learning happens best in the language a child thinks in.
src/pages/landing/StudentPage.jsx	528	LABEL	-	Language support
src/pages/landing/StudentPage.jsx	529	BODY	-	Parents stay close.
src/pages/landing/StudentPage.jsx	529	BODY	-	Progress shared in ways that help at home, not only at report time.
src/pages/landing/StudentPage.jsx	529	LABEL	-	For parents
src/pages/landing/StudentPage.jsx	532	LABEL	TITLE_CASE	Secondary & Higher secondary
src/pages/landing/StudentPage.jsx	533	LABEL	-	One place for
src/pages/landing/StudentPage.jsx	533	BODY	-	every subject.
src/pages/landing/StudentPage.jsx	534	BODY	-	From class 6 to class 12, lessons get deeper and exams get closer. Visionary keeps understanding connected across every chapter, board, and subject.
src/pages/landing/StudentPage.jsx	535	LABEL	-	See an example
src/pages/landing/StudentPage.jsx	537	BODY	-	When it gets difficult.
src/pages/landing/StudentPage.jsx	537	BODY	-	Explanations adapt until the idea finally makes sense.
src/pages/landing/StudentPage.jsx	537	LABEL	-	See how it works
src/pages/landing/StudentPage.jsx	538	BODY	-	Practise what matters.
src/pages/landing/StudentPage.jsx	538	BODY	-	Practice tied to your syllabus and the way your exams ask.
src/pages/landing/StudentPage.jsx	538	LABEL	-	Start practising free
src/pages/landing/StudentPage.jsx	539	BODY	-	Remember it later.
src/pages/landing/StudentPage.jsx	539	BODY	-	Yesterday's understanding stays available for today's lesson.
src/pages/landing/StudentPage.jsx	539	LABEL	-	Keep your place
src/pages/landing/StudentPage.jsx	540	BODY	-	Boards and beyond.
src/pages/landing/StudentPage.jsx	540	BODY	-	The same understanding carries into competitive preparation.
src/pages/landing/StudentPage.jsx	540	LABEL	-	Talk to us
src/pages/landing/StudentPage.jsx	543	LABEL	-	Competitive exams
src/pages/landing/StudentPage.jsx	544	BODY	-	Prepare for the exam.
src/pages/landing/StudentPage.jsx	544	BODY	-	Not just the syllabus.
src/pages/landing/StudentPage.jsx	545	BODY	-	Competitive preparation is reasoning under pressure. Visionary strengthens the thinking that holds when the question changes shape.
src/pages/landing/StudentPage.jsx	546	LABEL	-	See an example
src/pages/landing/StudentPage.jsx	548	BODY	-	Reasoning over memorising.
src/pages/landing/StudentPage.jsx	548	BODY	-	Understand why a method works, so new questions feel familiar.
src/pages/landing/StudentPage.jsx	548	LABEL	-	See how it works
src/pages/landing/StudentPage.jsx	549	BODY	-	Practise under real conditions.
src/pages/landing/StudentPage.jsx	549	BODY	-	Accuracy, speed, and confidence built together.
src/pages/landing/StudentPage.jsx	549	LABEL	-	Start practising free
src/pages/landing/StudentPage.jsx	550	BODY	-	Learn from every attempt.
src/pages/landing/StudentPage.jsx	550	BODY	-	Each mock becomes context: what to revise, skip, strengthen.
src/pages/landing/StudentPage.jsx	550	LABEL	-	Keep your place
src/pages/landing/StudentPage.jsx	551	BODY	-	Stay steady.
src/pages/landing/StudentPage.jsx	551	BODY	-	Clear explanations when pressure is high and time is short.
src/pages/landing/StudentPage.jsx	551	LABEL	-	Get support
src/pages/landing/StudentPage.jsx	554	LABEL	-	Vocational and skills
src/pages/landing/StudentPage.jsx	555	BODY	-	Learn by doing.
src/pages/landing/StudentPage.jsx	555	BODY	-	Skills that work.
src/pages/landing/StudentPage.jsx	556	BODY	PASSIVE	Vocational learning is meant to be used. Visionary connects practice, projects, and real work into one continuing journey.
src/pages/landing/StudentPage.jsx	557	LABEL	-	See an example
src/pages/landing/StudentPage.jsx	559	BODY	-	Practise the real thing.
src/pages/landing/StudentPage.jsx	559	BODY	EM_DASH(body)	Skills build through doing — guidance never gives the answer away.
src/pages/landing/StudentPage.jsx	559	LABEL	-	See how it works
src/pages/landing/StudentPage.jsx	560	BODY	-	Build a portfolio.
src/pages/landing/StudentPage.jsx	560	BODY	-	Turn what you learn into work you can actually show.
src/pages/landing/StudentPage.jsx	560	LABEL	-	Start building free
src/pages/landing/StudentPage.jsx	561	BODY	-	Skills that carry forward.
src/pages/landing/StudentPage.jsx	561	BODY	-	What you practise now connects to the next skill and job.
src/pages/landing/StudentPage.jsx	561	LABEL	-	Keep your place
src/pages/landing/StudentPage.jsx	562	BODY	-	Learn with others.
src/pages/landing/StudentPage.jsx	562	BODY	-	Communities and partners help you practise in real contexts.
src/pages/landing/StudentPage.jsx	562	LABEL	-	Find a partner
src/pages/landing/StudentPage.jsx	565	LABEL	-	Higher education
src/pages/landing/StudentPage.jsx	566	BODY	-	Go deeper.
src/pages/landing/StudentPage.jsx	566	BODY	-	Build further.
src/pages/landing/StudentPage.jsx	567	BODY	-	University work asks for depth: research, analysis, and original thinking. Visionary keeps the threads connected across semesters.
src/pages/landing/StudentPage.jsx	568	LABEL	-	See an example
src/pages/landing/StudentPage.jsx	570	BODY	-	Understand at depth.
src/pages/landing/StudentPage.jsx	570	BODY	-	Explanations that support serious subject work, not summaries.
src/pages/landing/StudentPage.jsx	570	LABEL	-	See how it works
src/pages/landing/StudentPage.jsx	571	BODY	-	Research with context.
src/pages/landing/StudentPage.jsx	571	BODY	-	Keep threads across papers, projects, and semesters.
src/pages/landing/StudentPage.jsx	571	LABEL	-	Keep your place
src/pages/landing/StudentPage.jsx	572	BODY	-	Build from what you know.
src/pages/landing/StudentPage.jsx	572	BODY	-	Turn coursework into research, projects, and new ideas.
src/pages/landing/StudentPage.jsx	572	LABEL	-	Start building free
src/pages/landing/StudentPage.jsx	573	BODY	-	Work with your institution.
src/pages/landing/StudentPage.jsx	573	BODY	-	Visionary can support classrooms, labs, and departments.
src/pages/landing/StudentPage.jsx	573	LABEL	-	For organizations
src/pages/landing/StudentPage.jsx	576	LABEL	-	Learning on your own
src/pages/landing/StudentPage.jsx	577	BODY	-	Your pace.
src/pages/landing/StudentPage.jsx	577	BODY	-	Your path.
src/pages/landing/StudentPage.jsx	578	BODY	EM_DASH(body)	No syllabus required. Start with what you want to understand, build, or become better at — and let the learning take shape from there.
src/pages/landing/StudentPage.jsx	579	LABEL	-	See an example
src/pages/landing/StudentPage.jsx	581	BODY	-	Start where you are.
src/pages/landing/StudentPage.jsx	581	BODY	-	Visionary begins from your question, not a curriculum.
src/pages/landing/StudentPage.jsx	581	LABEL	-	See how it works
src/pages/landing/StudentPage.jsx	582	BODY	-	Learn at your pace.
src/pages/landing/StudentPage.jsx	582	BODY	-	The experience adapts to your time, language, and depth.
src/pages/landing/StudentPage.jsx	582	LABEL	-	Start learning free
src/pages/landing/StudentPage.jsx	583	BODY	-	Keep your place.
src/pages/landing/StudentPage.jsx	583	BODY	-	Return after weeks away and continue where you stopped.
src/pages/landing/StudentPage.jsx	583	LABEL	-	Keep your place
src/pages/landing/StudentPage.jsx	584	BODY	-	Find your people.
src/pages/landing/StudentPage.jsx	584	BODY	-	Communities and updates keep independent learners connected.
src/pages/landing/StudentPage.jsx	584	LABEL	-	Join the community
src/pages/landing/StudentPage.jsx	590	BODY	-	max(1.5rem, calc(50% - 40rem))
src/pages/landing/StudentPage.jsx	597	BODY	-	max(1.5rem, 6%)
src/pages/landing/StudentPage.jsx	598	BODY	-	flex snap-x snap-mandatory gap-12 overflow-x-auto pb-4 [scrollbar-width:none] [&::-webkit-scrollbar]:hidden
src/pages/landing/StudentPage.jsx	618	BODY	-	absolute left-5 top-5 flex h-10 w-10 items-center justify-center rounded-full bg-white/95
src/pages/landing/StudentPage.jsx	635	META-aria	-	Previous stages
src/pages/landing/StudentPage.jsx	638	META-aria	-	Next stages
src/pages/landing/StudentPage.jsx	653	LABEL	-	Escape
src/pages/landing/StudentPage.jsx	674	LABEL	-	Primary
src/pages/landing/StudentPage.jsx	677	LABEL	-	Start free
src/pages/landing/StudentPage.jsx	678	LABEL	-	See how it works
src/pages/landing/StudentPage.jsx	685	META-aria	-	Close dialog
src/pages/landing/StudentPage.jsx	698	META-aria	-	Close
src/pages/landing/StudentPage.jsx	717	BODY	-	aspect-[21/9] w-full object-cover
src/pages/landing/StudentPage.jsx	824	BODY	-	Your learning, your journey
src/pages/landing/StudentPage.jsx	827	BODY	-	Learning that
src/pages/landing/StudentPage.jsx	828	BODY	-	hidden md:block
src/pages/landing/StudentPage.jsx	829	BODY	-	hero-fade-up inline-block
src/pages/landing/StudentPage.jsx	835	BODY	-	Wherever you begin, Visionary helps your learning move forward from there
src/pages/landing/StudentPage.jsx	840	META-aria	-	Learning stages
src/pages/landing/StudentPage.jsx	840	BODY	-	flex gap-3 overflow-x-auto py-1 [scrollbar-width:none] [&::-webkit-scrollbar]:hidden lg:flex-wrap lg:justify-center lg:gap-4 lg:overflow-visible lg:py-0
src/pages/landing/StudentPage.jsx	902	BODY	-	aspect-[4/3] w-full object-cover lg:aspect-[15/16]
src/pages/landing/StudentPage.jsx	916	BODY	-	relative [overflow-x:clip]
src/pages/landing/StudentPage.jsx	919	BODY	-	The intelligence behind your learning
src/pages/landing/StudentPage.jsx	923	BODY	-	hero-fade-up inline-block
src/pages/landing/StudentPage.jsx	928	BODY	-	From the first question to the moment you can use what you've learned
src/pages/landing/StudentPage.jsx	932	BODY	-	hidden lg:block
src/pages/landing/StudentPage.jsx	964	BODY	-	hero-fade-up inline-block
src/pages/landing/StudentPage.jsx	977	META-aria	-	Language selection
src/pages/landing/StudentPage.jsx	1013	BODY	-	Every language
src/pages/landing/StudentPage.jsx	1018	BODY	-	Ask, learn, and practice in the language you think in
src/pages/landing/StudentPage.jsx	1033	BODY	-	h-8 w-1.5 rounded-full
src/pages/landing/StudentPage.jsx	1049	BODY	-	hero-fade-up inline
src/pages/landing/StudentPage.jsx	1063	BODY	EM_DASH(body)	Think your way — voice or text, in the language you're comfortable with
src/pages/landing/StudentPage.jsx	1085	BODY	-	relative inline-block
src/pages/landing/StudentPage.jsx	1109	META-aria	-	Choose a stage
src/pages/landing/StudentPage.jsx	1167	BODY	-	relative py-24 lg:py-32 [overflow-x:clip]
src/pages/landing/StudentPage.jsx	1170	BODY	-	Keep your place
src/pages/landing/StudentPage.jsx	1173	BODY	-	What you learn stays with you
src/pages/landing/StudentPage.jsx	1176	BODY	-	What you understand becomes part of what comes next. You never start over
src/pages/landing/StudentPage.jsx	1182	LABEL	-	Previous
src/pages/landing/StudentPage.jsx	1182	BODY	-	What you learned
src/pages/landing/StudentPage.jsx	1183	LABEL	-	Now
src/pages/landing/StudentPage.jsx	1183	BODY	-	What you're working on
src/pages/landing/StudentPage.jsx	1184	LABEL	-	Next
src/pages/landing/StudentPage.jsx	1184	BODY	-	Where you can go
src/pages/landing/StudentPage.jsx	1189	META-aria	-	Previous stage
src/pages/landing/StudentPage.jsx	1198	META-aria	-	Next stage
src/pages/landing/StudentPage.jsx	1207	BODY	-	You keep your place
src/pages/landing/StudentPage.jsx	1247	BODY	-	grid-rows-[1fr] opacity-100
src/pages/landing/StudentPage.jsx	1247	BODY	-	grid-rows-[0fr] opacity-0
src/pages/landing/StudentPage.jsx	1274	BODY	-	relative py-24 lg:py-32 [overflow-x:clip]
src/pages/landing/StudentPage.jsx	1276	BODY	-	Your achievement
src/pages/landing/StudentPage.jsx	1277	HEADLINE	-	See what you can achieve.
src/pages/landing/StudentPage.jsx	1279	BODY	-	Turn understanding into results, skills, and progress you can see
src/pages/landing/StudentPage.jsx	1292	BODY	-	center center
src/pages/landing/StudentPage.jsx	1313	BODY	-	aspect-[20/19] w-full object-cover
src/pages/landing/StudentPage.jsx	1318	BODY	-	absolute left-5 top-5 flex h-10 w-10 items-center justify-center rounded-full bg-white/95
src/pages/landing/StudentPage.jsx	1337	BODY	-	relative bg-white py-24 lg:py-32 [overflow-x:clip]
src/pages/landing/StudentPage.jsx	1339	BODY	-	Your journey
src/pages/landing/StudentPage.jsx	1344	BODY	-	As your goals change, Visionary is the place to continue
src/pages/landing/StudentPage.jsx	1352	BODY	-	flex justify-start py-2 pl-[16%] lg:py-3 lg:pl-[20%]
src/pages/landing/StudentPage.jsx	1374	BODY	-	Wherever your journey goes, your learning can continue with you
src/pages/landing/StudentPage.jsx	1381	BODY	-	See how Visionary keeps it connected
src/pages/landing/StudentPage.jsx	1397	HEADLINE	-	Private by design.
src/pages/landing/StudentPage.jsx	1397	BODY	PASSIVE	Your personal information is treated with care.
src/pages/landing/StudentPage.jsx	1397	LINK	-	Read the privacy approach
src/pages/landing/StudentPage.jsx	1398	HEADLINE	-	Safe to grow with.
src/pages/landing/StudentPage.jsx	1398	BODY	-	Built from the first question to what's next.
src/pages/landing/StudentPage.jsx	1398	LINK	-	See our security practices
src/pages/landing/StudentPage.jsx	1399	HEADLINE	-	Built responsibly.
src/pages/landing/StudentPage.jsx	1399	BODY	-	Intelligence should help people, never work against them.
src/pages/landing/StudentPage.jsx	1399	LINK	-	Read our commitments
src/pages/landing/StudentPage.jsx	1431	BODY	-	relative bg-white py-24 lg:py-32 [overflow-x:clip]
src/pages/landing/StudentPage.jsx	1433	BODY	-	Trust and safety
src/pages/landing/StudentPage.jsx	1436	BODY	-	hero-fade-up inline-block
src/pages/landing/StudentPage.jsx	1439	BODY	PASSIVE	Your questions, conversations, ideas, and progress are personal. Visionary is built to keep it that way
src/pages/landing/StudentPage.jsx	1449	META-aria	-	Previous trust card
src/pages/landing/StudentPage.jsx	1452	META-aria	-	Next trust card
src/pages/landing/StudentPage.jsx	1461	BODY	-	flex flex-col gap-8 2xl:grid 2xl:grid-cols-2 2xl:gap-10
src/pages/landing/StudentPage.jsx	1481	BODY	-	Begin today
src/pages/landing/StudentPage.jsx	1484	BODY	-	Your learning starts with where you are
src/pages/landing/StudentPage.jsx	1487	BODY	-	Ask your first question. Start building from what you know
src/pages/landing/StudentPage.jsx	1495	BODY	-	Get started
src/pages/landing/StudentPage.jsx	1522	BODY	-	Learn more
src/pages/landing/StudentPage.jsx	1534	BODY	-	relative py-16 lg:py-24 [overflow-x:clip]
src/pages/landing/StudentPage.jsx	1537	BODY	-	Explore Visionary
src/pages/landing/StudentPage.jsx	1551	META-aria	-	Next categories
src/pages/landing/TeacherPage.jsx	174	BODY	-	Teaching.
src/pages/landing/TeacherPage.jsx	174	BODY	-	to grow.
src/pages/landing/TeacherPage.jsx	174	BODY	-	to reach.
src/pages/landing/TeacherPage.jsx	178	BODY	-	I taught the whole class. Half of them still left lost.
src/pages/landing/TeacherPage.jsx	178	BODY	-	Teacher looking overwhelmed after class
src/pages/landing/TeacherPage.jsx	179	BODY	-	I can see the eyes glaze over. I just don't know whose.
src/pages/landing/TeacherPage.jsx	179	BODY	-	Teacher puzzled by disengaged students
src/pages/landing/TeacherPage.jsx	180	BODY	-	I finish the syllabus. I never finish the learning.
src/pages/landing/TeacherPage.jsx	181	BODY	-	They copy the steps. They can't start the problem alone.
src/pages/landing/TeacherPage.jsx	181	BODY	-	Teacher reviewing student practice work
src/pages/landing/TeacherPage.jsx	182	BODY	-	The exam shows the gap I never saw coming.
src/pages/landing/TeacherPage.jsx	182	BODY	-	Teacher searching for the gap in exam results
src/pages/landing/TeacherPage.jsx	187	BODY	-	moves with your class.
src/pages/landing/TeacherPage.jsx	188	BODY	-	meets your questions.
src/pages/landing/TeacherPage.jsx	189	BODY	-	changes with your goals.
src/pages/landing/TeacherPage.jsx	190	BODY	-	grows with your learners.
src/pages/landing/TeacherPage.jsx	191	BODY	-	opens what comes next.
src/pages/landing/TeacherPage.jsx	195	BODY	-	Every lesson connected.
src/pages/landing/TeacherPage.jsx	195	BODY	-	Every learner connected.
src/pages/landing/TeacherPage.jsx	195	BODY	-	Every question connected.
src/pages/landing/TeacherPage.jsx	195	BODY	-	Every class connected.
src/pages/landing/TeacherPage.jsx	195	BODY	-	Every insight connected.
src/pages/landing/TeacherPage.jsx	199	HEADLINE	-	Understand what your class is learning.
src/pages/landing/TeacherPage.jsx	199	BODY	-	Visionary continues from where your class is, so every lesson builds on the last.
src/pages/landing/TeacherPage.jsx	200	HEADLINE	TITLE_CASE	Show it. Hear it. Teach it another way.
src/pages/landing/TeacherPage.jsx	200	BODY	-	When a concept doesn't land, you get the visual, the explanation, the example.
src/pages/landing/TeacherPage.jsx	201	HEADLINE	LONG_HEADING	Check who's with you before the exam tells you.
src/pages/landing/TeacherPage.jsx	201	BODY	-	See who got it, who didn't, and what to change next period.
src/pages/landing/TeacherPage.jsx	205	HEADLINE	-	Learn what your teaching demands next.
src/pages/landing/TeacherPage.jsx	205	BODY	EM_DASH(body)	New syllabus, new subject — your preparation keeps pace with your classroom.
src/pages/landing/TeacherPage.jsx	206	HEADLINE	-	Build what your classroom actually needs.
src/pages/landing/TeacherPage.jsx	206	BODY	-	Every plan, project, and question you craft becomes part of your growing craft.
src/pages/landing/TeacherPage.jsx	207	HEADLINE	-	Grow your craft, not just your syllabus.
src/pages/landing/TeacherPage.jsx	207	BODY	-	See what works, and carry it into the next class, year, and decade.
src/pages/landing/TeacherPage.jsx	214	LABEL	-	Hindi
src/pages/landing/TeacherPage.jsx	215	LABEL	-	English
src/pages/landing/TeacherPage.jsx	216	LABEL	-	Bengali
src/pages/landing/TeacherPage.jsx	217	LABEL	-	Tamil
src/pages/landing/TeacherPage.jsx	218	LABEL	-	Kannada
src/pages/landing/TeacherPage.jsx	219	LABEL	-	Punjabi
src/pages/landing/TeacherPage.jsx	223	BODY	-	Is concept ko simple tarike se kaise samjhaun?
src/pages/landing/TeacherPage.jsx	223	BODY	-	How do I explain this concept simply?
src/pages/landing/TeacherPage.jsx	224	BODY	-	Kis bachche ko aur madad chahiye?
src/pages/landing/TeacherPage.jsx	224	BODY	-	Which child needs more help?
src/pages/landing/TeacherPage.jsx	225	BODY	-	Agla lesson kaise behtar banaun?
src/pages/landing/TeacherPage.jsx	225	BODY	-	How do I make the next lesson better?
src/pages/landing/TeacherPage.jsx	230	LABEL	-	Primary
src/pages/landing/TeacherPage.jsx	230	LABEL	-	Their foundations
src/pages/landing/TeacherPage.jsx	230	LABEL	-	Your classroom
src/pages/landing/TeacherPage.jsx	230	LABEL	-	Their next class
src/pages/landing/TeacherPage.jsx	231	LABEL	-	Secondary
src/pages/landing/TeacherPage.jsx	231	LABEL	-	Last unit
src/pages/landing/TeacherPage.jsx	231	LABEL	-	This unit
src/pages/landing/TeacherPage.jsx	231	LABEL	-	The exam
src/pages/landing/TeacherPage.jsx	232	LABEL	-	Competitive exams
src/pages/landing/TeacherPage.jsx	232	LABEL	-	Concepts
src/pages/landing/TeacherPage.jsx	232	LABEL	-	Your coaching
src/pages/landing/TeacherPage.jsx	232	LABEL	-	The test
src/pages/landing/TeacherPage.jsx	233	LABEL	-	Vocational and skills
src/pages/landing/TeacherPage.jsx	233	LABEL	-	Their basics
src/pages/landing/TeacherPage.jsx	233	LABEL	-	Your training
src/pages/landing/TeacherPage.jsx	233	LABEL	-	The job
src/pages/landing/TeacherPage.jsx	234	LABEL	-	Higher education
src/pages/landing/TeacherPage.jsx	234	LABEL	-	Their degree
src/pages/landing/TeacherPage.jsx	234	LABEL	-	Your course
src/pages/landing/TeacherPage.jsx	234	LABEL	-	Their research
src/pages/landing/TeacherPage.jsx	235	LABEL	-	Independent learning
src/pages/landing/TeacherPage.jsx	235	LABEL	-	Their goals
src/pages/landing/TeacherPage.jsx	235	LABEL	-	Your mentoring
src/pages/landing/TeacherPage.jsx	235	LABEL	-	Their path
src/pages/landing/TeacherPage.jsx	239	HEADLINE	-	Understand
src/pages/landing/TeacherPage.jsx	239	HEADLINE	-	your classroom.
src/pages/landing/TeacherPage.jsx	239	BODY	-	A clear picture of the learners and gaps that shape your classroom.
src/pages/landing/TeacherPage.jsx	240	HEADLINE	-	Achieve what
src/pages/landing/TeacherPage.jsx	240	HEADLINE	-	you're teaching toward.
src/pages/landing/TeacherPage.jsx	240	BODY	-	Set your goal and keep every learner moving.
src/pages/landing/TeacherPage.jsx	241	HEADLINE	-	Build something from
src/pages/landing/TeacherPage.jsx	241	HEADLINE	-	what you teach.
src/pages/landing/TeacherPage.jsx	241	BODY	-	Turn what you teach into projects and skills that grow with your students.
src/pages/landing/TeacherPage.jsx	244	LABEL	-	Primary
src/pages/landing/TeacherPage.jsx	244	LABEL	-	Secondary
src/pages/landing/TeacherPage.jsx	244	LABEL	-	Higher secondary
src/pages/landing/TeacherPage.jsx	244	LABEL	-	Competitive exams
src/pages/landing/TeacherPage.jsx	244	LABEL	-	Vocational and skills
src/pages/landing/TeacherPage.jsx	244	LABEL	-	Higher education
src/pages/landing/TeacherPage.jsx	244	LABEL	-	Independent learning
src/pages/landing/TeacherPage.jsx	248	LINK	-	Student
src/pages/landing/TeacherPage.jsx	248	BODY	-	Understand lessons, practise ideas, and keep your place.
src/pages/landing/TeacherPage.jsx	248	BODY	-	Student learning with a laptop
src/pages/landing/TeacherPage.jsx	249	LINK	-	Parent
src/pages/landing/TeacherPage.jsx	249	BODY	-	See progress clearly and know when to help.
src/pages/landing/TeacherPage.jsx	249	BODY	-	Parents helping students at a classroom desk
src/pages/landing/TeacherPage.jsx	250	LINK	-	Professional
src/pages/landing/TeacherPage.jsx	250	BODY	-	Turn what you learn into work you can use.
src/pages/landing/TeacherPage.jsx	250	BODY	-	Professional discussing work with a tablet
src/pages/landing/TeacherPage.jsx	251	LINK	-	Organization
src/pages/landing/TeacherPage.jsx	251	BODY	-	Help teams share context across projects.
src/pages/landing/TeacherPage.jsx	251	BODY	-	Leader talking at an organization table
src/pages/landing/TeacherPage.jsx	287	BODY	-	Teaching, to reach every learner.
src/pages/landing/TeacherPage.jsx	288	BODY	EM_DASH(body)	One class, many minds. See who's with you — before the next bell.
src/pages/landing/TeacherPage.jsx	290	BODY	-	A teacher presenting at a whiteboard
src/pages/landing/TeacherPage.jsx	291	BODY	-	Start teaching free
src/pages/landing/TeacherPage.jsx	329	BODY	-	Every
src/pages/landing/TeacherPage.jsx	333	BODY	-	block overflow-hidden whitespace-nowrap
src/pages/landing/TeacherPage.jsx	336	BODY	-	inline-block animate-[struggleWordIn_0.65s_cubic-bezier(0.22,1,0.36,1)_both]
src/pages/landing/TeacherPage.jsx	384	BODY	-	block h-full w-full object-cover animate-[struggleImageIn_0.7s_cubic-bezier(0.22,1,0.36,1)_both]
src/pages/landing/TeacherPage.jsx	406	META-aria	-	Teacher challenges
src/pages/landing/TeacherPage.jsx	433	BODY	-	The problem
src/pages/landing/TeacherPage.jsx	474	LABEL	TITLE_CASE	Lesson Planning
src/pages/landing/TeacherPage.jsx	475	LABEL	TITLE_CASE	In Class
src/pages/landing/TeacherPage.jsx	476	LABEL	TITLE_CASE	Checking Understanding
src/pages/landing/TeacherPage.jsx	477	LABEL	-	Adapting
src/pages/landing/TeacherPage.jsx	478	LABEL	TITLE_CASE	Supporting Individuals
src/pages/landing/TeacherPage.jsx	479	LABEL	-	Growing
src/pages/landing/TeacherPage.jsx	481	LABEL	-	Primary
src/pages/landing/TeacherPage.jsx	482	LABEL	-	Secondary
src/pages/landing/TeacherPage.jsx	483	LABEL	-	Higher secondary
src/pages/landing/TeacherPage.jsx	484	LABEL	-	Competitive exams
src/pages/landing/TeacherPage.jsx	485	LABEL	-	Vocational and skills
src/pages/landing/TeacherPage.jsx	486	LABEL	-	Higher education
src/pages/landing/TeacherPage.jsx	487	LABEL	-	Independent learning
src/pages/landing/TeacherPage.jsx	491	HEADLINE	TITLE_CASE	Lesson Planning
src/pages/landing/TeacherPage.jsx	491	BODY	-	Start from what your class already knows, and build the lesson on top of it.
src/pages/landing/TeacherPage.jsx	491	BODY	-	Teacher planning a lesson at a desk
src/pages/landing/TeacherPage.jsx	492	HEADLINE	TITLE_CASE	In Class
src/pages/landing/TeacherPage.jsx	492	BODY	-	Explain it visually, hear the questions, and teach it another way when you need to.
src/pages/landing/TeacherPage.jsx	492	BODY	-	Teacher presenting at a whiteboard
src/pages/landing/TeacherPage.jsx	493	HEADLINE	TITLE_CASE	Checking Understanding
src/pages/landing/TeacherPage.jsx	493	BODY	EM_DASH(body)	See who got it and who needs another explanation — before the exam tells you.
src/pages/landing/TeacherPage.jsx	493	LABEL	-	Teacher checking student work
src/pages/landing/TeacherPage.jsx	494	HEADLINE	-	Adapting
src/pages/landing/TeacherPage.jsx	494	BODY	-	Change the pace, the example, or the grouping the moment your class needs it.
src/pages/landing/TeacherPage.jsx	494	BODY	-	Teacher adapting a lesson in real time
src/pages/landing/TeacherPage.jsx	495	HEADLINE	TITLE_CASE	Supporting Individuals
src/pages/landing/TeacherPage.jsx	495	BODY	-	Reach the quiet ones, the fast ones, and the ones who never raise their hand.
src/pages/landing/TeacherPage.jsx	495	BODY	-	Teacher supporting an individual student
src/pages/landing/TeacherPage.jsx	496	HEADLINE	-	Growing
src/pages/landing/TeacherPage.jsx	496	BODY	EM_DASH(body)	Turn this year's teaching into next year's craft — every lesson builds on the last.
src/pages/landing/TeacherPage.jsx	496	LABEL	-	Teacher reflecting and growing
src/pages/landing/TeacherPage.jsx	500	LABEL	TITLE_CASE	Lesson Planning
src/pages/landing/TeacherPage.jsx	501	LABEL	TITLE_CASE	In Class
src/pages/landing/TeacherPage.jsx	502	LABEL	TITLE_CASE	Checking Understanding
src/pages/landing/TeacherPage.jsx	503	LABEL	-	Adapting
src/pages/landing/TeacherPage.jsx	504	LABEL	TITLE_CASE	Supporting Individuals
src/pages/landing/TeacherPage.jsx	505	LABEL	-	Growing
src/pages/landing/TeacherPage.jsx	509	LABEL	TITLE_CASE	Lesson Planning
src/pages/landing/TeacherPage.jsx	510	BODY	-	Plan the lesson.
src/pages/landing/TeacherPage.jsx	510	BODY	-	From where they are.
src/pages/landing/TeacherPage.jsx	511	BODY	-	The best lesson starts from what the class already knows. Visionary shows you where your learners are, so every plan builds on real understanding.
src/pages/landing/TeacherPage.jsx	512	LABEL	-	See how Visionary plans
src/pages/landing/TeacherPage.jsx	514	BODY	-	Start from the class.
src/pages/landing/TeacherPage.jsx	514	BODY	-	See what your learners understood last time before you plan what comes next.
src/pages/landing/TeacherPage.jsx	514	LABEL	-	See how it works
src/pages/landing/TeacherPage.jsx	515	BODY	-	Build on it.
src/pages/landing/TeacherPage.jsx	515	BODY	-	Structure the lesson so each idea connects to the one before it.
src/pages/landing/TeacherPage.jsx	515	LABEL	-	Start planning free
src/pages/landing/TeacherPage.jsx	516	BODY	-	In their language.
src/pages/landing/TeacherPage.jsx	516	BODY	-	Prepare explanations in the language your class actually thinks in.
src/pages/landing/TeacherPage.jsx	516	LABEL	-	Language support
src/pages/landing/TeacherPage.jsx	517	BODY	-	Share the plan.
src/pages/landing/TeacherPage.jsx	517	BODY	-	Keep colleagues, parents, and learners aligned on where the class is going.
src/pages/landing/TeacherPage.jsx	517	LABEL	-	Get support
src/pages/landing/TeacherPage.jsx	520	LABEL	TITLE_CASE	In Class
src/pages/landing/TeacherPage.jsx	521	BODY	-	Teach it.
src/pages/landing/TeacherPage.jsx	521	BODY	-	Another way, any time.
src/pages/landing/TeacherPage.jsx	522	BODY	EM_DASH(body)	When a concept doesn't land the first time, you need another way — not another period. Visionary gives you the visual, the explanation, and the example on demand.
src/pages/landing/TeacherPage.jsx	523	LABEL	-	See a teaching example
src/pages/landing/TeacherPage.jsx	525	BODY	-	Show it visually.
src/pages/landing/TeacherPage.jsx	525	BODY	-	Turn the hardest idea into something the whole class can see.
src/pages/landing/TeacherPage.jsx	525	LABEL	-	See how it works
src/pages/landing/TeacherPage.jsx	526	BODY	-	Hear the questions.
src/pages/landing/TeacherPage.jsx	526	BODY	EM_DASH(body)	Learners ask naturally — in their own words and language.
src/pages/landing/TeacherPage.jsx	526	LABEL	-	Talk to us
src/pages/landing/TeacherPage.jsx	527	BODY	-	Teach it another way.
src/pages/landing/TeacherPage.jsx	527	BODY	EM_DASH(body)	A second explanation, a new example, a simpler start — instantly.
src/pages/landing/TeacherPage.jsx	527	LABEL	-	Start teaching free
src/pages/landing/TeacherPage.jsx	528	BODY	-	Keep the pace.
src/pages/landing/TeacherPage.jsx	528	BODY	-	Stay in flow while the whole class stays with you.
src/pages/landing/TeacherPage.jsx	528	LABEL	-	Get support
src/pages/landing/TeacherPage.jsx	531	LABEL	TITLE_CASE	Checking Understanding
src/pages/landing/TeacherPage.jsx	532	BODY	-	Know who's with you.
src/pages/landing/TeacherPage.jsx	532	BODY	-	Before the exam does.
src/pages/landing/TeacherPage.jsx	533	BODY	EM_DASH(body)	Exams report the gap too late. Visionary shows you which learners got it, which didn't, and what to change — while the teaching is still happening.
src/pages/landing/TeacherPage.jsx	534	LABEL	-	See how Visionary checks
src/pages/landing/TeacherPage.jsx	536	BODY	-	See it as it happens.
src/pages/landing/TeacherPage.jsx	536	BODY	EM_DASH(body)	Understanding becomes visible — per learner, per concept, per class.
src/pages/landing/TeacherPage.jsx	536	LABEL	-	See how it works
src/pages/landing/TeacherPage.jsx	537	BODY	-	Practise with purpose.
src/pages/landing/TeacherPage.jsx	537	BODY	-	Practice that shows you exactly where the class stands.
src/pages/landing/TeacherPage.jsx	537	LABEL	-	Start teaching free
src/pages/landing/TeacherPage.jsx	538	BODY	-	Know what to change.
src/pages/landing/TeacherPage.jsx	538	BODY	-	Clear signals for the next period, not just the next report.
src/pages/landing/TeacherPage.jsx	538	LABEL	-	Keep the thread
src/pages/landing/TeacherPage.jsx	539	BODY	-	Act in time.
src/pages/landing/TeacherPage.jsx	539	BODY	-	Intervene before the gap becomes the exam result.
src/pages/landing/TeacherPage.jsx	539	LABEL	-	Get support
src/pages/landing/TeacherPage.jsx	542	LABEL	-	Adapting
src/pages/landing/TeacherPage.jsx	543	BODY	-	Change the pace.
src/pages/landing/TeacherPage.jsx	543	BODY	-	Not the standard.
src/pages/landing/TeacherPage.jsx	544	BODY	-	Every class shifts mid-lesson. Visionary helps you change the pace, the example, or the grouping the moment your class needs it.
src/pages/landing/TeacherPage.jsx	545	LABEL	-	See how Visionary adapts
src/pages/landing/TeacherPage.jsx	547	BODY	-	Adapt in the moment.
src/pages/landing/TeacherPage.jsx	547	BODY	EM_DASH(body)	A different example or a slower path — without leaving the lesson behind.
src/pages/landing/TeacherPage.jsx	547	LABEL	-	See how it works
src/pages/landing/TeacherPage.jsx	548	BODY	-	Group with intent.
src/pages/landing/TeacherPage.jsx	548	BODY	-	Know which learners are ready to move and which need another round.
src/pages/landing/TeacherPage.jsx	548	LABEL	-	Start teaching free
src/pages/landing/TeacherPage.jsx	549	BODY	-	Keep the thread.
src/pages/landing/TeacherPage.jsx	549	BODY	-	Adapting never breaks the continuity of the unit.
src/pages/landing/TeacherPage.jsx	549	LABEL	-	Keep the thread
src/pages/landing/TeacherPage.jsx	550	BODY	-	Explain in context.
src/pages/landing/TeacherPage.jsx	550	BODY	-	Adapted explanations that still land in the language of your class.
src/pages/landing/TeacherPage.jsx	550	LABEL	-	Talk to us
src/pages/landing/TeacherPage.jsx	553	LABEL	TITLE_CASE	Supporting Individuals
src/pages/landing/TeacherPage.jsx	554	BODY	-	Reach every learner.
src/pages/landing/TeacherPage.jsx	554	BODY	-	Even the quiet ones.
src/pages/landing/TeacherPage.jsx	555	BODY	-	The learners who need you most rarely raise their hands. Visionary helps you see them, hear them, and give each one what they need.
src/pages/landing/TeacherPage.jsx	556	LABEL	-	See how Visionary supports
src/pages/landing/TeacherPage.jsx	558	BODY	-	See the quiet ones.
src/pages/landing/TeacherPage.jsx	558	BODY	EM_DASH(body)	Every learner's understanding is visible — not only the volunteers.
src/pages/landing/TeacherPage.jsx	558	LABEL	-	See how it works
src/pages/landing/TeacherPage.jsx	559	BODY	-	Support the fast ones.
src/pages/landing/TeacherPage.jsx	559	BODY	-	Ready-for-more learners keep moving while others catch up.
src/pages/landing/TeacherPage.jsx	559	LABEL	-	Start teaching free
src/pages/landing/TeacherPage.jsx	560	BODY	-	Meet them in their language.
src/pages/landing/TeacherPage.jsx	560	BODY	-	Support lands best in the language each learner thinks in.
src/pages/landing/TeacherPage.jsx	560	LABEL	-	Language support
src/pages/landing/TeacherPage.jsx	561	BODY	-	Involve the family.
src/pages/landing/TeacherPage.jsx	561	BODY	-	Parents see the progress and know how to help at home.
src/pages/landing/TeacherPage.jsx	561	LABEL	-	For parents
src/pages/landing/TeacherPage.jsx	564	LABEL	-	Growing
src/pages/landing/TeacherPage.jsx	565	LABEL	-	This year's teaching,
src/pages/landing/TeacherPage.jsx	565	BODY	-	next year's craft.
src/pages/landing/TeacherPage.jsx	566	BODY	-	Great teachers keep growing. Visionary turns every lesson, every class, and every year into insight you carry forward.
src/pages/landing/TeacherPage.jsx	567	LABEL	-	See how Visionary grows
src/pages/landing/TeacherPage.jsx	569	BODY	-	See what worked.
src/pages/landing/TeacherPage.jsx	569	BODY	-	Understand which teaching moves moved which learners.
src/pages/landing/TeacherPage.jsx	569	LABEL	-	See how it works
src/pages/landing/TeacherPage.jsx	570	BODY	-	Keep what works.
src/pages/landing/TeacherPage.jsx	570	BODY	-	Your best explanations and plans stay with you, ready to reuse.
src/pages/landing/TeacherPage.jsx	570	LABEL	-	Keep the thread
src/pages/landing/TeacherPage.jsx	571	BODY	-	Learn what's next.
src/pages/landing/TeacherPage.jsx	571	BODY	EM_DASH(body)	New syllabus, new methods — your own learning keeps pace.
src/pages/landing/TeacherPage.jsx	571	LABEL	-	Start teaching free
src/pages/landing/TeacherPage.jsx	572	BODY	-	Grow with your school.
src/pages/landing/TeacherPage.jsx	572	BODY	-	Visionary supports departments, coaching centres, and institutions.
src/pages/landing/TeacherPage.jsx	572	LABEL	-	For organizations
src/pages/landing/TeacherPage.jsx	578	BODY	-	max(1.5rem, calc(50% - 40rem))
src/pages/landing/TeacherPage.jsx	585	BODY	-	max(1.5rem, 6%)
src/pages/landing/TeacherPage.jsx	586	BODY	-	flex snap-x snap-mandatory gap-12 overflow-x-auto pb-4 [scrollbar-width:none] [&::-webkit-scrollbar]:hidden
src/pages/landing/TeacherPage.jsx	606	BODY	-	absolute left-5 top-5 flex h-10 w-10 items-center justify-center rounded-full bg-white/95
src/pages/landing/TeacherPage.jsx	623	META-aria	-	Previous stages
src/pages/landing/TeacherPage.jsx	626	META-aria	-	Next stages
src/pages/landing/TeacherPage.jsx	641	LABEL	-	Escape
src/pages/landing/TeacherPage.jsx	662	LABEL	TITLE_CASE	Lesson Planning
src/pages/landing/TeacherPage.jsx	665	LABEL	-	Start free
src/pages/landing/TeacherPage.jsx	666	LABEL	-	See how it works
src/pages/landing/TeacherPage.jsx	673	META-aria	-	Close dialog
src/pages/landing/TeacherPage.jsx	686	META-aria	-	Close
src/pages/landing/TeacherPage.jsx	705	BODY	-	aspect-[21/9] w-full object-cover
src/pages/landing/TeacherPage.jsx	812	BODY	-	Your teaching, your journey
src/pages/landing/TeacherPage.jsx	815	BODY	-	What happens when teaching
src/pages/landing/TeacherPage.jsx	816	BODY	-	hidden md:block
src/pages/landing/TeacherPage.jsx	817	BODY	-	hero-fade-up inline-block
src/pages/landing/TeacherPage.jsx	823	BODY	-	Wherever your class begins, Visionary helps your teaching move forward from there
src/pages/landing/TeacherPage.jsx	828	META-aria	-	Teaching stages
src/pages/landing/TeacherPage.jsx	828	BODY	-	flex gap-3 overflow-x-auto py-1 [scrollbar-width:none] [&::-webkit-scrollbar]:hidden lg:flex-wrap lg:justify-center lg:gap-4 lg:overflow-visible lg:py-0
src/pages/landing/TeacherPage.jsx	890	BODY	-	aspect-[4/3] w-full object-cover lg:aspect-[15/16]
src/pages/landing/TeacherPage.jsx	910	BODY	-	relative [overflow-x:clip]
src/pages/landing/TeacherPage.jsx	913	BODY	-	The intelligence behind your teaching
src/pages/landing/TeacherPage.jsx	917	BODY	-	hero-fade-up inline-block
src/pages/landing/TeacherPage.jsx	922	BODY	-	For you and your class, from first question to real understanding
src/pages/landing/TeacherPage.jsx	936	BODY	-	You as a teacher
src/pages/landing/TeacherPage.jsx	947	BODY	-	You as a learner
src/pages/landing/TeacherPage.jsx	954	BODY	-	hidden lg:block
src/pages/landing/TeacherPage.jsx	986	BODY	-	hero-fade-up inline-block
src/pages/landing/TeacherPage.jsx	999	META-aria	-	Language selection
src/pages/landing/TeacherPage.jsx	1035	BODY	-	Every language
src/pages/landing/TeacherPage.jsx	1040	BODY	-	Plan, teach, and adapt in the language you think in
src/pages/landing/TeacherPage.jsx	1055	BODY	-	h-8 w-1.5 rounded-full
src/pages/landing/TeacherPage.jsx	1071	BODY	-	hero-fade-up inline
src/pages/landing/TeacherPage.jsx	1085	BODY	EM_DASH(body)	Teach your way — voice or text, in the language you're comfortable with
src/pages/landing/TeacherPage.jsx	1107	BODY	-	relative inline-block
src/pages/landing/TeacherPage.jsx	1131	META-aria	-	Choose a stage
src/pages/landing/TeacherPage.jsx	1189	BODY	-	relative py-24 lg:py-32 [overflow-x:clip]
src/pages/landing/TeacherPage.jsx	1192	BODY	-	Keep the thread
src/pages/landing/TeacherPage.jsx	1195	BODY	-	What you teach stays with them
src/pages/landing/TeacherPage.jsx	1198	BODY	-	What your class understands becomes part of what comes next. They never start over
src/pages/landing/TeacherPage.jsx	1204	LABEL	-	Previous
src/pages/landing/TeacherPage.jsx	1204	BODY	-	What they learned
src/pages/landing/TeacherPage.jsx	1205	LABEL	-	Now
src/pages/landing/TeacherPage.jsx	1205	BODY	-	What you're teaching
src/pages/landing/TeacherPage.jsx	1206	LABEL	-	Next
src/pages/landing/TeacherPage.jsx	1206	BODY	-	Where they can go
src/pages/landing/TeacherPage.jsx	1211	META-aria	-	Previous stage
src/pages/landing/TeacherPage.jsx	1220	META-aria	-	Next stage
src/pages/landing/TeacherPage.jsx	1229	BODY	-	Your class keeps its place
src/pages/landing/TeacherPage.jsx	1270	BODY	-	grid-rows-[1fr] opacity-100
src/pages/landing/TeacherPage.jsx	1270	BODY	-	grid-rows-[0fr] opacity-0
src/pages/landing/TeacherPage.jsx	1297	BODY	-	relative py-24 lg:py-32 [overflow-x:clip]
src/pages/landing/TeacherPage.jsx	1299	BODY	-	Your achievement
src/pages/landing/TeacherPage.jsx	1300	HEADLINE	-	See what your class can achieve.
src/pages/landing/TeacherPage.jsx	1302	BODY	-	Turn understanding into results, skills, and progress you can see
src/pages/landing/TeacherPage.jsx	1315	BODY	-	center center
src/pages/landing/TeacherPage.jsx	1336	BODY	-	aspect-[20/19] w-full object-cover
src/pages/landing/TeacherPage.jsx	1341	BODY	-	absolute left-5 top-5 flex h-10 w-10 items-center justify-center rounded-full bg-white/95
src/pages/landing/TeacherPage.jsx	1360	BODY	-	relative bg-white py-24 lg:py-32 [overflow-x:clip]
src/pages/landing/TeacherPage.jsx	1362	BODY	-	Your journey
src/pages/landing/TeacherPage.jsx	1367	BODY	-	As your classes and goals change, Visionary is the place to continue
src/pages/landing/TeacherPage.jsx	1375	BODY	-	flex justify-start py-2 pl-[16%] lg:py-3 lg:pl-[20%]
src/pages/landing/TeacherPage.jsx	1397	BODY	-	Wherever your classroom goes, your teaching can continue with you
src/pages/landing/TeacherPage.jsx	1404	BODY	-	See how Visionary keeps it connected
src/pages/landing/TeacherPage.jsx	1420	HEADLINE	-	Private by design.
src/pages/landing/TeacherPage.jsx	1420	BODY	PASSIVE	Your personal information is treated with care.
src/pages/landing/TeacherPage.jsx	1420	LINK	-	Read the privacy approach
src/pages/landing/TeacherPage.jsx	1421	HEADLINE	-	Safe to grow with.
src/pages/landing/TeacherPage.jsx	1421	BODY	-	Built from the first question to what's next.
src/pages/landing/TeacherPage.jsx	1421	LINK	-	See our security practices
src/pages/landing/TeacherPage.jsx	1422	HEADLINE	-	Built responsibly.
src/pages/landing/TeacherPage.jsx	1422	BODY	-	Intelligence should help people, never work against them.
src/pages/landing/TeacherPage.jsx	1422	LINK	-	Read our commitments
src/pages/landing/TeacherPage.jsx	1454	BODY	-	relative bg-white py-24 lg:py-32 [overflow-x:clip]
src/pages/landing/TeacherPage.jsx	1456	BODY	-	Trust and safety
src/pages/landing/TeacherPage.jsx	1459	BODY	-	hero-fade-up inline-block
src/pages/landing/TeacherPage.jsx	1462	BODY	PASSIVE	Your classes, conversations, ideas, and progress are personal. Visionary is built to keep it that way
src/pages/landing/TeacherPage.jsx	1472	META-aria	-	Previous trust card
src/pages/landing/TeacherPage.jsx	1475	META-aria	-	Next trust card
src/pages/landing/TeacherPage.jsx	1484	BODY	-	flex flex-col gap-8 2xl:grid 2xl:grid-cols-2 2xl:gap-10
src/pages/landing/TeacherPage.jsx	1504	BODY	-	Begin today
src/pages/landing/TeacherPage.jsx	1507	BODY	-	Your teaching starts with where your class is
src/pages/landing/TeacherPage.jsx	1510	BODY	-	See who understands. Adapt the next lesson
src/pages/landing/TeacherPage.jsx	1518	BODY	-	Get started
src/pages/landing/TeacherPage.jsx	1545	BODY	-	Learn more
src/pages/landing/TeacherPage.jsx	1557	BODY	-	relative py-16 lg:py-24 [overflow-x:clip]
src/pages/landing/TeacherPage.jsx	1560	BODY	-	Explore Visionary
src/pages/landing/TeacherPage.jsx	1574	META-aria	-	Next categories
src/pages/landing/TermsPage.jsx	4	BODY	-	Accessibility, ArrowRight, ChevronDown, Cookie, FileText
src/pages/landing/TermsPage.jsx	5	BODY	-	Lock, ShieldCheck, UsersRound
src/pages/landing/TermsPage.jsx	59	LABEL	-	Written to be understood
src/pages/landing/TermsPage.jsx	59	LABEL	-	Your content stays yours
src/pages/landing/TermsPage.jsx	59	LABEL	-	Material changes get notice
src/pages/landing/TermsPage.jsx	64	LABEL	-	Know the rules
src/pages/landing/TermsPage.jsx	65	BODY	-	The do's and don'ts that keep Visionary safe and useful for everyone.
src/pages/landing/TermsPage.jsx	66	BODY	-	Icon: ShieldCheck
src/pages/landing/TermsPage.jsx	70	LABEL	-	Understand your content
src/pages/landing/TermsPage.jsx	71	BODY	-	You stay responsible for what you create, and for the rights to it.
src/pages/landing/TermsPage.jsx	72	BODY	-	Icon: FileText
src/pages/landing/TermsPage.jsx	76	LABEL	-	See how plans work
src/pages/landing/TermsPage.jsx	77	BODY	-	Billing, renewal, and cancellation follow what the Pricing page describes.
src/pages/landing/TermsPage.jsx	78	BODY	-	Icon: UsersRound
src/pages/landing/TermsPage.jsx	83	HEADLINE	-	Who can use Visionary
src/pages/landing/TermsPage.jsx	84	HEADLINE	-	What you can do
src/pages/landing/TermsPage.jsx	85	HEADLINE	-	What you cannot do
src/pages/landing/TermsPage.jsx	86	HEADLINE	-	What we provide
src/pages/landing/TermsPage.jsx	87	HEADLINE	-	Your content
src/pages/landing/TermsPage.jsx	88	HEADLINE	-	Your account
src/pages/landing/TermsPage.jsx	89	HEADLINE	-	Plans, payments, and cancellation
src/pages/landing/TermsPage.jsx	90	HEADLINE	-	When Visionary or your access changes
src/pages/landing/TermsPage.jsx	91	HEADLINE	-	When access may be restricted
src/pages/landing/TermsPage.jsx	92	HEADLINE	-	Disclaimers and responsibility
src/pages/landing/TermsPage.jsx	93	HEADLINE	-	Governing law and disputes
src/pages/landing/TermsPage.jsx	94	HEADLINE	-	Contact
src/pages/landing/TermsPage.jsx	204	BODY	-	grid gap-8 lg:grid-cols-[248px_minmax(0,1fr)] lg:gap-14
src/pages/landing/TermsPage.jsx	206	BODY	-	hidden lg:block
src/pages/landing/TermsPage.jsx	208	BODY	-	In this policy
src/pages/landing/TermsPage.jsx	209	META-aria	-	Terms sections
src/pages/landing/TermsPage.jsx	231	BODY	-	mt-0.5 h-5 w-5 shrink-0
src/pages/landing/TermsPage.jsx	233	BODY	-	These Terms are read together with the Privacy Policy and the Cookie policy
src/pages/landing/TermsPage.jsx	246	BODY	-	Terms of service
src/pages/landing/TermsPage.jsx	248	BODY	-	Clear rules, written to be understood
src/pages/landing/TermsPage.jsx	251	BODY	EM_DASH(body)	What you can expect from Visionary, and what we expect from the people who use it — without the obscure language
src/pages/landing/TermsPage.jsx	269	BODY	-	Questions about these Terms?
src/pages/landing/TermsPage.jsx	270	BODY	-	The team reads every message about how these rules apply.
src/pages/landing/TermsPage.jsx	293	BODY	-	In this policy
src/pages/landing/TermsPage.jsx	294	LABEL	-	Choose a section
src/pages/landing/TermsPage.jsx	324	BODY	-	Start here
src/pages/landing/TermsPage.jsx	325	HEADLINE	-	The essentials, at a glance
src/pages/landing/TermsPage.jsx	345	HEADLINE	-	Who can use Visionary
src/pages/landing/TermsPage.jsx	346	BODY	-	You may use Visionary only if you are legally permitted to enter into these Terms.
src/pages/landing/TermsPage.jsx	347	BODY	-	For younger learners, use of Visionary may require involvement or permission from a parent or legal guardian, depending on the learner's age and the applicable law.
src/pages/landing/TermsPage.jsx	348	BODY	-	If you are using Visionary on behalf of a school, company, institution, or another organization, you confirm that you have authority to accept these Terms on its behalf.
src/pages/landing/TermsPage.jsx	349	BODY	-	The final minimum-age and parental-consent language should match Visionary's actual account model and applicable law before publication.
src/pages/landing/TermsPage.jsx	354	HEADLINE	-	What you can do
src/pages/landing/TermsPage.jsx	355	BODY	-	Use Visionary to support learning, teaching, practice, creation, and work.
src/pages/landing/TermsPage.jsx	357	BODY	-	Learn.
src/pages/landing/TermsPage.jsx	358	BODY	-	Teach.
src/pages/landing/TermsPage.jsx	359	BODY	-	Create.
src/pages/landing/TermsPage.jsx	360	BODY	-	Work.
src/pages/landing/TermsPage.jsx	362	BODY	-	You are responsible for how you use information and output provided by Visionary.
src/pages/landing/TermsPage.jsx	367	HEADLINE	-	What you cannot do
src/pages/landing/TermsPage.jsx	368	BODY	-	Keep Visionary useful and safe for everyone.
src/pages/landing/TermsPage.jsx	370	BODY	-	Break applicable laws or regulations.
src/pages/landing/TermsPage.jsx	371	BODY	-	Harm, threaten, harass, exploit, or deceive another person.
src/pages/landing/TermsPage.jsx	372	BODY	-	Infringe another person's intellectual-property, privacy, or other legal rights.
src/pages/landing/TermsPage.jsx	373	BODY	-	Attempt to gain unauthorized access to Visionary or another user's account or information.
src/pages/landing/TermsPage.jsx	374	BODY	-	Interfere with, disrupt, reverse engineer, or bypass the security or operation of the service, except where applicable law expressly permits it.
src/pages/landing/TermsPage.jsx	375	BODY	-	Upload or distribute malicious software or harmful code.
src/pages/landing/TermsPage.jsx	376	BODY	-	Use Visionary to create or distribute content that violates applicable safety policies.
src/pages/landing/TermsPage.jsx	377	BODY	-	Misuse automated access or attempt to circumvent usage limits or other service protections.
src/pages/landing/TermsPage.jsx	383	HEADLINE	-	What we provide
src/pages/landing/TermsPage.jsx	384	BODY	-	Visionary provides technology designed to support learning, teaching, practice, creation, and connected progress.
src/pages/landing/TermsPage.jsx	385	BODY	-	Features may change over time. We may add, improve, remove, or limit features as the product develops.
src/pages/landing/TermsPage.jsx	386	BODY	-	Visionary can provide useful information and assistance, but it does not guarantee that every response, explanation, recommendation, or generated result will always be accurate, complete, or suitable for your particular situation.
src/pages/landing/TermsPage.jsx	387	BODY	-	For decisions that require professional judgment, you should rely on an appropriately qualified professional.
src/pages/landing/TermsPage.jsx	388	BODY	-	Visionary is a learning and productivity service, not a replacement for qualified medical, legal, financial, or other professional advice.
src/pages/landing/TermsPage.jsx	393	HEADLINE	-	Your content
src/pages/landing/TermsPage.jsx	394	BODY	-	You remain responsible for the content you submit, upload, create, or share through Visionary.
src/pages/landing/TermsPage.jsx	395	BODY	-	You must have the necessary rights and permissions to provide that content.
src/pages/landing/TermsPage.jsx	396	BODY	-	When operating Visionary requires us to store, process, display, or transmit your content, you give Visionary the permissions reasonably necessary to provide those services.
src/pages/landing/TermsPage.jsx	397	BODY	-	Your Privacy Policy explains separately how personal information and other data are handled.
src/pages/landing/TermsPage.jsx	398	LABEL	TITLE_CASE	Read the Privacy Policy
src/pages/landing/TermsPage.jsx	403	HEADLINE	-	Your account
src/pages/landing/TermsPage.jsx	404	BODY	-	Keep your account information accurate and take reasonable steps to protect your account.
src/pages/landing/TermsPage.jsx	406	BODY	-	Provide accurate information when creating your account.
src/pages/landing/TermsPage.jsx	407	BODY	-	Keep your login information secure.
src/pages/landing/TermsPage.jsx	408	BODY	-	Take responsibility for activity that occurs through your account.
src/pages/landing/TermsPage.jsx	409	BODY	-	Tell us when you believe your account has been compromised.
src/pages/landing/TermsPage.jsx	411	BODY	-	You must not use another person's account without permission or create accounts in deceptive ways.
src/pages/landing/TermsPage.jsx	412	BODY	-	For organizational accounts, an authorized administrator may have additional responsibilities and controls.
src/pages/landing/TermsPage.jsx	417	HEADLINE	-	Plans, payments, and cancellation
src/pages/landing/TermsPage.jsx	418	BODY	-	Some Visionary features or services may require payment.
src/pages/landing/TermsPage.jsx	419	BODY	-	Prices, billing periods, available features, renewal terms, refunds, and cancellation rules are described on the Pricing page or at the time of purchase.
src/pages/landing/TermsPage.jsx	420	BODY	-	A subscription does not transfer ownership of Visionary or its underlying technology to you.
src/pages/landing/TermsPage.jsx	421	BODY	PASSIVE	The published Terms must be kept consistent with the actual pricing, billing, refund, tax, and cancellation implementation.
src/pages/landing/TermsPage.jsx	422	LABEL	-	See the Pricing page
src/pages/landing/TermsPage.jsx	427	HEADLINE	-	When Visionary or your access changes
src/pages/landing/TermsPage.jsx	428	BODY	-	Products change. These Terms may need to change with them.
src/pages/landing/TermsPage.jsx	429	BODY	-	We may update, suspend, or discontinue parts of Visionary when reasonably necessary, including for product development, security, legal, or operational reasons.
src/pages/landing/TermsPage.jsx	430	BODY	-	When changes to these Terms are material, we will provide notice where required by applicable law.
src/pages/landing/TermsPage.jsx	431	BODY	-	The updated Terms will show a new
src/pages/landing/TermsPage.jsx	431	BODY	-	Last updated
src/pages/landing/TermsPage.jsx	436	HEADLINE	-	When access may be restricted
src/pages/landing/TermsPage.jsx	437	BODY	-	We may restrict, suspend, or terminate access when necessary to protect users, Visionary, or the integrity of the service.
src/pages/landing/TermsPage.jsx	439	BODY	-	These Terms or applicable policies are seriously or repeatedly violated.
src/pages/landing/TermsPage.jsx	440	BODY	PASSIVE	The service is being used in a way that creates a safety, security, or legal risk.
src/pages/landing/TermsPage.jsx	441	BODY	-	We are required to do so by law or legal process.
src/pages/landing/TermsPage.jsx	442	BODY	-	Your conduct causes harm or significant risk to another person, organization, or Visionary.
src/pages/landing/TermsPage.jsx	444	BODY	-	Where reasonably possible and legally permitted, we should provide an explanation and an opportunity to address the issue.
src/pages/landing/TermsPage.jsx	449	HEADLINE	-	Disclaimers and responsibility
src/pages/landing/TermsPage.jsx	450	BODY	PASSIVE	Visionary is provided subject to applicable law.
src/pages/landing/TermsPage.jsx	451	BODY	-	We do not promise that the service will always be uninterrupted, error-free, completely accurate, or available in every circumstance.
src/pages/landing/TermsPage.jsx	452	BODY	-	You remain responsible for reviewing important information before relying on it, particularly where an incorrect result could materially affect a person or organization.
src/pages/landing/TermsPage.jsx	453	BODY	-	Any limitation of liability, warranty disclaimer, indemnification provision, or related legal language will apply only to the extent permitted by applicable law.
src/pages/landing/TermsPage.jsx	458	HEADLINE	-	Governing law and disputes
src/pages/landing/TermsPage.jsx	459	BODY	-	If there is a disagreement, contact Visionary first and give us an opportunity to understand and resolve the issue.
src/pages/landing/TermsPage.jsx	460	BODY	-	If a dispute cannot be resolved informally, the applicable governing law, jurisdiction, dispute-resolution procedure, arbitration provisions, and courts will be specified here.
src/pages/landing/TermsPage.jsx	461	BODY	-	Final jurisdiction, arbitration, governing-law, and dispute provisions should be reviewed and approved by Visionary's legal counsel before publication.
src/pages/landing/TermsPage.jsx	466	HEADLINE	-	Contact
src/pages/landing/TermsPage.jsx	467	BODY	-	Questions about these Terms? Contact Visionary at:
src/pages/landing/TermsPage.jsx	477	BODY	-	For privacy, safety, account, billing, or product questions, please use the relevant Visionary support channel.
src/pages/landing/TermsPage.jsx	488	HEADLINE	-	Key terms
src/pages/landing/TermsPage.jsx	491	LABEL	-	Visionary
src/pages/landing/TermsPage.jsx	491	BODY	-	The learning workspace, its features, and the connected services described on this site.
src/pages/landing/TermsPage.jsx	492	LABEL	-	Workspace
src/pages/landing/TermsPage.jsx	492	BODY	EM_DASH(body)	The learning environment you use in a browser — it holds the questions, practice, and projects from your sessions.
src/pages/landing/TermsPage.jsx	493	LABEL	-	Content
src/pages/landing/TermsPage.jsx	493	BODY	-	What you submit, upload, create, or share through Visionary, for which you stay responsible.
src/pages/landing/TermsPage.jsx	495	LABEL	-	Organization administrator
src/pages/landing/TermsPage.jsx	495	BODY	-	A person authorized to accept these Terms and manage accounts on behalf of a school, company, or institution.
src/pages/landing/TermsPage.jsx	496	LABEL	-	Service protections
src/pages/landing/TermsPage.jsx	496	BODY	-	The usage limits, security measures, and safeguards that keep the service reliable and safe for everyone.
src/pages/landing/TermsPage.jsx	508	META-aria	-	Related policies
src/pages/landing/TermsPage.jsx	510	HEADLINE	-	Read them together
src/pages/landing/TermsPage.jsx	513	LABEL	TITLE_CASE	Privacy Policy
src/pages/landing/TermsPage.jsx	513	BODY	-	Your learning is personal.
src/pages/landing/TermsPage.jsx	514	LABEL	-	Cookie policy
src/pages/landing/TermsPage.jsx	514	BODY	-	Essential cookies only.
src/pages/landing/TermsPage.jsx	515	LABEL	-	Safety
src/pages/landing/TermsPage.jsx	515	BODY	-	Guardrails for every learner.
src/pages/landing/TermsPage.jsx	516	LABEL	-	Accessibility
src/pages/landing/TermsPage.jsx	516	BODY	-	Built for every kind of learner.
src/pages/landing/TermsPage.jsx	526	BODY	-	absolute bottom-2.5 right-2.5 flex h-7 w-7 items-center justify-center
src/pages/landing/UpdatesPage.jsx	4	BODY	-	ArrowUpRight, Bell, BookOpen, Check, CheckCircle2
src/pages/landing/UpdatesPage.jsx	5	BODY	-	Languages, Sparkles, UsersRound
src/pages/landing/UpdatesPage.jsx	47	LABEL	-	Product updates
src/pages/landing/UpdatesPage.jsx	47	BODY	-	New features, improvements, and important changes.
src/pages/landing/UpdatesPage.jsx	48	LABEL	-	Languages and access
src/pages/landing/UpdatesPage.jsx	48	BODY	-	New language experiences and accessibility improvements.
src/pages/landing/UpdatesPage.jsx	49	LABEL	-	Research and learning
src/pages/landing/UpdatesPage.jsx	49	BODY	-	Findings and thinking behind the product.
src/pages/landing/UpdatesPage.jsx	50	LABEL	-	Community and events
src/pages/landing/UpdatesPage.jsx	50	BODY	-	Community stories, practical guidance, and ways to participate.
src/pages/landing/UpdatesPage.jsx	55	HEADLINE	-	The learning loop, end to end
src/pages/landing/UpdatesPage.jsx	55	BODY	EM_DASH(body)	Learn, Ask, Practice, Build — one workspace now carries every step of the loop.
src/pages/landing/UpdatesPage.jsx	55	LABEL	-	September 2026
src/pages/landing/UpdatesPage.jsx	56	HEADLINE	-	Three languages, one loop
src/pages/landing/UpdatesPage.jsx	56	BODY	-	Language journeys run in English, Hindi, and Bengali, with more on the roadmap.
src/pages/landing/UpdatesPage.jsx	56	LABEL	-	September 2026
src/pages/landing/UpdatesPage.jsx	57	HEADLINE	-	Consent-scoped progress summaries
src/pages/landing/UpdatesPage.jsx	57	BODY	EM_DASH(body)	Parents follow the journey with confidence — without opening the learner's private space.
src/pages/landing/UpdatesPage.jsx	57	LABEL	-	September 2026
src/pages/landing/UpdatesPage.jsx	58	HEADLINE	-	Insights across cohorts
src/pages/landing/UpdatesPage.jsx	58	BODY	-	Organizations see patterns across learners. Individual answers stay individual.
src/pages/landing/UpdatesPage.jsx	58	LABEL	-	September 2026
src/pages/landing/UpdatesPage.jsx	59	HEADLINE	-	Class communities, moderated
src/pages/landing/UpdatesPage.jsx	59	BODY	EM_DASH(body)	Discussions stay safe with one-tap reporting and human review — usually within 24 hours.
src/pages/landing/UpdatesPage.jsx	59	LABEL	-	August 2026
src/pages/landing/UpdatesPage.jsx	60	HEADLINE	-	What we learn, we publish
src/pages/landing/UpdatesPage.jsx	60	BODY	-	Findings from real use shape the loop. The work so far lives in Research & News.
src/pages/landing/UpdatesPage.jsx	60	LABEL	-	August 2026
src/pages/landing/UpdatesPage.jsx	61	HEADLINE	-	Teach in your language
src/pages/landing/UpdatesPage.jsx	61	BODY	-	Teachers can prepare and publish classwork in the language their classroom speaks.
src/pages/landing/UpdatesPage.jsx	61	LABEL	-	July 2026
src/pages/landing/UpdatesPage.jsx	62	HEADLINE	-	Safety guidance, reviewed openly
src/pages/landing/UpdatesPage.jsx	62	BODY	EM_DASH(body)	Safety policies are updated as we learn from real use — just like the product itself.
src/pages/landing/UpdatesPage.jsx	62	LABEL	-	July 2026
src/pages/landing/UpdatesPage.jsx	80	LABEL	-	Visionary updates request
src/pages/landing/UpdatesPage.jsx	91	LABEL	-	Updates
src/pages/landing/UpdatesPage.jsx	101	BODY	EM_DASH(body)	Product news, new languages, and launch updates — as they land, with the date on each one
src/pages/landing/UpdatesPage.jsx	114	BODY	-	Browse the latest
src/pages/landing/UpdatesPage.jsx	126	BODY	-	Featured
src/pages/landing/UpdatesPage.jsx	130	BODY	EM_DASH(body)	One intelligence, every learner — in their language
src/pages/landing/UpdatesPage.jsx	135	BODY	-	September 2026
src/pages/landing/UpdatesPage.jsx	137	BODY	-	flex justify-center lg:justify-end
src/pages/landing/UpdatesPage.jsx	139	HEADLINE	-	The learning loop: Learn, Ask, Practice, Build
src/pages/landing/UpdatesPage.jsx	145	META-aria	-	How the loop works
src/pages/landing/UpdatesPage.jsx	157	BODY	-	The changes, by category
src/pages/landing/UpdatesPage.jsx	159	BODY	-	Latest updates
src/pages/landing/UpdatesPage.jsx	162	BODY	-	Each entry names the month it landed. Pick a category to narrow the view
src/pages/landing/UpdatesPage.jsx	165	META-aria	-	Filter updates by category
src/pages/landing/UpdatesPage.jsx	203	BODY	-	No updates in this category yet.
src/pages/landing/UpdatesPage.jsx	215	BODY	-	Evidence over claims
src/pages/landing/UpdatesPage.jsx	218	BODY	EM_DASH(body)	We study how people learn with Visionary and publish what we find — what worked, what did not, and what changed as a result
src/pages/landing/UpdatesPage.jsx	221	BODY	-	flex justify-center lg:justify-end
src/pages/landing/UpdatesPage.jsx	223	HEADLINE	-	A magnifier over data
src/pages/landing/UpdatesPage.jsx	229	META-aria	-	Read Research and News
src/pages/landing/UpdatesPage.jsx	240	BODY	-	Stay in the loop
src/pages/landing/UpdatesPage.jsx	242	BODY	-	Get updates by email
src/pages/landing/UpdatesPage.jsx	245	BODY	-	Choose your topics and prepare an email request to the Visionary team. Change your mix any time
src/pages/landing/UpdatesPage.jsx	249	BODY	-	mt-12 grid gap-8 lg:grid-cols-[0.9fr_1.1fr] lg:gap-16
src/pages/landing/UpdatesPage.jsx	251	META-aria	-	Update categories
src/pages/landing/UpdatesPage.jsx	283	SUBHEAD	-	Your request is ready.
src/pages/landing/UpdatesPage.jsx	285	BODY	EM_DASH(body)	Your email app opened a draft with these preferences. Review it and choose whether to send — this page has not subscribed you automatically
src/pages/landing/UpdatesPage.jsx	298	BODY	-	Name
src/pages/landing/UpdatesPage.jsx	306	BODY	-	Email
src/pages/landing/UpdatesPage.jsx	316	BODY	-	You will receive
src/pages/landing/UpdatesPage.jsx	340	BODY	-	I agree to receive the updates I selected. I can unsubscribe any time
src/pages/landing/UpdatesPage.jsx	348	BODY	-	Prepare email request
src/pages/landing/UpdatesPage.jsx	351	BODY	EM_DASH(body)	Nothing is submitted from this page — your email app opens a draft for you to review and send
src/pages/landing/UpdatesPage.jsx	361	BODY	-	Privacy Policy
src/pages/landing/UpdatesPage.jsx	369	META-aria	-	Contact
src/pages/landing/UpdatesPage.jsx	371	BODY	-	Questions about updates?
src/pages/Landing.jsx	129	META-aria	-	Carousel slides
src/pages/Landing.jsx	176	HEADLINE	-	Teaching everyone is possible.
src/pages/Landing.jsx	176	HEADLINE	-	Reaching everyone isn't
src/pages/Landing.jsx	176	SUBHEAD	TITLE_CASE	A Teacher
src/pages/Landing.jsx	176	BODY	-	I taught the whole class. Half of them still left lost.
src/pages/Landing.jsx	176	BODY	-	Teacher addressing a full classroom
src/pages/Landing.jsx	177	HEADLINE	-	Seeing progress is easy.
src/pages/Landing.jsx	177	HEADLINE	-	Knowing how to help isn't
src/pages/Landing.jsx	177	SUBHEAD	TITLE_CASE	A Parent
src/pages/Landing.jsx	177	BODY	-	The report card says fine. I still don't know how to help at home.
src/pages/Landing.jsx	177	BODY	-	Parent reviewing a child's progress
src/pages/Landing.jsx	178	HEADLINE	-	Accessing knowledge is easy.
src/pages/Landing.jsx	178	HEADLINE	-	Applying it isn't
src/pages/Landing.jsx	178	SUBHEAD	TITLE_CASE	A Student
src/pages/Landing.jsx	178	BODY	-	I watched eight hours of videos and still couldn't solve a single problem on my own.
src/pages/Landing.jsx	178	BODY	-	Student studying alone with a tablet
src/pages/Landing.jsx	179	HEADLINE	-	Knowledge is everywhere.
src/pages/Landing.jsx	179	HEADLINE	-	Turning it into capability isn't
src/pages/Landing.jsx	179	SUBHEAD	TITLE_CASE	A Professional
src/pages/Landing.jsx	179	BODY	-	I have all the articles. I still can't turn them into the work.
src/pages/Landing.jsx	179	BODY	-	Professional applying knowledge at work
src/pages/Landing.jsx	183	BODY	-	grows with you.
src/pages/Landing.jsx	183	BODY	-	starts with where you are.
src/pages/Landing.jsx	188	SUBHEAD	-	Student
src/pages/Landing.jsx	188	HEADLINE	-	Understand
src/pages/Landing.jsx	188	BODY	-	See the idea, practise it, and use it in the next thing you build.
src/pages/Landing.jsx	188	LINK	-	Explore student learning
src/pages/Landing.jsx	188	BODY	-	what you're learning.
src/pages/Landing.jsx	188	BODY	-	why it matters.
src/pages/Landing.jsx	188	BODY	-	where you're stuck.
src/pages/Landing.jsx	188	BODY	-	what stays with you.
src/pages/Landing.jsx	188	LABEL	-	Student studying with books
src/pages/Landing.jsx	189	SUBHEAD	-	Teacher
src/pages/Landing.jsx	189	HEADLINE	-	Know
src/pages/Landing.jsx	189	BODY	-	Plan, explain, and check understanding while the lesson is still in front of you.
src/pages/Landing.jsx	189	LINK	-	Explore teaching tools
src/pages/Landing.jsx	189	BODY	-	who needs another explanation.
src/pages/Landing.jsx	189	BODY	-	who's ready to move forward.
src/pages/Landing.jsx	189	BODY	-	how to teach the next idea.
src/pages/Landing.jsx	189	BODY	-	Teacher presenting at a whiteboard
src/pages/Landing.jsx	190	SUBHEAD	-	Parent
src/pages/Landing.jsx	190	HEADLINE	-	Know
src/pages/Landing.jsx	190	BODY	-	See the progress behind the report and find a useful next step at home.
src/pages/Landing.jsx	190	LINK	-	Explore parent support
src/pages/Landing.jsx	190	BODY	-	where they need support.
src/pages/Landing.jsx	190	BODY	-	how they're growing.
src/pages/Landing.jsx	190	BODY	-	what to ask next.
src/pages/Landing.jsx	190	BODY	-	Parent helping child with homework
src/pages/Landing.jsx	191	SUBHEAD	-	Professional
src/pages/Landing.jsx	191	HEADLINE	-	what the work
src/pages/Landing.jsx	191	BODY	-	Turn a question, project, or new skill into work you can use.
src/pages/Landing.jsx	191	LINK	-	Explore professional work
src/pages/Landing.jsx	191	BODY	-	Professional writing notes beside a laptop
src/pages/Landing.jsx	192	SUBHEAD	-	Organization
src/pages/Landing.jsx	192	HEADLINE	-	See
src/pages/Landing.jsx	192	HEADLINE	-	what your people are
src/pages/Landing.jsx	192	BODY	-	Give teams a shared view of learning across people, projects, and time.
src/pages/Landing.jsx	192	LINK	-	Explore organization learning
src/pages/Landing.jsx	192	BODY	-	Leader reviewing team progress on a tablet
src/pages/Landing.jsx	196	LABEL	-	Remember
src/pages/Landing.jsx	196	HEADLINE	-	It remembers more than what you said.
src/pages/Landing.jsx	196	BODY	-	It remembers what you understood, where you struggled, what you tried, and what changed along the way.
src/pages/Landing.jsx	197	LABEL	-	Understand
src/pages/Landing.jsx	197	HEADLINE	-	You never have to start over.
src/pages/Landing.jsx	197	BODY	-	When you return, Visionary already knows where you were, what you've done, and what makes sense to do next.
src/pages/Landing.jsx	198	LABEL	-	Continue
src/pages/Landing.jsx	198	HEADLINE	-	It learns from what you do.
src/pages/Landing.jsx	198	BODY	-	Each lesson, practice, project, and decision gives the next step more context.
src/pages/Landing.jsx	199	LABEL	-	Grow
src/pages/Landing.jsx	199	HEADLINE	-	Understanding grows.
src/pages/Landing.jsx	199	BODY	-	What you learn, teach, and build today becomes the foundation for what you can do tomorrow.
src/pages/Landing.jsx	201	LABEL	-	Remember
src/pages/Landing.jsx	201	LABEL	-	Understand
src/pages/Landing.jsx	201	LABEL	-	Continue
src/pages/Landing.jsx	205	LABEL	-	Hindi
src/pages/Landing.jsx	206	LABEL	-	English
src/pages/Landing.jsx	207	LABEL	-	Bengali
src/pages/Landing.jsx	208	LABEL	-	Tamil
src/pages/Landing.jsx	209	LABEL	-	Kannada
src/pages/Landing.jsx	210	LABEL	-	Punjabi
src/pages/Landing.jsx	213	BODY	-	Aaj maine kya samjha?
src/pages/Landing.jsx	213	BODY	-	What did I understand today?
src/pages/Landing.jsx	214	BODY	-	Yeh concept real life mein kaise kaam karta hai?
src/pages/Landing.jsx	214	BODY	-	How does this concept work in real life?
src/pages/Landing.jsx	215	BODY	-	Mera bachcha kahan madad chahta hai?
src/pages/Landing.jsx	215	BODY	-	Where does my child need support?
src/pages/Landing.jsx	216	BODY	-	Is project ke liye kaunsi skill chahiye?
src/pages/Landing.jsx	216	BODY	-	Which skill does this project need?
src/pages/Landing.jsx	221	HEADLINE	-	Adapt
src/pages/Landing.jsx	221	BODY	-	When what you need changes, the way you learn can change with it.
src/pages/Landing.jsx	222	HEADLINE	-	Grow
src/pages/Landing.jsx	222	BODY	-	When you know more, you should be able to go further.
src/pages/Landing.jsx	223	HEADLINE	-	Create
src/pages/Landing.jsx	223	BODY	-	When an idea becomes real, your intelligence should come with you.
src/pages/Landing.jsx	223	BODY	-	Person building a real project
src/pages/Landing.jsx	224	HEADLINE	-	Continue
src/pages/Landing.jsx	224	BODY	-	Wherever you go next, you shouldn't have to begin again.
src/pages/Landing.jsx	224	LABEL	-	Learner continuing their journey
src/pages/Landing.jsx	230	HEADLINE	-	Your data stays yours.
src/pages/Landing.jsx	230	BODY	-	You choose what Visionary remembers and how you use it.
src/pages/Landing.jsx	230	LINK	-	Read our privacy approach
src/pages/Landing.jsx	230	BODY	-	Person working privately on a laptop
src/pages/Landing.jsx	231	HEADLINE	-	Safe to grow with.
src/pages/Landing.jsx	231	BODY	-	Age-aware guidance and human review help keep learning on track.
src/pages/Landing.jsx	231	LINK	-	See our security practices
src/pages/Landing.jsx	231	BODY	-	Shield protecting a learner's journey
src/pages/Landing.jsx	232	HEADLINE	-	Built with care.
src/pages/Landing.jsx	232	BODY	PASSIVE	Visionary is designed to help people learn, work, and create.
src/pages/Landing.jsx	232	LINK	-	Read our commitments
src/pages/Landing.jsx	232	LABEL	-	Responsibly built intelligence illustration
src/pages/Landing.jsx	236	LINK	-	Student
src/pages/Landing.jsx	236	BODY	-	Understand lessons, practise ideas, and build with confidence.
src/pages/Landing.jsx	236	BODY	-	Student learning with a laptop
src/pages/Landing.jsx	237	LINK	-	Teacher
src/pages/Landing.jsx	237	BODY	-	Plan lessons, check understanding, and teach the next idea.
src/pages/Landing.jsx	237	BODY	-	Teacher working on a laptop in a classroom
src/pages/Landing.jsx	238	LINK	-	Parent
src/pages/Landing.jsx	238	BODY	-	See progress clearly and know when to help.
src/pages/Landing.jsx	238	BODY	-	Parent helping a child at a desk
src/pages/Landing.jsx	239	LINK	-	Professional
src/pages/Landing.jsx	239	BODY	-	Turn what you learn into work you can use.
src/pages/Landing.jsx	239	BODY	-	Professional discussing work with a tablet
src/pages/Landing.jsx	240	LINK	-	Organization
src/pages/Landing.jsx	240	BODY	-	Help teams share context across projects.
src/pages/Landing.jsx	240	BODY	-	Leader talking at an organization table
src/pages/Landing.jsx	244	BODY	-	What is Visionary?
src/pages/Landing.jsx	244	BODY	-	Visionary brings explanations, practice, an AI mentor, and project tools into one place for learning and work.
src/pages/Landing.jsx	245	BODY	-	Who is Visionary for?
src/pages/Landing.jsx	245	BODY	-	Students, teachers, parents, professionals, and organizations can each use a journey shaped around their work.
src/pages/Landing.jsx	246	BODY	-	What can Visionary remember?
src/pages/Landing.jsx	246	BODY	-	It can remember what you understood, where you struggled, and what you tried, so you can continue when you return.
src/pages/Landing.jsx	247	BODY	-	How does Visionary use my information?
src/pages/Landing.jsx	247	BODY	-	Visionary uses your information to support your journey. It does not sell your information, and you stay in control.
src/pages/Landing.jsx	248	BODY	-	Can I use Visionary in my own language?
src/pages/Landing.jsx	248	BODY	-	Yes. You can ask, learn, and practise in 20+ languages while keeping your context connected.
src/pages/Landing.jsx	249	BODY	-	Is Visionary suitable for children?
src/pages/Landing.jsx	249	BODY	-	Yes. Age-aware guidance, strong protections, and human review help make Visionary safe to grow with.
src/pages/Landing.jsx	271	LABEL	-	Professional
src/pages/Landing.jsx	272	LABEL	-	Teacher
src/pages/Landing.jsx	273	LABEL	-	Student
src/pages/Landing.jsx	274	LABEL	-	Parent
src/pages/Landing.jsx	275	LABEL	-	Organization
src/pages/Landing.jsx	328	BODY	-	The figures are background-free cutouts with a baked mist fade
src/pages/Landing.jsx	335	BODY	-	appleFloat 7s ease-in-out 2.6s infinite
src/pages/Landing.jsx	374	BODY	-	mt-3 flex items-start justify-center gap-1.5 sm:gap-3 lg:gap-4
src/pages/Landing.jsx	403	BODY	-	One Intelligence
src/pages/Landing.jsx	415	BODY	-	Built around you
src/pages/Landing.jsx	428	BODY	EM_DASH(body)	Visionary carries your context forward — across learning, teaching
src/pages/Landing.jsx	444	BODY	-	Start free
src/pages/Landing.jsx	454	BODY	-	See how it works
src/pages/Landing.jsx	471	BODY	-	lg:col-span-5 lg:pl-[6.5%]
src/pages/Landing.jsx	472	BODY	-	Why Visionary exists
src/pages/Landing.jsx	514	BODY	-	hero-fade-up inline-block
src/pages/Landing.jsx	516	BODY	-	hero-fade-up inline-block
src/pages/Landing.jsx	521	BODY	-	hero-fade-up inline-block
src/pages/Landing.jsx	530	META-aria	-	Audiences
src/pages/Landing.jsx	565	BODY	-	relative bg-white py-24 lg:py-32 [overflow-x:clip]
src/pages/Landing.jsx	568	BODY	-	Meet Visionary
src/pages/Landing.jsx	570	BODY	-	hero-fade-up inline-block
src/pages/Landing.jsx	573	BODY	-	Visionary continues your journey instead of restarting it
src/pages/Landing.jsx	579	BODY	-	hidden lg:block
src/pages/Landing.jsx	615	BODY	-	One Intelligence
src/pages/Landing.jsx	618	BODY	-	hidden md:block
src/pages/Landing.jsx	621	BODY	-	Every lesson, conversation, project, and breakthrough becomes part of what comes next
src/pages/Landing.jsx	623	BODY	-	oiSpin 60s linear infinite
src/pages/Landing.jsx	626	BODY	-	absolute inset-[13%] h-[74%] w-[74%]
src/pages/Landing.jsx	626	BODY	-	oiSpin 90s linear infinite reverse
src/pages/Landing.jsx	634	SUBHEAD	TITLE_CASE	One Intelligence. Always with you.
src/pages/Landing.jsx	649	BODY	-	flex items-start justify-between
src/pages/Landing.jsx	668	BODY	-	It doesn't just remember your past.
src/pages/Landing.jsx	668	BODY	-	It understands what comes next.
src/pages/Landing.jsx	687	BODY	-	Our commitment
src/pages/Landing.jsx	688	HEADLINE	-	You keep changing.
src/pages/Landing.jsx	688	HEADLINE	-	Visionary keeps learning with you.
src/pages/Landing.jsx	690	BODY	-	New questions bring new work. Visionary helps you carry what you learn into the next step
src/pages/Landing.jsx	699	BODY	-	scaleY(0)
src/pages/Landing.jsx	703	BODY	-	grid-rows-[1fr] opacity-100
src/pages/Landing.jsx	703	BODY	-	grid-rows-[0fr] opacity-0
src/pages/Landing.jsx	728	META-aria	-	Language selection
src/pages/Landing.jsx	754	BODY	-	Every language
src/pages/Landing.jsx	755	HEADLINE	-	Every language.
src/pages/Landing.jsx	755	HEADLINE	-	One understanding.
src/pages/Landing.jsx	757	BODY	EM_DASH(body)	Visionary understands what you mean — in the language you think in
src/pages/Landing.jsx	763	BODY	-	h-8 w-1.5 rounded-full
src/pages/Landing.jsx	767	BODY	-	hero-fade-up inline
src/pages/Landing.jsx	777	BODY	-	Speak your way
src/pages/Landing.jsx	778	BODY	-	Use voice or text in the way you're comfortable.
src/pages/Landing.jsx	845	BODY	-	Trust and safety
src/pages/Landing.jsx	847	BODY	-	hero-fade-up inline-block
src/pages/Landing.jsx	850	BODY	PASSIVE	Your learning, conversations, ideas, and progress are personal. Visionary is built to keep it that way
src/pages/Landing.jsx	856	META-aria	-	Previous trust card
src/pages/Landing.jsx	857	META-aria	-	Next trust card
src/pages/Landing.jsx	860	BODY	-	flex flex-col gap-8 2xl:grid 2xl:grid-cols-2 2xl:gap-10 lg:pr-[6%]
src/pages/Landing.jsx	876	BODY	-	Start today
src/pages/Landing.jsx	877	HEADLINE	-	Your next step starts here.
src/pages/Landing.jsx	879	BODY	-	Ask a question. Explore an idea. Start learning. Visionary is ready when you are
src/pages/Landing.jsx	883	BODY	-	Get started
src/pages/Landing.jsx	899	BODY	-	Learn more
src/pages/Landing.jsx	909	BODY	-	relative bg-white py-16 lg:py-20 [overflow-x:clip]
src/pages/Landing.jsx	912	HEADLINE	-	Explore Visionary
src/pages/Landing.jsx	914	META-aria	-	Previous categories
src/pages/Landing.jsx	919	META-aria	-	Next categories
src/pages/Landing.jsx	941	HEADLINE	TITLE_CASE	Have questions? We've got answers.
src/pages/Login.jsx	10	BODY	-	Spinner, AuthDivider, BackButton, InputField, GooglePasswordField, ActionRow, PhoneInput
src/pages/Login.jsx	53	BODY	-	Couldn't find your Visionary Account. Try a different email or create a new account.
src/pages/Login.jsx	74	LABEL	-	Incorrect password
src/pages/Login.jsx	97	HEADLINE	-	Welcome
src/pages/Login.jsx	103	BUTTON	-	Create account
src/pages/Login.jsx	108	HEADLINE	-	Sign in
src/pages/Login.jsx	109	LABEL	-	Use your Visionary Account
src/pages/Login.jsx	114	BUTTON	-	Create account
src/pages/Login.jsx	134	BODY	-	Privacy Policy
src/pages/Login.jsx	136	BODY	-	Terms of Service
src/pages/Login.jsx	140	BODY	-	Forgot email or user ID?
src/pages/Login.jsx	154	BODY	-	Account not found
src/pages/Login.jsx	157	BODY	-	Create a new account →
src/pages/Login.jsx	164	LABEL	-	Email
src/pages/Login.jsx	176	BODY	-	Forgot email?
src/pages/Login.jsx	181	LABEL	-	Continue
src/pages/Login.jsx	194	LABEL	-	Enter your password
src/pages/Login.jsx	204	BODY	-	Forgot password?
src/pages/Login.jsx	209	LABEL	-	Sign in
src/pages/Login.jsx	222	BODY	-	The password you entered is incorrect. Please try again or use another method to sign in.
src/pages/Login.jsx	227	BODY	-	Forgot password?
src/pages/Login.jsx	237	BODY	-	Sign in with another method
src/pages/Login.jsx	250	BODY	-	Mobile sign-in is coming soon. Please use email or social sign-in.
src/pages/Login.jsx	252	LABEL	-	Mobile number
src/pages/Login.jsx	262	BODY	-	Use another method
src/pages/Login.jsx	266	BUTTON	-	Continue
src/pages/Login.jsx	276	BODY	-	Organization sign-in is coming soon. Please use email or social sign-in.
src/pages/Login.jsx	278	LABEL	-	Organization email
src/pages/Login.jsx	290	BODY	-	Use another method
src/pages/Login.jsx	294	BUTTON	-	Continue
src/pages/OAuthConsent.jsx	28	BODY	-	This authorization link is invalid or has expired.
src/pages/OAuthConsent.jsx	38	LABEL	-	Bearer
src/pages/OAuthConsent.jsx	44	BODY	-	This authorization link is invalid or has expired.
src/pages/OAuthConsent.jsx	75	BODY	-	Could not load this authorization request. Please try again.
src/pages/OAuthConsent.jsx	86	LABEL	-	Content-Type
src/pages/OAuthConsent.jsx	89	LABEL	-	Bearer
src/pages/OAuthConsent.jsx	116	BODY	-	This authorization can no longer be completed. Reconnect from your AI client to try again.
src/pages/OAuthConsent.jsx	120	BODY	-	Could not complete authorization. Please try again.
src/pages/OAuthConsent.jsx	139	HEADLINE	-	Authorize access
src/pages/OAuthConsent.jsx	148	LABEL	-	An AI client
src/pages/OAuthConsent.jsx	149	BODY	-	this app
src/pages/OAuthConsent.jsx	155	LABEL	-	Access granted
src/pages/OAuthConsent.jsx	155	LABEL	-	Access denied
src/pages/OAuthConsent.jsx	166	HEADLINE	-	Reconnect required
src/pages/OAuthConsent.jsx	167	BODY	-	p-3 rounded-lg bg-destructive/10 text-destructive text-sm
src/pages/OAuthConsent.jsx	179	HEADLINE	-	Authorize access
src/pages/OAuthConsent.jsx	180	BODY	-	p-3 rounded-lg bg-destructive/10 text-destructive text-sm
src/pages/OAuthConsent.jsx	192	HEADLINE	-	Authorize access
src/pages/OAuthConsent.jsx	196	BODY	-	mb-4 p-3 rounded-lg bg-destructive/10 text-destructive text-sm
src/pages/OAuthConsent.jsx	202	LABEL	-	No tools requested
src/pages/Onboarding.jsx	29	BODY	-	Your setup draft could not be saved on this device. Keep this page open and try again.
src/pages/Onboarding.jsx	101	BODY	-	Choose your age range.
src/pages/Onboarding.jsx	112	BODY	-	We couldn’t finish setting up your workspace. Please try again.
src/pages/Onboarding.jsx	137	HEADLINE	-	Review your workspace
src/pages/Onboarding.jsx	137	SUBHEAD	TITLE_CASE	You can change these preferences later. Use fictional information in this preview.
src/pages/Onboarding.jsx	137	LABEL	-	Create my workspace
src/pages/Onboarding.jsx	139	BODY	-	Age range
src/pages/Onboarding.jsx	139	BODY	-	Choose an age range
src/pages/Onboarding.jsx	139	BODY	-	Under 18
src/pages/Onboarding.jsx	140	BODY	-	Self-reported, not verified. Guardian consent and identity verification require future services. Private learning is never automatically shared.
src/pages/Onboarding.jsx	141	META-placeholder	-	Add a board, syllabus, language, skill or goal in your own words.
src/pages/Onboarding.jsx	141	BODY	-	Your curriculum or goal (optional)
src/pages/Register.jsx	11	BODY	-	Spinner, AuthDivider, BackButton, InputField, GooglePasswordField, ActionRow, PhoneInput
src/pages/Register.jsx	57	BODY	-	This email is already registered. Try signing in instead.
src/pages/Register.jsx	73	BODY	-	Passwords don't match.
src/pages/Register.jsx	81	LABEL	-	Registration failed
src/pages/Register.jsx	83	BODY	-	This email is already registered. Try signing in instead.
src/pages/Register.jsx	103	LABEL	-	Invalid verification code
src/pages/Register.jsx	113	HEADLINE	-	Code sent
src/pages/Register.jsx	113	BODY	-	Check your email for the new code.
src/pages/Register.jsx	115	LABEL	-	Failed to resend code
src/pages/Register.jsx	126	HEADLINE	-	Create a Visionary account
src/pages/Register.jsx	132	BUTTON	-	Sign in
src/pages/Register.jsx	137	HEADLINE	-	Create a Visionary account
src/pages/Register.jsx	138	BODY	-	Start a learning journey shaped around you.
src/pages/Register.jsx	143	BUTTON	-	Sign in
src/pages/Register.jsx	163	BODY	-	Privacy Policy
src/pages/Register.jsx	165	BODY	-	Terms of Service
src/pages/Register.jsx	178	BODY	-	Email already registered
src/pages/Register.jsx	181	BODY	-	Sign in instead →
src/pages/Register.jsx	188	LABEL	-	Email
src/pages/Register.jsx	199	LABEL	-	Continue
src/pages/Register.jsx	213	LABEL	-	Create a password
src/pages/Register.jsx	221	LABEL	-	Confirm password
src/pages/Register.jsx	224	META-placeholder	-	Confirm your password
src/pages/Register.jsx	233	BODY	-	Sign in instead
src/pages/Register.jsx	239	LABEL	-	Create account
src/pages/Register.jsx	253	HEADLINE	-	Verify your email
src/pages/Register.jsx	273	LABEL	-	Verify
src/pages/Register.jsx	289	BODY	-	Mobile sign-up is coming soon. Please use email or social sign-up.
src/pages/Register.jsx	291	LABEL	-	Mobile number
src/pages/Register.jsx	301	BODY	-	Use another method
src/pages/Register.jsx	305	BUTTON	-	Continue
src/pages/Register.jsx	315	BODY	-	Organization sign-up is coming soon. Please use email or social sign-up.
src/pages/Register.jsx	317	LABEL	-	Organization email
src/pages/Register.jsx	329	BODY	-	Use another method
src/pages/Register.jsx	333	BUTTON	-	Continue
src/pages/ResetPassword.jsx	21	LABEL	-	Passwords do not match
src/pages/ResetPassword.jsx	29	LABEL	-	Failed to reset password
src/pages/ResetPassword.jsx	38	HEADLINE	-	Invalid reset link
src/pages/ResetPassword.jsx	39	BODY	-	This password reset link is missing or invalid.
src/pages/ResetPassword.jsx	51	BODY	-	The link you used appears to be incomplete or has expired. Please request a new password reset email
src/pages/ResetPassword.jsx	53	BUTTON	-	Request new link
src/pages/ResetPassword.jsx	61	HEADLINE	-	Set a new password
src/pages/ResetPassword.jsx	62	BODY	-	Create a strong password for your account.
src/pages/ResetPassword.jsx	74	LABEL	-	New password
src/pages/ResetPassword.jsx	82	LABEL	-	Confirm password
src/pages/ResetPassword.jsx	85	META-placeholder	-	Confirm your new password
src/pages/ResetPassword.jsx	92	LABEL	-	Reset password
src/components/landing/AboutPageShared.jsx	149	LABEL	-	Get started
src/components/landing/AboutUsHero.jsx	11	LABEL	-	Students
src/components/landing/AboutUsHero.jsx	11	LABEL	-	Primary
src/components/landing/AboutUsHero.jsx	11	LABEL	-	Secondary
src/components/landing/AboutUsHero.jsx	11	LABEL	-	Higher secondary
src/components/landing/AboutUsHero.jsx	11	LABEL	-	Competitive exams
src/components/landing/AboutUsHero.jsx	11	LABEL	-	Vocational and skills
src/components/landing/AboutUsHero.jsx	11	LABEL	-	Higher education
src/components/landing/AboutUsHero.jsx	11	LABEL	-	Learning on your own
src/components/landing/AboutUsHero.jsx	12	LABEL	-	Teachers
src/components/landing/AboutUsHero.jsx	12	LABEL	TITLE_CASE	Lesson Planning
src/components/landing/AboutUsHero.jsx	12	LABEL	TITLE_CASE	In Class
src/components/landing/AboutUsHero.jsx	12	LABEL	TITLE_CASE	Checking Understanding
src/components/landing/AboutUsHero.jsx	12	LABEL	-	Adapting
src/components/landing/AboutUsHero.jsx	12	LABEL	TITLE_CASE	Supporting Individuals
src/components/landing/AboutUsHero.jsx	12	LABEL	-	Growing
src/components/landing/AboutUsHero.jsx	13	LABEL	-	Parents
src/components/landing/AboutUsHero.jsx	13	LABEL	TITLE_CASE	Early Years
src/components/landing/AboutUsHero.jsx	13	LABEL	-	Primary
src/components/landing/AboutUsHero.jsx	13	LABEL	-	Secondary
src/components/landing/AboutUsHero.jsx	13	LABEL	-	Higher secondary
src/components/landing/AboutUsHero.jsx	14	LABEL	-	Professionals
src/components/landing/AboutUsHero.jsx	14	LABEL	TITLE_CASE	Early Career
src/components/landing/AboutUsHero.jsx	14	LABEL	-	Mid-Level
src/components/landing/AboutUsHero.jsx	14	LABEL	-	Senior
src/components/landing/AboutUsHero.jsx	14	LABEL	-	Leadership
src/components/landing/AboutUsHero.jsx	14	LABEL	-	Specialist
src/components/landing/AboutUsHero.jsx	14	LABEL	-	Entrepreneur
src/components/landing/AboutUsHero.jsx	15	LABEL	-	Organizations
src/components/landing/AboutUsHero.jsx	15	LABEL	TITLE_CASE	Colleges & Universities
src/components/landing/AboutUsHero.jsx	15	LABEL	-	Coaching
src/components/landing/AboutUsHero.jsx	15	LABEL	-	Workplace learning
src/components/landing/AboutUsHero.jsx	49	BODY	-	About Visionary
src/components/landing/AboutUsHero.jsx	55	BODY	-	A learning product for people who want to understand, practise, and apply what they learn
src/components/landing/AboutUsHero.jsx	62	BODY	-	See how it works
src/components/landing/AboutUsHero.jsx	64	BODY	-	Explore our approach
src/components/landing/AboutUsHero.jsx	71	LABEL	-	Explore Visionary by category
src/components/landing/Breadcrumb.jsx	11	LABEL	-	Privacy
src/components/landing/Breadcrumb.jsx	12	LABEL	-	Privacy
src/components/landing/Breadcrumb.jsx	13	LABEL	-	Privacy
src/components/landing/Breadcrumb.jsx	14	LABEL	-	How it works
src/components/landing/Breadcrumb.jsx	15	LABEL	-	How it works
src/components/landing/Breadcrumb.jsx	16	LABEL	-	How it works
src/components/landing/Breadcrumb.jsx	17	LABEL	-	How it works
src/components/landing/Breadcrumb.jsx	32	META-aria	-	Breadcrumb
src/components/landing/Breadcrumb.jsx	34	BUTTON	-	Home
src/components/landing/HeroAnimatedText.jsx	3	BODY	-	your classroom
src/components/landing/HeroAnimatedText.jsx	3	BODY	-	their journey
src/components/landing/HeroAnimatedText.jsx	3	BODY	-	your work
src/components/landing/HeroAnimatedText.jsx	3	BODY	-	your people
src/components/landing/HeroAnimatedText.jsx	16	BODY	-	hero-fade-up inline-block
src/components/landing/LandingFAQ.jsx	12	LABEL	-	Expand all
src/components/landing/LandingFAQ.jsx	13	LABEL	-	Collapse all
src/components/landing/LandingFAQ.jsx	14	LABEL	-	Show more
src/components/landing/LandingFAQ.jsx	104	BODY	-	grid-rows-[1fr] opacity-100
src/components/landing/LandingFAQ.jsx	104	BODY	-	grid-rows-[0fr] opacity-0
src/components/landing/LandingFooter.jsx	13	HEADLINE	-	Product
src/components/landing/LandingFooter.jsx	15	LABEL	-	Students
src/components/landing/LandingFooter.jsx	16	LABEL	-	Teachers
src/components/landing/LandingFooter.jsx	17	LABEL	-	Parents
src/components/landing/LandingFooter.jsx	18	LABEL	-	Professionals
src/components/landing/LandingFooter.jsx	19	LABEL	-	Organizations
src/components/landing/LandingFooter.jsx	20	LABEL	-	How it works
src/components/landing/LandingFooter.jsx	21	LABEL	-	Download
src/components/landing/LandingFooter.jsx	22	LABEL	-	Pricing
src/components/landing/LandingFooter.jsx	26	HEADLINE	-	Company
src/components/landing/LandingFooter.jsx	28	LABEL	-	About Visionary
src/components/landing/LandingFooter.jsx	29	LABEL	-	Our mission
src/components/landing/LandingFooter.jsx	30	LABEL	-	Team
src/components/landing/LandingFooter.jsx	31	LABEL	-	Careers
src/components/landing/LandingFooter.jsx	35	HEADLINE	-	Resources
src/components/landing/LandingFooter.jsx	37	LABEL	-	Research
src/components/landing/LandingFooter.jsx	38	LABEL	-	Updates
src/components/landing/LandingFooter.jsx	39	LABEL	-	Community
src/components/landing/LandingFooter.jsx	40	LABEL	-	Referral
src/components/landing/LandingFooter.jsx	44	HEADLINE	-	Partners and support
src/components/landing/LandingFooter.jsx	46	LABEL	-	Help center
src/components/landing/LandingFooter.jsx	47	LABEL	-	Contact sales
src/components/landing/LandingFooter.jsx	48	LABEL	-	Partner program
src/components/landing/LandingFooter.jsx	49	LABEL	-	Find a partner
src/components/landing/LandingFooter.jsx	50	LABEL	-	Sign up for updates
src/components/landing/LandingFooter.jsx	54	HEADLINE	-	Trust and legal
src/components/landing/LandingFooter.jsx	56	LABEL	-	Safety
src/components/landing/LandingFooter.jsx	57	LABEL	-	Privacy
src/components/landing/LandingFooter.jsx	58	LABEL	-	Security
src/components/landing/LandingFooter.jsx	59	LABEL	-	Accessibility
src/components/landing/LandingFooter.jsx	60	LABEL	-	Terms
src/components/landing/LandingFooter.jsx	61	LABEL	-	Cookies
src/components/landing/LandingFooter.jsx	69	LABEL	-	Privacy policy
src/components/landing/LandingFooter.jsx	70	LABEL	-	Terms of service
src/components/landing/LandingFooter.jsx	71	LABEL	-	Cookie policy
src/components/landing/LandingFooter.jsx	72	LABEL	-	Accessibility
src/components/landing/LandingFooter.jsx	121	BODY	-	Language:
src/components/landing/LandingFooter.jsx	122	META-aria	-	Select language
src/components/landing/LandingFooter.jsx	123	BODY	-	English
src/components/landing/LandingNav.jsx	4	BODY	-	Menu, X, ChevronDown, CircleHelp
src/components/landing/LandingNav.jsx	5	BODY	-	GraduationCap, Users, Briefcase, Building2, HeartHandshake, Sparkles
src/components/landing/LandingNav.jsx	6	BODY	-	BookOpen, UsersRound
src/components/landing/LandingNav.jsx	7	BODY	-	Monitor, Smartphone, Laptop, Apple, Chrome, TabletSmartphone
src/components/landing/LandingNav.jsx	8	BODY	-	ShieldCheck, Lock, Accessibility
src/components/landing/LandingNav.jsx	9	BODY	-	Newspaper, Mail, Handshake, Bell, Gift
src/components/landing/LandingNav.jsx	28	BODY	-	Understand more and keep your place.
src/components/landing/LandingNav.jsx	29	BODY	-	See who needs another explanation.
src/components/landing/LandingNav.jsx	30	BODY	-	See where your child needs support.
src/components/landing/LandingNav.jsx	31	BODY	-	Turn what you know into useful work.
src/components/landing/LandingNav.jsx	32	BODY	-	Help teams carry knowledge forward.
src/components/landing/LandingNav.jsx	36	BODY	-	Icon: Sparkles
src/components/landing/LandingNav.jsx	37	BODY	-	Explore how Visionary fits your journey.
src/components/landing/LandingNav.jsx	44	HEADLINE	-	Schools
src/components/landing/LandingNav.jsx	44	BODY	-	Roll out learning across K-12.
src/components/landing/LandingNav.jsx	45	HEADLINE	TITLE_CASE	Colleges & Universities
src/components/landing/LandingNav.jsx	45	BODY	-	Bring Visionary to higher education.
src/components/landing/LandingNav.jsx	46	HEADLINE	-	Coaching
src/components/landing/LandingNav.jsx	46	BODY	-	Scale personalized coaching.
src/components/landing/LandingNav.jsx	47	HEADLINE	-	Workplace learning
src/components/landing/LandingNav.jsx	47	BODY	-	Grow skills across your workforce.
src/components/landing/LandingNav.jsx	52	HEADLINE	-	Web
src/components/landing/LandingNav.jsx	52	BODY	-	Use Visionary in any browser, no install needed.
src/components/landing/LandingNav.jsx	53	BODY	-	iPhone and iPad.
src/components/landing/LandingNav.jsx	54	HEADLINE	-	Android
src/components/landing/LandingNav.jsx	54	BODY	-	Phones and tablets.
src/components/landing/LandingNav.jsx	55	HEADLINE	-	Windows
src/components/landing/LandingNav.jsx	55	BODY	-	Desktop app for PC.
src/components/landing/LandingNav.jsx	56	HEADLINE	-	Mac
src/components/landing/LandingNav.jsx	56	BODY	-	Native app for Apple Silicon and Intel.
src/components/landing/LandingNav.jsx	57	HEADLINE	-	Linux
src/components/landing/LandingNav.jsx	57	BODY	-	For developers and power users.
src/components/landing/LandingNav.jsx	63	HEADLINE	-	Company
src/components/landing/LandingNav.jsx	65	HEADLINE	-	About Visionary
src/components/landing/LandingNav.jsx	65	BODY	-	Our mission, beliefs, company, and people.
src/components/landing/LandingNav.jsx	66	HEADLINE	-	Careers
src/components/landing/LandingNav.jsx	66	BODY	-	Help us make understanding last.
src/components/landing/LandingNav.jsx	67	HEADLINE	-	Research and news
src/components/landing/LandingNav.jsx	67	BODY	-	News from Visionary, product updates, and research.
src/components/landing/LandingNav.jsx	68	HEADLINE	-	Community
src/components/landing/LandingNav.jsx	68	BODY	-	Learners, teachers, and parents growing together.
src/components/landing/LandingNav.jsx	72	HEADLINE	-	Support and programs
src/components/landing/LandingNav.jsx	74	HEADLINE	-	Contact and sales
src/components/landing/LandingNav.jsx	74	BODY	-	Talk to us about schools, teams, and partnerships.
src/components/landing/LandingNav.jsx	75	HEADLINE	-	Find a partner
src/components/landing/LandingNav.jsx	75	BODY	-	Bring Visionary closer to your region or institution.
src/components/landing/LandingNav.jsx	76	HEADLINE	-	Sign up for updates
src/components/landing/LandingNav.jsx	76	BODY	-	Product news, new languages, and launch updates.
src/components/landing/LandingNav.jsx	77	HEADLINE	-	Referral program
src/components/landing/LandingNav.jsx	77	BODY	-	Invite people and grow with Visionary.
src/components/landing/LandingNav.jsx	81	HEADLINE	-	Trust and legal
src/components/landing/LandingNav.jsx	83	HEADLINE	-	Safety
src/components/landing/LandingNav.jsx	83	BODY	-	Age-appropriate answers and human review.
src/components/landing/LandingNav.jsx	84	HEADLINE	-	Privacy policy
src/components/landing/LandingNav.jsx	84	BODY	-	Your memory is yours.
src/components/landing/LandingNav.jsx	85	HEADLINE	-	Security
src/components/landing/LandingNav.jsx	85	BODY	-	Protected end to end.
src/components/landing/LandingNav.jsx	86	HEADLINE	-	Accessibility
src/components/landing/LandingNav.jsx	86	BODY	-	Built for every learner, every device.
src/components/landing/LandingNav.jsx	145	LABEL	-	Escape
src/components/landing/LandingNav.jsx	162	LABEL	-	Escape
src/components/landing/LandingNav.jsx	188	BODY	-	border-b bg-white/90 backdrop-blur-md
src/components/landing/LandingNav.jsx	197	BODY	-	Skip to main content
src/components/landing/LandingNav.jsx	204	META-aria	-	Visionary home
src/components/landing/LandingNav.jsx	210	META-aria	-	Primary
src/components/landing/LandingNav.jsx	226	LABEL	-	Who you are
src/components/landing/LandingNav.jsx	234	BODY	-	One intelligence, every learner
src/components/landing/LandingNav.jsx	277	BODY	-	How it works
src/components/landing/LandingNav.jsx	295	BODY	-	For organizations
src/components/landing/LandingNav.jsx	303	BODY	-	For organizations
src/components/landing/LandingNav.jsx	306	BODY	-	Bring Visionary to your institution
src/components/landing/LandingNav.jsx	368	BODY	-	Download Visionary
src/components/landing/LandingNav.jsx	371	BODY	-	Available on every device you use
src/components/landing/LandingNav.jsx	428	BODY	-	About Visionary
src/components/landing/LandingNav.jsx	431	BODY	-	Company, support, programs, trust, and legal information
src/components/landing/LandingNav.jsx	495	BODY	-	Sign in
src/components/landing/LandingNav.jsx	503	BODY	-	Get started
src/components/landing/LandingNav.jsx	508	LABEL	-	Close menu
src/components/landing/LandingNav.jsx	508	LABEL	-	Open menu
src/components/landing/LandingNav.jsx	525	BODY	-	Who you are
src/components/landing/LandingNav.jsx	565	BODY	-	How it works
src/components/landing/LandingNav.jsx	571	BODY	-	For organizations
src/components/landing/LandingNav.jsx	691	BODY	-	Get help
src/components/landing/LandingNav.jsx	700	BODY	-	Sign in
src/components/landing/LandingNav.jsx	709	BODY	-	Get started
src/components/landing/NewPersona.jsx	36	BODY	-	Start learning free
src/components/landing/NewPersona.jsx	38	BODY	-	See how it works
src/components/landing/ParallelogramBackdrop.jsx	34	BODY	-	skewX(-16deg)
src/components/landing/PersonaHero.jsx	21	BODY	-	left-0 top-[2%] w-[48.4%]
src/components/landing/PersonaHero.jsx	22	BODY	-	left-[59.2%] top-[26.7%] w-[22%]
src/components/landing/PersonaHero.jsx	23	BODY	-	left-[86%] top-[16.7%] w-[12.2%]
src/components/landing/PersonaHero.jsx	24	BODY	-	left-[55.7%] top-[64%] w-[27.8%]
src/components/landing/PersonaHero.jsx	35	BODY	-	Start learning free
src/components/landing/PersonaHero.jsx	37	BODY	-	See how it works
src/components/landing/PersonaHero.jsx	64	BODY	-	pointer-events-none absolute left-[40%] top-[60%] hidden h-20 w-40 lg:block
src/components/landing/PolicyTabs.jsx	13	LABEL	-	Privacy policy
src/components/landing/PolicyTabs.jsx	14	LABEL	-	Terms of service
src/components/landing/PolicyTabs.jsx	15	LABEL	-	Cookies
src/components/landing/PolicyTabs.jsx	16	LABEL	-	Security
src/components/landing/PolicyTabs.jsx	22	META-aria	-	Visionary policies
src/components/landing/PolicyTabs.jsx	27	META-aria	-	Policy sections
src/components/landing/ScrollReveal.jsx	29	BODY	-	translateY(0)
src/components/landing/sections/CategoryHero.jsx	18	BODY	-	absolute flex items-center
src/components/landing/sections/CategoryHero.jsx	29	BODY	-	skewX(-14deg)
src/components/landing/sections/CategoryHero.jsx	46	LABEL	-	Get started free
src/components/landing/sections/CategoryHero.jsx	47	BODY	-	Learn more
src/components/landing/sections/CTASection.jsx	8	LABEL	-	Create your account
src/components/landing/sections/JourneySteps.jsx	19	BODY	-	absolute -left-8 w-6 h-6 rounded-full flex items-center justify-center ring-4 ring-white
src/components/landing/sections/JourneySteps.jsx	23	BODY	-	w-5 h-5 shrink-0 mt-0.5
src/components/landing/sections/RelatedCategories.jsx	14	BODY	-	Explore who you are
src/components/landing/sections/SectionHeader.jsx	21	BODY	-	mt-[calc(var(--gap-eyebrow-title-display)*0.6)]
src/components/landing/StorySection.jsx	50	BODY	-	grid gap-10 lg:grid-cols-[1.1fr_1fr] lg:gap-16
src/components/landing/StorySection.jsx	60	BODY	-	aspect-[4/3] w-full object-cover
src/components/landing/StorySection.jsx	63	BODY	-	aspect-[4/3] w-full
src/components/landing/system/ui.jsx	62	BODY	-	leading-[1.03]
src/components/landing/system/ui.jsx	62	BODY	-	leading-[1.08]
src/components/landing/system/ui.jsx	219	LABEL	-	Carousel slides
src/components/landing/system/ui.jsx	290	BODY	-	mx-auto aspect-[4/5] w-full select-none object-contain object-bottom
src/components/landing/TrustPage.jsx	131	BODY	-	mt-[0.72em] h-1.5 w-1.5 shrink-0 rounded-full
src/components/landing/TrustPage.jsx	184	META-aria	-	On this page
src/components/landing/TrustPage.jsx	304	LABEL	-	Table of contents
src/components/landing/TrustPage.jsx	340	BODY	-	grid gap-12 lg:grid-cols-[260px_minmax(0,1fr)] lg:gap-20
src/components/landing/TrustPage.jsx	342	BODY	-	hidden lg:block
src/components/dashboard/AchievementsCard.jsx	14	LABEL	-	First step
src/components/dashboard/AchievementsCard.jsx	14	LABEL	-	Complete your first lesson
src/components/dashboard/AchievementsCard.jsx	15	LABEL	-	Knowledge seeker
src/components/dashboard/AchievementsCard.jsx	15	LABEL	-	Master 5 topics
src/components/dashboard/AchievementsCard.jsx	16	LABEL	-	Consistent mind
src/components/dashboard/AchievementsCard.jsx	16	BODY	-	Study 7 days in a row
src/components/dashboard/AchievementsCard.jsx	17	LABEL	-	Scholar
src/components/dashboard/AchievementsCard.jsx	17	LABEL	-	Master 10 topics
src/components/dashboard/AchievementsCard.jsx	18	LABEL	-	Dedicated learner
src/components/dashboard/AchievementsCard.jsx	18	LABEL	-	Study for 10 hours total
src/components/dashboard/AchievementsCard.jsx	19	LABEL	-	Expert
src/components/dashboard/AchievementsCard.jsx	19	LABEL	-	Master 25 topics
src/components/dashboard/AchievementsCard.jsx	33	BODY	-	flex items-center justify-between
src/components/dashboard/AchievementsCard.jsx	68	BODY	BUZZWORD(unlock)	Unlock all achievements with a plan
src/components/dashboard/AGIHero.jsx	5	LABEL	-	Good morning
src/components/dashboard/AGIHero.jsx	5	LABEL	-	Good afternoon
src/components/dashboard/AGIHero.jsx	5	LABEL	-	Good evening
src/components/dashboard/AGIHero.jsx	16	BODY	EM_DASH(body)	s pick up where you left off — I
src/components/dashboard/AGIHero.jsx	33	BODY	-	Your AGI teacher
src/components/dashboard/AITeacherHero.jsx	9	LABEL	-	Good morning
src/components/dashboard/AITeacherHero.jsx	10	LABEL	-	Good afternoon
src/components/dashboard/AITeacherHero.jsx	11	LABEL	-	Good evening
src/components/dashboard/AITeacherHero.jsx	28	BODY	-	m ready to teach you anything. Let
src/components/dashboard/AITeacherHero.jsx	30	BODY	-	re making steady progress. I
src/components/dashboard/AITeacherHero.jsx	53	BODY	-	Your learning journey starts here
src/components/dashboard/AITeacherHero.jsx	64	LABEL	-	Reviewing your recent sessions…
src/components/dashboard/AITeacherHero.jsx	65	LABEL	-	Identifying your next challenge…
src/components/dashboard/AITeacherHero.jsx	66	BODY	-	Ready for you.
src/components/dashboard/AITeacherHero.jsx	104	BODY	-	Your AGI teacher
src/components/dashboard/AITeacherHero.jsx	116	BODY	-	w-1.5 h-1.5 rounded-full animate-bounce
src/components/dashboard/AITeacherHero.jsx	117	BODY	-	w-1.5 h-1.5 rounded-full animate-bounce
src/components/dashboard/AITeacherHero.jsx	118	BODY	-	w-1.5 h-1.5 rounded-full animate-bounce
src/components/dashboard/AITeacherHero.jsx	136	BODY	-	absolute right-0 top-0 h-full w-2/5 opacity-25 pointer-events-none
src/components/dashboard/AITeacherHero.jsx	143	BODY	-	Today's lesson
src/components/dashboard/AITeacherHero.jsx	150	BODY	-	Est. time
src/components/dashboard/AITeacherHero.jsx	156	BODY	-	flex flex-col gap-1.5
src/components/dashboard/AITeacherHero.jsx	158	BODY	-	Your confidence
src/components/dashboard/AITeacherHero.jsx	161	BODY	-	h-2 bg-black/5 rounded-full overflow-hidden
src/components/dashboard/AITeacherHero.jsx	182	BODY	-	Practice instead
src/components/dashboard/AITeacherHero.jsx	194	BODY	-	Things I remember about you
src/components/dashboard/AITeacherHero.jsx	203	BODY	-	w-3.5 h-3.5 shrink-0
src/components/dashboard/AssignLesson.jsx	12	BODY	-	Save and review the latest lesson changes before assigning.
src/components/dashboard/AssignLesson.jsx	12	BODY	-	Assigned. A reviewed copy is now available to this class. Later lesson edits do not change this copy.
src/components/dashboard/AssignLesson.jsx	13	LABEL	-	Assign reviewed lesson
src/components/dashboard/AssignLesson.jsx	13	BUTTON	TITLE_CASE	Share a copy of this reviewed lesson with an enrolled class. No private preparation notes outside this lesson are shared.
src/components/dashboard/AssignLesson.jsx	13	BUTTON	-	Loading classes…
src/components/dashboard/AssignLesson.jsx	13	BUTTON	-	Could not load your classes.
src/components/dashboard/AssignLesson.jsx	13	BUTTON	-	Class
src/components/dashboard/AssignLesson.jsx	13	BUTTON	-	Choose a class
src/components/dashboard/AssignLesson.jsx	13	BUTTON	-	Due date (optional)
src/components/dashboard/AssignLesson.jsx	13	BUTTON	-	Points
src/components/dashboard/AssignLesson.jsx	13	BUTTON	-	Create your first class
src/components/dashboard/AudioPresence.jsx	17	BODY	-	Microphone idle. Text is always available.
src/components/dashboard/AudioPresence.jsx	18	BODY	-	Listening.
src/components/dashboard/AudioPresence.jsx	19	BODY	-	Speaking.
src/components/dashboard/AudioPresence.jsx	20	BODY	-	Microphone access is blocked in the browser. Audio is unavailable until it is allowed.
src/components/dashboard/AudioPresence.jsx	21	BODY	-	This browser does not support audio interaction. Text works everywhere.
src/components/dashboard/AudioPresence.jsx	25	BODY	EM_DASH(body)	I am your Intelligence — for you, always available.
src/components/dashboard/AudioPresence.jsx	82	BODY	-	The spoken request could not be sent. Your words are saved in Ask.
src/components/dashboard/AudioPresence.jsx	113	BODY	-	Microphone unavailable. You can keep using text.
src/components/dashboard/AudioPresence.jsx	127	BODY	-	Visual presence updated. Your conversations and learning stay together.
src/components/dashboard/AudioPresence.jsx	128	BODY	-	The visual preference could not be saved.
src/components/dashboard/AudioPresence.jsx	328	LABEL	-	Audio off
src/components/dashboard/AudioPresence.jsx	328	LABEL	-	Listening
src/components/dashboard/AudioPresence.jsx	328	LABEL	-	Speaking
src/components/dashboard/AudioPresence.jsx	328	LABEL	-	Microphone blocked
src/components/dashboard/AudioPresence.jsx	328	LABEL	-	Ready for voice
src/components/dashboard/AudioPresence.jsx	328	LABEL	-	Text available
src/components/dashboard/AudioPresence.jsx	337	BODY	-	Guide
src/components/dashboard/AudioPresence.jsx	341	META-aria	-	Close voice panel
src/components/dashboard/AudioPresence.jsx	341	HEADLINE	-	Visionary Guide
src/components/dashboard/AudioPresence.jsx	341	HEADLINE	-	Your voice presence
src/components/dashboard/AudioPresence.jsx	343	BODY	-	Vision Boy and Vision Girl are two visual styles for the same Guide. Your learning and conversations stay together.
src/components/dashboard/AudioPresence.jsx	346	META-aria	-	Visual presence
src/components/dashboard/AudioPresence.jsx	346	BUTTON	TITLE_CASE	Vision Boy
src/components/dashboard/AudioPresence.jsx	346	BUTTON	TITLE_CASE	Vision Girl
src/components/dashboard/AudioPresence.jsx	347	BODY	-	v-button primary
src/components/dashboard/AudioPresence.jsx	347	BUTTON	-	Use text instead
src/components/dashboard/AudioPresence.jsx	348	BODY	-	Voice uses this browser. Teaching AI is not connected in the local preview.
src/components/dashboard/BreathingExercise.jsx	4	LABEL	-	Breathe in
src/components/dashboard/BreathingExercise.jsx	5	LABEL	-	Hold
src/components/dashboard/BreathingExercise.jsx	6	LABEL	-	Breathe out
src/components/dashboard/BreathingExercise.jsx	7	LABEL	-	Rest
src/components/dashboard/BreathingExercise.jsx	37	LABEL	-	Breathe in
src/components/dashboard/BreathingExercise.jsx	44	META-aria	-	Toggle breathing exercise
src/components/dashboard/BreathingExercise.jsx	47	BODY	-	absolute inset-0 rounded-full transition-transform ease-in-out
src/components/dashboard/BreathingExercise.jsx	56	BODY	-	absolute inset-0 rounded-full transition-transform ease-in-out
src/components/dashboard/BreathingExercise.jsx	72	LABEL	-	Follow the rhythm
src/components/dashboard/BreathingExercise.jsx	72	BODY	-	Tap the circle to begin
src/components/dashboard/BuildHero.jsx	16	BODY	-	Your AGI teacher
src/components/dashboard/BuildHero.jsx	23	BODY	BUZZWORD(unlock)	ll unlock a real project for you to build. You
src/components/dashboard/BuildHero.jsx	43	BODY	-	Your AGI teacher
src/components/dashboard/BuildHero.jsx	59	BODY	-	Recommended for you
src/components/dashboard/BuildHero.jsx	64	BODY	-	Est. time
src/components/dashboard/ChallengeCard.jsx	12	BODY	-	flex items-center justify-between
src/components/dashboard/ChallengeCard.jsx	34	HEADLINE	-	Re-teach me this
src/components/dashboard/ClassPromotion.jsx	16	BODY	-	already in
src/components/dashboard/ClassPromotion.jsx	40	BODY	-	Adjacent class changes apply to actively enrolled learners. Anyone already in that class or needing a larger change keeps their current stage.
src/components/dashboard/ClassPromotion.jsx	44	META-aria	-	Next class level
src/components/dashboard/ClassPromotion.jsx	47	META-placeholder	-	End of year promotion
src/components/dashboard/ClassPromotion.jsx	47	META-aria	-	Promotion reason
src/components/dashboard/ClassPromotion.jsx	50	LABEL	-	Recording…
src/components/dashboard/ClassPromotion.jsx	50	LABEL	-	Record promotion
src/components/dashboard/ClassPromotion.jsx	58	BODY	-	Promoted learners can postpone or undo this on their own Home.
src/components/dashboard/CollapsibleSection.jsx	12	BODY	-	flex items-center justify-between
src/components/dashboard/CommunityTab.jsx	80	META-aria	-	Write to the class community
src/components/dashboard/CommunityTab.jsx	82	LABEL	-	Share with your class
src/components/dashboard/CommunityTab.jsx	82	BODY	-	Share with your class community
src/components/dashboard/CommunityTab.jsx	90	META-placeholder	-	Ask a question, share an idea, or help a classmate…
src/components/dashboard/CommunityTab.jsx	102	LABEL	-	Posting…
src/components/dashboard/CommunityTab.jsx	106	BODY	-	Visible to everyone in this class, including your teacher. Nothing here is public.
src/components/dashboard/CommunityTab.jsx	110	BODY	-	Loading the community…
src/components/dashboard/CommunityTab.jsx	113	BODY	EM_DASH(body)	No posts yet. Start the conversation — a question or an idea is enough.
src/components/dashboard/CommunityTab.jsx	116	META-aria	-	Community posts
src/components/dashboard/CommunityTab.jsx	123	LABEL	-	Teacher
src/components/dashboard/CommunityTab.jsx	123	LABEL	-	Learner
src/components/dashboard/CommunityTab.jsx	129	BODY	-	A learner reported this post.
src/components/dashboard/ConceptCard.jsx	6	LABEL	TITLE_CASE	In Progress
src/components/dashboard/ConceptCard.jsx	11	LABEL	TITLE_CASE	Not Started
src/components/dashboard/ConceptCard.jsx	16	LABEL	-	Mastered
src/components/dashboard/ConceptCard.jsx	26	BODY	-	flex items-center justify-between
src/components/dashboard/ConceptCard.jsx	43	BODY	-	flex flex-col gap-1.5
src/components/dashboard/ConceptCard.jsx	45	BODY	-	Confidence
src/components/dashboard/ConceptCard.jsx	60	LABEL	TITLE_CASE	Start Concept
src/components/dashboard/ConceptCard.jsx	60	LABEL	-	Review
src/components/dashboard/ConceptCard.jsx	60	LABEL	-	Continue
src/components/dashboard/ContentIssueReport.jsx	5	BODY	-	Explanation is missing or unclear
src/components/dashboard/ContentIssueReport.jsx	6	BODY	-	Question or answer has a problem
src/components/dashboard/ContentIssueReport.jsx	7	BODY	-	Visual or text alternative has a problem
src/components/dashboard/ContentIssueReport.jsx	8	BODY	-	Teaching language is missing or inaccurate
src/components/dashboard/ContentIssueReport.jsx	9	BODY	-	Source details have a problem
src/components/dashboard/ContentIssueReport.jsx	21	BODY	-	Saved reports could not be loaded. You can retry by reopening this section.
src/components/dashboard/ContentIssueReport.jsx	38	BODY	-	Report a content problem
src/components/dashboard/ContentIssueReport.jsx	44	BODY	-	v-button justify-self-start
src/components/dashboard/ContentIssueReport.jsx	44	LABEL	-	Saving…
src/components/dashboard/ContentIssueReport.jsx	44	LABEL	-	Save issue locally
src/components/dashboard/ContentIssueReport.jsx	48	BODY	-	v-notice v-error mt-3
src/components/dashboard/ContinueCard.jsx	20	BODY	-	relative overflow-hidden rounded-3xl block group
src/components/dashboard/ContinueCard.jsx	23	BODY	-	absolute right-0 top-0 h-full w-2/5 opacity-25 pointer-events-none
src/components/dashboard/ContinueCard.jsx	30	BODY	-	Continue where you left off
src/components/dashboard/ContinueCard.jsx	30	LABEL	-	Start your next lesson
src/components/dashboard/ContinueCard.jsx	47	BODY	-	flex items-center justify-between
src/components/dashboard/ContinueCard.jsx	63	LABEL	-	Continue
src/components/dashboard/CubeLearningEntry.jsx	13	LABEL	-	Opening your learning workspace…
src/components/dashboard/CubeLearningEntry.jsx	24	BODY	-	This activity could not be opened. Please retry.
src/components/dashboard/CubeLearningEntry.jsx	27	SUBHEAD	-	Authored mathematics sample
src/components/dashboard/CubeLearningEntry.jsx	27	BODY	-	The cube model, explanation, questions, attempts and project stay with one saved concept. This sample is not official curriculum coverage.
src/components/dashboard/CubeLearningEntry.jsx	27	BODY	-	Practice cube volume in your lesson
src/components/dashboard/CubeLearningEntry.jsx	27	BODY	-	Explore cube volume in your lesson
src/components/dashboard/CubeLearningEntry.jsx	28	BODY	-	v-notice v-error
src/components/dashboard/CubeLearningEntry.jsx	29	BODY	-	Continue the saved cube activity
src/components/dashboard/CubeLearningEntry.jsx	29	LABEL	-	Start the cube activity
src/components/dashboard/CubeLearningEntry.jsx	30	LABEL	-	Understand
src/components/dashboard/CubeLearningEntry.jsx	30	LABEL	-	Practice
src/components/dashboard/CubeLearningEntry.jsx	31	BODY	-	v-button primary mt-5
src/components/dashboard/CubeLearningEntry.jsx	31	LABEL	-	Opening…
src/components/dashboard/CubeLearningEntry.jsx	31	LABEL	-	Continue saved activity
src/components/dashboard/CubeLearningEntry.jsx	31	LABEL	-	Open authored activity
src/components/dashboard/CubeLearningEntry.jsx	31	BUTTON	-	This authored school activity is available in a student workspace.
src/components/dashboard/CubeLearningEntry.jsx	33	BODY	-	practice example
src/components/dashboard/CubeLearningEntry.jsx	33	BODY	-	cube lab
src/components/dashboard/CubeLearningEntry.jsx	33	HEADLINE	-	Previous local activity
src/components/dashboard/DailyBriefing.jsx	27	BODY	EM_DASH(body)	re on a 5-day streak — keep the momentum going. I see some topics need attention today. Let
src/components/dashboard/DailyBriefing.jsx	37	BODY	-	flex items-center justify-between
src/components/dashboard/DailyBriefing.jsx	38	BODY	-	flex items-center gap-3.5
src/components/dashboard/DailyBriefing.jsx	43	BODY	-	AGI Daily Briefing
src/components/dashboard/DailyBriefing.jsx	60	BODY	-	Your AGI teacher is preparing today's briefing...
src/components/dashboard/DailyProgressStrip.jsx	6	LABEL	TITLE_CASE	Topics Today
src/components/dashboard/DailyProgressStrip.jsx	7	LABEL	TITLE_CASE	Study Minutes
src/components/dashboard/DailyProgressStrip.jsx	8	LABEL	TITLE_CASE	Day Streak
src/components/dashboard/DailyProgressStrip.jsx	9	LABEL	-	Confidence
src/components/dashboard/DashboardCards.jsx	22	BODY	-	flex items-center gap-2.5
src/components/dashboard/DashboardCards.jsx	57	SUBHEAD	TITLE_CASE	Curriculum Progress
src/components/dashboard/DashboardCards.jsx	59	BODY	-	All Time
src/components/dashboard/DashboardCards.jsx	83	SUBHEAD	TITLE_CASE	Overall Progress
src/components/dashboard/DashboardCards.jsx	94	BODY	-	Overall
src/components/dashboard/DashboardLayout.jsx	32	BODY	-	Preparing your workspace…
src/components/dashboard/DashboardLayout.jsx	40	BODY	-	hidden h-full md:block
src/components/dashboard/DashboardLayout.jsx	42	BODY	-	Workspace navigation
src/components/dashboard/DashboardLayout.jsx	42	BODY	-	Choose a page in your workspace.
src/components/dashboard/DashboardLayout.jsx	49	META-aria	-	Mobile navigation
src/components/dashboard/DashboardLayout.jsx	49	META-aria	-	More navigation
src/components/dashboard/DashboardLayout.jsx	49	BUTTON	-	More
src/components/dashboard/DashboardSidebar.jsx	26	META-aria	-	Primary navigation
src/components/dashboard/DashboardSidebar.jsx	26	BODY	-	More in your workspace
src/components/dashboard/DashboardTopbar.jsx	23	BODY	-	Find a subject, topic, or page
src/components/dashboard/DashboardTopbar.jsx	24	BODY	-	Find teaching pages and tools
src/components/dashboard/DashboardTopbar.jsx	25	BODY	-	Find reports, connections, or tools
src/components/dashboard/DashboardTopbar.jsx	26	BODY	-	Find learning, projects, or tools
src/components/dashboard/DashboardTopbar.jsx	27	BODY	-	Find people, cohorts, or tools
src/components/dashboard/DashboardTopbar.jsx	28	LABEL	-	Search your workspace
src/components/dashboard/DashboardTopbar.jsx	29	LABEL	-	Join a class
src/components/dashboard/DashboardTopbar.jsx	30	LABEL	-	Set a career goal
src/components/dashboard/DashboardTopbar.jsx	31	LABEL	-	Create a class
src/components/dashboard/DashboardTopbar.jsx	32	LABEL	-	Connect your child
src/components/dashboard/DashboardTopbar.jsx	33	LABEL	-	Add people
src/components/dashboard/DashboardTopbar.jsx	35	LABEL	-	Profile
src/components/dashboard/DashboardTopbar.jsx	35	LABEL	-	Settings
src/components/dashboard/DashboardTopbar.jsx	49	META-aria	-	Toggle navigation
src/components/dashboard/DashboardTopbar.jsx	50	META-aria	-	Visionary home
src/components/dashboard/DashboardTopbar.jsx	54	BODY	-	Ctrl K
src/components/dashboard/DashboardTopbar.jsx	60	META-aria	-	Open account menu
src/components/dashboard/DashboardTopbar.jsx	64	BODY	-	Your profile
src/components/dashboard/DashboardTopbar.jsx	65	BODY	-	Plans & usage
src/components/dashboard/DashboardTopbar.jsx	66	BODY	-	Settings
src/components/dashboard/DashboardTopbar.jsx	68	BODY	-	Your workspace
src/components/dashboard/DashboardTopbar.jsx	69	BODY	-	Connections and requests
src/components/dashboard/DashboardTopbar.jsx	70	BODY	-	Notifications
src/components/dashboard/DashboardTopbar.jsx	71	BODY	-	Personalization
src/components/dashboard/DashboardTopbar.jsx	72	BODY	-	Privacy & consent
src/components/dashboard/DashboardTopbar.jsx	73	BODY	-	Help and support
src/components/dashboard/DashboardTopbar.jsx	75	BODY	-	Sign out
src/components/dashboard/DashboardTopbar.jsx	80	BODY	-	Search your workspace
src/components/dashboard/DashboardTopbar.jsx	81	META-aria	-	Search pages and topics
src/components/dashboard/DashboardTopbar.jsx	82	BUTTON	TITLE_CASE	No results. Try a page name or topic.
src/components/dashboard/ExamReadinessCard.jsx	9	BODY	-	No upcoming exams scheduled.
src/components/dashboard/FamilyBilling.jsx	5	BODY	-	Billing membership updated. Learning permissions are unchanged.
src/components/dashboard/FamilyBilling.jsx	6	LABEL	-	Invited you
src/components/dashboard/FamilyBilling.jsx	6	LABEL	-	Remove invitation
src/components/dashboard/FamilyBilling.jsx	6	HEADLINE	-	Family billing
src/components/dashboard/FamilyBilling.jsx	6	HEADLINE	TITLE_CASE LONG_HEADING	Share an owned Family plan with up to five other local accounts. Accepting a billing invitation does not share reports, conversations or guardian access.
src/components/dashboard/FamilyBilling.jsx	6	HEADLINE	-	Family member email
src/components/dashboard/FamilyBilling.jsx	6	HEADLINE	-	Invite member
src/components/dashboard/FamilyBilling.jsx	6	HEADLINE	-	Accept billing invitation
src/components/dashboard/FamilyBilling.jsx	6	HEADLINE	-	Decline
src/components/dashboard/FamilyBilling.jsx	6	HEADLINE	-	No family billing invitations.
src/components/dashboard/FamilyProgress.jsx	69	LABEL	-	Studied today
src/components/dashboard/FamilyProgress.jsx	69	LABEL	-	Last studied
src/components/dashboard/FamilyProgress.jsx	69	LABEL	-	No activity yet
src/components/dashboard/FamilyProgress.jsx	75	BODY	-	your child
src/components/dashboard/FamilyProgress.jsx	82	BODY	-	Avg. confidence
src/components/dashboard/FamilyProgress.jsx	86	BODY	-	flex h-16 items-end gap-1.5
src/components/dashboard/FamilyProgress.jsx	88	BODY	-	flex h-full flex-1 flex-col justify-end gap-1.5
src/components/dashboard/FamilyProgress.jsx	93	BODY	-	mt-1 flex gap-1.5
src/components/dashboard/FamilyProgress.jsx	99	BODY	-	Recent topics
src/components/dashboard/FamilyProgress.jsx	100	BODY	-	mt-3 space-y-2.5
src/components/dashboard/FamilyProgress.jsx	144	META-aria	-	Shared learning progress
src/components/dashboard/FamilyProgress.jsx	146	HEADLINE	-	Shared progress
src/components/dashboard/FamilyProgress.jsx	147	BODY	-	Only what your children share through an accepted connection appears here.
src/components/dashboard/FamilyProgress.jsx	152	BODY	-	Shared progress couldn’t be loaded
src/components/dashboard/FamilyProgress.jsx	153	BUTTON	-	Try again
src/components/dashboard/FamilyProgress.jsx	156	BODY	-	Loading shared progress…
src/components/dashboard/FloatingAskButton.jsx	10	BODY	-	w-8 h-8 rounded-full bg-white/20 flex items-center justify-center
src/components/dashboard/FloatingAskButton.jsx	13	BODY	-	Ask AGI
src/components/dashboard/GamificationSection.jsx	7	BODY	-	I have cities but no houses, mountains but no trees, and water but no fish. What am I?
src/components/dashboard/GamificationSection.jsx	7	BODY	-	A map
src/components/dashboard/GamificationSection.jsx	8	BODY	-	The more you take, the more you leave behind. What are they?
src/components/dashboard/GamificationSection.jsx	8	BODY	-	Footsteps
src/components/dashboard/GamificationSection.jsx	9	BODY	-	What has hands but cannot clap?
src/components/dashboard/GamificationSection.jsx	9	BODY	-	A clock
src/components/dashboard/GamificationSection.jsx	10	BODY	-	I'm tall when I'm young, and short when I'm old. What am I?
src/components/dashboard/GamificationSection.jsx	10	BODY	-	A candle
src/components/dashboard/GamificationSection.jsx	11	BODY	-	What gets wetter the more it dries?
src/components/dashboard/GamificationSection.jsx	11	BODY	-	A towel
src/components/dashboard/GamificationSection.jsx	34	SUBHEAD	-	Breathing exercise
src/components/dashboard/GamificationSection.jsx	35	BODY	-	Calm your mind in 60 seconds
src/components/dashboard/GamificationSection.jsx	48	SUBHEAD	-	Quick riddle
src/components/dashboard/GamificationSection.jsx	49	BODY	-	Give your brain a playful break
src/components/dashboard/GuideActivity.jsx	15	BODY	-	Start with what you know
src/components/dashboard/GuideActivity.jsx	15	LABEL	-	Understand the idea
src/components/dashboard/GuideActivity.jsx	15	LABEL	-	Explore it yourself
src/components/dashboard/GuideActivity.jsx	15	LABEL	-	Check your understanding
src/components/dashboard/GuideActivity.jsx	15	LABEL	-	Make it stick
src/components/dashboard/GuideActivity.jsx	15	LABEL	-	Put it to work
src/components/dashboard/GuideActivity.jsx	15	LABEL	-	Reflect and continue
src/components/dashboard/GuideActivity.jsx	15	LABEL	-	A useful step forward
src/components/dashboard/GuideActivity.jsx	15	LABEL	-	Try a smaller step
src/components/dashboard/GuideActivity.jsx	17	META-aria	-	Toggle activity focus
src/components/dashboard/GuideActivity.jsx	19	META-aria	-	Activity language
src/components/dashboard/GuideActivity.jsx	19	META-aria	-	Representation
src/components/dashboard/GuideActivity.jsx	19	BODY	-	Teaching language
src/components/dashboard/GuideActivity.jsx	19	BODY	-	English
src/components/dashboard/GuideActivity.jsx	19	BODY	-	Representation
src/components/dashboard/GuideActivity.jsx	19	BODY	-	Interactive
src/components/dashboard/GuideActivity.jsx	19	BODY	-	Text alternative
src/components/dashboard/GuideActivity.jsx	20	META-aria	-	Learning stages
src/components/dashboard/GuideActivity.jsx	21	BUTTON	-	Your activity is paused while you ask. Your position and controls are saved.
src/components/dashboard/GuideActivity.jsx	23	BUTTON	-	Think about an example you already know. You can begin without a diagnostic score.
src/components/dashboard/GuideActivity.jsx	23	BUTTON	-	Start exploring
src/components/dashboard/GuideActivity.jsx	24	BUTTON	-	English source explanation
src/components/dashboard/GuideActivity.jsx	24	BUTTON	-	Read at your own pace. This text is also the accessible alternative to the visual activity.
src/components/dashboard/GuideActivity.jsx	24	BUTTON	-	Try the check again
src/components/dashboard/GuideActivity.jsx	27	META-aria	-	Cube side length
src/components/dashboard/GuideActivity.jsx	27	META-aria	-	Cube rotation
src/components/dashboard/GuideActivity.jsx	27	BUTTON	-	Rotation
src/components/dashboard/GuideActivity.jsx	27	BUTTON	-	Reset model
src/components/dashboard/GuideActivity.jsx	28	META-aria	-	Selected eighths
src/components/dashboard/GuideActivity.jsx	28	BODY	-	Fictional three-week sample
src/components/dashboard/GuideActivity.jsx	28	BODY	-	Week
src/components/dashboard/GuideActivity.jsx	28	BODY	-	Completed tasks
src/components/dashboard/GuideActivity.jsx	29	BUTTON	-	Check my answer
src/components/dashboard/GuideActivity.jsx	29	BUTTON	-	Review the idea
src/components/dashboard/GuideActivity.jsx	30	BODY	-	v-button primary mt-5
src/components/dashboard/GuideActivity.jsx	30	LABEL	-	Project saved
src/components/dashboard/GuideActivity.jsx	30	LABEL	-	Create project draft
src/components/dashboard/GuideActivity.jsx	30	SUBHEAD	-	Open Build
src/components/dashboard/GuideActivity.jsx	31	BODY	-	How confident do you feel? (Your own assessment)
src/components/dashboard/GuideActivity.jsx	31	BODY	-	Choose or skip
src/components/dashboard/GuideActivity.jsx	31	BODY	-	I need more support
src/components/dashboard/GuideActivity.jsx	31	BODY	-	I can explain it
src/components/dashboard/GuideActivity.jsx	31	BODY	-	I can apply it independently
src/components/dashboard/GuideActivity.jsx	31	BODY	-	This self-report is separate from your answers. Review this idea again tomorrow to check what you remember.
src/components/dashboard/GuideActivity.jsx	32	BUTTON	TITLE_CASE	Activity completed. Evidence stage:
src/components/dashboard/GuideActivity.jsx	32	BUTTON	TITLE_CASE	Completing a lesson is not the same as mastery. Varied application and delayed recall build stronger evidence.
src/components/dashboard/GuideActivity.jsx	32	BUTTON	-	View evidence
src/components/dashboard/GuideActivity.jsx	32	BUTTON	-	Start a new review
src/components/dashboard/GuideActivity.jsx	34	BODY	-	v-button primary
src/components/dashboard/GuideActivity.jsx	34	BUTTON	-	Back
src/components/dashboard/GuideActivity.jsx	34	BUTTON	-	Continue
src/components/dashboard/GuideActivity.jsx	35	META-placeholder	-	Keep a thought, example, or question…
src/components/dashboard/GuideActivity.jsx	35	BODY	-	Your private notes
src/components/dashboard/GuideActivity.jsx	36	BUTTON	-	Ask Visionary
src/components/dashboard/GuideActivity.jsx	36	BUTTON	-	Saved on this device
src/components/dashboard/GuideEntry.jsx	10	HEADLINE	-	What would you like help with?
src/components/dashboard/GuideEntry.jsx	11	BUTTON	-	Choose an intent
src/components/dashboard/GuideEntry.jsx	12	LABEL	-	A topic or goal
src/components/dashboard/GuideEntry.jsx	12	LABEL	-	Paste material
src/components/dashboard/GuideEntry.jsx	12	LABEL	-	Outside my plan
src/components/dashboard/GuideEntry.jsx	12	BUTTON	-	Start from
src/components/dashboard/GuideEntry.jsx	13	BODY	-	Material to keep with this conversation
src/components/dashboard/GuideEntry.jsx	13	BODY	-	Text only. This demo saves material but does not analyze arbitrary documents.
src/components/dashboard/GuideEntry.jsx	14	LABEL	-	Pasted material
src/components/dashboard/GuideEntry.jsx	14	LABEL	-	Outside your current plan
src/components/dashboard/GuideEntry.jsx	14	LABEL	-	Topic or goal
src/components/dashboard/GuideEntry.jsx	14	BUTTON	-	Remove context
src/components/dashboard/GuideEntry.jsx	16	BODY	-	Intent and context
src/components/dashboard/JourneyCatalogue.jsx	5	LABEL	-	Open with Guide
src/components/dashboard/JourneyCatalogue.jsx	5	HEADLINE	-	Why this?
src/components/dashboard/LaggingTopicsCard.jsx	14	BODY	-	You're on track! No topics need urgent review.
src/components/dashboard/learn/ConceptNavigator.jsx	23	BODY	-	flex items-center gap-2.5 min-w-0
src/components/dashboard/learn/ConceptNavigator.jsx	28	BODY	-	Concepts
src/components/dashboard/learn/ConceptNavigator.jsx	45	BODY	-	Loading concepts...
src/components/dashboard/learn/ConceptNavigator.jsx	48	BODY	-	No concepts available.
src/components/dashboard/learn/ContentsDropdown.jsx	27	BODY	-	Contents
src/components/dashboard/learn/CourseIntro.jsx	20	LABEL	-	Understand
src/components/dashboard/learn/CourseIntro.jsx	20	LABEL	-	Explain
src/components/dashboard/learn/CourseIntro.jsx	53	LABEL	-	Chapter
src/components/dashboard/learn/CourseIntro.jsx	64	HEADLINE	-	What you'll learn
src/components/dashboard/learn/CourseIntro.jsx	69	BODY	-	Preparing your learning path...
src/components/dashboard/learn/CourseIntro.jsx	75	BODY	-	w-6 h-6 rounded-full flex items-center justify-center shrink-0 mt-0.5
src/components/dashboard/learn/CourseIntro.jsx	91	LABEL	-	Chapter
src/components/dashboard/learn/CourseViewer.jsx	28	BODY	-	No lesson was returned. Please try again.
src/components/dashboard/learn/CourseViewer.jsx	30	BODY	-	The explanation is unavailable right now. Please try again.
src/components/dashboard/learn/CourseViewer.jsx	38	BODY	-	This browser could not read the lesson aloud.
src/components/dashboard/learn/CourseViewer.jsx	46	BODY	-	Your question could not be saved. Please try again.
src/components/dashboard/learn/CourseViewer.jsx	53	LABEL	-	Lesson
src/components/dashboard/learn/CourseViewer.jsx	55	LABEL	-	Stop reading
src/components/dashboard/learn/CourseViewer.jsx	55	LABEL	-	Read lesson aloud
src/components/dashboard/learn/CourseViewer.jsx	55	LABEL	-	Read aloud
src/components/dashboard/learn/CourseViewer.jsx	56	LABEL	-	Remove bookmark
src/components/dashboard/learn/CourseViewer.jsx	56	LABEL	-	Bookmark lesson
src/components/dashboard/learn/CourseViewer.jsx	57	LABEL	-	Exit focus mode
src/components/dashboard/learn/CourseViewer.jsx	57	LABEL	-	Enter focus mode
src/components/dashboard/learn/CourseViewer.jsx	57	LABEL	-	Exit focus mode (Esc)
src/components/dashboard/learn/CourseViewer.jsx	57	LABEL	-	Focus mode
src/components/dashboard/learn/CourseViewer.jsx	61	SUBHEAD	-	Your topic is ready to explore
src/components/dashboard/learn/CourseViewer.jsx	61	SUBHEAD	TITLE_CASE	Published lesson content will appear here when available. Keep a question, connect with your class, or request an explanation.
src/components/dashboard/learn/CourseViewer.jsx	65	BUTTON	-	Practice this topic
src/components/dashboard/learn/CourseViewer.jsx	66	LABEL	-	Next topic →
src/components/dashboard/learn/CourseViewer.jsx	66	LABEL	-	All lessons →
src/components/dashboard/learn/CourseViewer.jsx	68	META-placeholder	-	What would you like to understand?
src/components/dashboard/learn/CourseViewer.jsx	68	HEADLINE	-	Save question
src/components/dashboard/learn/CourseViewer.jsx	68	META-aria	-	Save question
src/components/dashboard/learn/CourseViewer.jsx	68	BUTTON	-	Keep a question for later
src/components/dashboard/learn/CourseViewer.jsx	68	BUTTON	-	View in Ask
src/components/dashboard/learn/QuestionBar.jsx	35	BODY	-	Have a question? Save it and your AGI will help.
src/components/dashboard/learn/QuestionBar.jsx	66	BODY	-	View in AGI →
src/components/dashboard/learn/SubjectHeroBanner.jsx	7	BODY	HARD_WORD	Forces, energy, and the fundamental laws of nature
src/components/dashboard/learn/SubjectHeroBanner.jsx	8	BODY	-	Matter, reactions, and molecular interactions
src/components/dashboard/learn/SubjectHeroBanner.jsx	9	BODY	-	Numbers, patterns, and logical reasoning
src/components/dashboard/learn/SubjectHeroBanner.jsx	10	BODY	-	Numbers, patterns, and logical reasoning
src/components/dashboard/learn/SubjectHeroBanner.jsx	11	BODY	-	Life sciences and living organisms
src/components/dashboard/learn/SubjectHeroBanner.jsx	12	LABEL	-	Language, literature, and communication
src/components/dashboard/learn/SubjectHeroBanner.jsx	13	BODY	-	Explore concepts and build mastery step by step
src/components/dashboard/learn/SubjectHeroBanner.jsx	17	LABEL	-	Not started
src/components/dashboard/learn/SubjectHeroBanner.jsx	18	LABEL	-	Mastered
src/components/dashboard/learn/SubjectHeroBanner.jsx	19	LABEL	-	Nearly there
src/components/dashboard/learn/SubjectHeroBanner.jsx	20	LABEL	-	Making progress
src/components/dashboard/learn/SubjectHeroBanner.jsx	21	LABEL	-	Getting started
src/components/dashboard/learn/SubjectHeroBanner.jsx	102	BODY	-	flex-1 h-2.5 rounded-full overflow-hidden bg-white/60
src/components/dashboard/learn/SubjectPills.jsx	7	META-aria	-	Filter by subject
src/components/dashboard/learn/TopicCard.jsx	5	LABEL	-	Not started
src/components/dashboard/learn/TopicCard.jsx	5	LABEL	-	In progress
src/components/dashboard/learn/TopicCard.jsx	5	LABEL	-	Needs review
src/components/dashboard/learn/TopicCard.jsx	5	LABEL	-	Mastered
src/components/dashboard/learn/TopicCard.jsx	22	BUTTON	-	Open lesson
src/components/dashboard/learn/TopicCard.jsx	23	HEADLINE	-	Ask
src/components/dashboard/learn/TopicCard.jsx	24	HEADLINE	-	Practice
src/components/dashboard/LearnerGoals.jsx	17	BODY	-	Learning goal saved privately on this device.
src/components/dashboard/LearnerGoals.jsx	25	BODY	-	Goal summary sharing stopped. Your goal and private notes remain saved.
src/components/dashboard/LearnerGoals.jsx	28	BODY	-	v-button primary
src/components/dashboard/LearnerGoals.jsx	28	HEADLINE	-	My learning goals
src/components/dashboard/LearnerGoals.jsx	28	HEADLINE	TITLE_CASE LONG_HEADING	Save what you want to work toward. Private notes stay in your learner workspace.
src/components/dashboard/LearnerGoals.jsx	28	HEADLINE	-	Add a goal
src/components/dashboard/LearnerGoals.jsx	29	LABEL	-	Private notes saved
src/components/dashboard/LearnerGoals.jsx	29	LABEL	-	No private notes
src/components/dashboard/LearnerGoals.jsx	29	BODY	-	A parent summary was approved
src/components/dashboard/LearnerGoals.jsx	29	BODY	-	Not shared with a parent
src/components/dashboard/LearnerGoals.jsx	29	SUBHEAD	-	Edit
src/components/dashboard/LearnerGoals.jsx	29	SUBHEAD	-	Parent sharing
src/components/dashboard/LearnerGoals.jsx	29	SUBHEAD	TITLE_CASE	No goal saved yet. Start with one concrete outcome you can revisit.
src/components/dashboard/LearnerGoals.jsx	31	META-placeholder	-	For example, explain how my bridge model works
src/components/dashboard/LearnerGoals.jsx	31	META-placeholder	-	What will you try next?
src/components/dashboard/LearnerGoals.jsx	31	LABEL	-	Edit learning goal
src/components/dashboard/LearnerGoals.jsx	31	LABEL	-	Add a learning goal
src/components/dashboard/LearnerGoals.jsx	31	BODY	-	v-button primary
src/components/dashboard/LearnerGoals.jsx	31	BUTTON	TITLE_CASE	The goal and notes are private. Sharing a short parent summary is a separate action after saving.
src/components/dashboard/LearnerGoals.jsx	31	BUTTON	-	Goal title
src/components/dashboard/LearnerGoals.jsx	31	BUTTON	-	Private notes
src/components/dashboard/LearnerGoals.jsx	31	BUTTON	-	Save goal
src/components/dashboard/LearnerGoals.jsx	32	META-placeholder	-	What do you want this parent to support?
src/components/dashboard/LearnerGoals.jsx	32	META-aria	-	Exact goal preview
src/components/dashboard/LearnerGoals.jsx	32	SUBHEAD	-	Share a learning goal with a parent
src/components/dashboard/LearnerGoals.jsx	32	SUBHEAD	TITLE_CASE	Select one parent and approve the exact short summary. Your private notes, projects and conversations are excluded. Active progress permission is required.
src/components/dashboard/LearnerGoals.jsx	32	SUBHEAD	-	Parent with active permission
src/components/dashboard/LearnerGoals.jsx	32	SUBHEAD	-	Choose a parent
src/components/dashboard/LearnerGoals.jsx	32	SUBHEAD	-	Summary to share
src/components/dashboard/LearnerGoals.jsx	32	SUBHEAD	-	Confirm goal sharing
src/components/dashboard/LearnerGoals.jsx	32	SUBHEAD	-	No parent currently has active progress-sharing permission. A parent can request it in Connections, and you can accept it there.
src/components/dashboard/LearnerGoals.jsx	32	SUBHEAD	-	Previously approved summaries
src/components/dashboard/LearnerGoals.jsx	32	SUBHEAD	-	Stop sharing
src/components/dashboard/LearningAttemptHistory.jsx	5	LABEL	-	Understanding check
src/components/dashboard/LearningAttemptHistory.jsx	5	LABEL	-	Practice
src/components/dashboard/LearningAttemptHistory.jsx	7	LABEL	-	Unavailable
src/components/dashboard/LearningAttemptHistory.jsx	7	BODY	-	Your answer:
src/components/dashboard/LearningAttemptHistory.jsx	8	LABEL	-	Recorded correct
src/components/dashboard/LearningAttemptHistory.jsx	8	LABEL	-	Recorded for review
src/components/dashboard/LearningAttemptHistory.jsx	8	LABEL	-	Authored sample
src/components/dashboard/LearningAttemptHistory.jsx	8	LABEL	-	Sourced question
src/components/dashboard/LearningPrerequisites.jsx	21	BODY	-	Prerequisite details are unavailable. You can explore this concept, but readiness cannot be confirmed from this outline.
src/components/dashboard/LearningPrerequisites.jsx	24	LABEL	-	Secure
src/components/dashboard/LearningPrerequisites.jsx	24	LABEL	-	Mastered
src/components/dashboard/LearningPrerequisites.jsx	25	META-aria	-	Prerequisite path
src/components/dashboard/LearningPrerequisites.jsx	26	BODY	-	Suggested first: review earlier concepts
src/components/dashboard/LearningPrerequisites.jsx	26	BODY	-	Earlier concepts have recorded secure evidence
src/components/dashboard/LearningPrerequisites.jsx	28	LABEL	-	Secure
src/components/dashboard/LearningPrerequisites.jsx	28	LABEL	-	Mastered
src/components/dashboard/LearningPrerequisites.jsx	28	LABEL	-	Revisit
src/components/dashboard/LearningPrerequisites.jsx	28	LABEL	-	Review
src/components/dashboard/LearningPrerequisites.jsx	30	BODY	-	You can still explore this concept now. A prerequisite is a guide, not a mastery claim.
src/components/dashboard/LearningRepresentation.jsx	15	BODY	-	The model view could not be saved. Try again.
src/components/dashboard/LearningRepresentation.jsx	17	META-aria	-	Concept representation
src/components/dashboard/LearningRepresentation.jsx	18	META-aria	-	Representation mode
src/components/dashboard/LearningRepresentation.jsx	18	SUBHEAD	-	See the idea another way
src/components/dashboard/LearningRepresentation.jsx	18	SUBHEAD	TITLE_CASE	Your model view stays with this learning activity. Exploring it does not count as a correct answer.
src/components/dashboard/LearningRepresentation.jsx	18	SUBHEAD	-	Interactive 3D
src/components/dashboard/LearningRepresentation.jsx	18	SUBHEAD	-	Read description
src/components/dashboard/LearningRepresentation.jsx	20	BODY	-	mt-4 grid gap-4 lg:grid-cols-[1fr_1fr]
src/components/dashboard/LearningRepresentation.jsx	22	BUTTON	-	Reset model
src/components/dashboard/LessonChecksEditor.jsx	7	SUBHEAD	-	Check understanding
src/components/dashboard/LessonChecksEditor.jsx	11	META-placeholder	-	What should the learner explain?
src/components/dashboard/LocalDataPreview.jsx	9	BODY	-	Local records could not be reviewed. Nothing was changed.
src/components/dashboard/LocalDataPreview.jsx	18	HEADLINE	-	What is saved on this device
src/components/dashboard/LocalDataPreview.jsx	19	BODY	-	Review your own local work before a future account transfer. This check does not upload, merge, or remove anything.
src/components/dashboard/LocalDataPreview.jsx	20	BUTTON	-	Review local data
src/components/dashboard/LocalDataPreview.jsx	21	BODY	-	v-notice v-error mt-4
src/components/dashboard/LocalDataPreview.jsx	25	BODY	-	Some records need review before a future transfer.
src/components/dashboard/LocalDataPreview.jsx	25	BODY	-	Owned local records are identifiable. An authenticated backend and your confirmation will still be required before any transfer.
src/components/dashboard/MarketTrends.jsx	47	BODY	-	flex items-center justify-between
src/components/dashboard/MarketTrends.jsx	53	HEADLINE	TITLE_CASE	Market Trends
src/components/dashboard/MarketTrends.jsx	54	BODY	-	How your subjects connect to the real world
src/components/dashboard/MarketTrends.jsx	64	BODY	-	Finding trends in your subjects...
src/components/dashboard/MarketTrends.jsx	69	BODY	-	Trends will appear here once you add subjects.
src/components/dashboard/MasteryMap.jsx	27	SUBHEAD	TITLE_CASE	Mastery Map
src/components/dashboard/MasteryMap.jsx	28	BODY	-	Confidence by subject
src/components/dashboard/MasteryMap.jsx	45	BODY	-	flex flex-col gap-2.5 flex-1
src/components/dashboard/MasteryMap.jsx	50	BODY	-	w-2.5 h-2.5 rounded-full
src/components/dashboard/MentorGreeting.jsx	8	HEADLINE	-	Your mentor checked in
src/components/dashboard/MentorGreeting.jsx	8	BODY	EM_DASH(body)	From your saved records — not an AI assessment.
src/components/dashboard/OrganizationEvidencePanel.jsx	13	HEADLINE	-	Scoped learning evidence
src/components/dashboard/OrganizationEvidencePanel.jsx	13	HEADLINE	TITLE_CASE LONG_HEADING	Only recorded work from active learners in explicitly linked classes. Personal projects and conversations are excluded.
src/components/dashboard/OrganizationEvidencePanel.jsx	13	HEADLINE	-	Evidence period
src/components/dashboard/OrganizationEvidencePanel.jsx	13	HEADLINE	-	Last 7 days
src/components/dashboard/OrganizationEvidencePanel.jsx	13	HEADLINE	-	Last 30 days
src/components/dashboard/OrganizationEvidencePanel.jsx	14	BODY	-	Loading organization evidence…
src/components/dashboard/OrganizationEvidencePanel.jsx	15	BUTTON	-	Retry
src/components/dashboard/OrganizationEvidencePanel.jsx	18	SUBHEAD	-	Reference
src/components/dashboard/ParentClassworkDigest.jsx	6	SUBHEAD	-	Classwork updates unavailable
src/components/dashboard/ParentClassworkDigest.jsx	6	SUBHEAD	TITLE_CASE	The local classwork records could not be read or sharing changed. Reopen this report to try again.
src/components/dashboard/ParentClassworkDigest.jsx	7	META-aria	-	Returned classwork
src/components/dashboard/ParentClassworkDigest.jsx	8	SUBHEAD	-	Returned classwork
src/components/dashboard/ParentClassworkDigest.jsx	11	SUBHEAD	-	Due in the next 7 days
src/components/dashboard/ParentProjectSharing.jsx	19	BODY	-	Project summary sharing stopped. Your project remains saved.
src/components/dashboard/ParentProjectSharing.jsx	22	BODY	-	Share a project summary with a parent
src/components/dashboard/ParentProjectSharing.jsx	22	BODY	-	Choose the parent and write the exact summary they can see. Your document, rubric answers, drafts and other projects stay private. The parent also needs active progress-sharing permission.
src/components/dashboard/ParentProjectSharing.jsx	23	BODY	-	Mark this project completed and save it before sharing a summary.
src/components/dashboard/ParentProjectSharing.jsx	24	BODY	-	Parent with active permission
src/components/dashboard/ParentProjectSharing.jsx	24	BODY	-	Choose a parent
src/components/dashboard/ParentProjectSharing.jsx	25	META-placeholder	-	Describe what you built and what support would help.
src/components/dashboard/ParentProjectSharing.jsx	25	META-aria	-	Exact parent preview
src/components/dashboard/ParentProjectSharing.jsx	25	BODY	-	Your summary appears here.
src/components/dashboard/ParentProjectSharing.jsx	25	BODY	-	v-button primary
src/components/dashboard/ParentProjectSharing.jsx	25	SUBHEAD	-	Summary to share
src/components/dashboard/ParentProjectSharing.jsx	25	SUBHEAD	-	Confirm summary sharing
src/components/dashboard/ParentProjectSharing.jsx	26	BODY	-	No parent currently has active progress-sharing permission. A parent can request it in Connections, and you can accept it there.
src/components/dashboard/ParentProjectSharing.jsx	28	LABEL	-	Previous parent connection
src/components/dashboard/ParentProjectSharing.jsx	28	SUBHEAD	-	Shared summaries
src/components/dashboard/ParentProjectSharing.jsx	28	SUBHEAD	-	Stop sharing
src/components/dashboard/practice/QuizView.jsx	4	BODY	-	Bookmark, Check, X, Lightbulb, ArrowRight, ArrowLeft
src/components/dashboard/practice/QuizView.jsx	5	BODY	-	SkipForward, Star, BookOpen, Trophy, RotateCw
src/components/dashboard/practice/QuizView.jsx	115	BODY	-	Generating adaptive questions...
src/components/dashboard/practice/QuizView.jsx	131	BODY	-	Perfect! You've mastered this topic.
src/components/dashboard/practice/QuizView.jsx	131	BODY	-	Good work! Keep practicing to improve.
src/components/dashboard/practice/QuizView.jsx	131	BODY	EM_DASH(body)	Keep going — review the lesson and try again.
src/components/dashboard/practice/QuizView.jsx	164	BUTTON	-	Practice
src/components/dashboard/practice/QuizView.jsx	235	BODY	-	Correct!
src/components/dashboard/practice/QuizView.jsx	246	BODY	-	Hint
src/components/dashboard/practice/QuizView.jsx	263	BODY	-	Recommended for you
src/components/dashboard/practice/QuizView.jsx	279	BODY	-	Go to lesson
src/components/dashboard/practice/QuizView.jsx	326	LABEL	-	Next question
src/components/dashboard/practice/QuizView.jsx	326	LABEL	-	See results
src/components/dashboard/practice/QuizView.jsx	345	BODY	-	Try again
src/components/dashboard/practice/QuizView.jsx	355	LABEL	-	Next question
src/components/dashboard/practice/QuizView.jsx	355	LABEL	-	See results
src/components/dashboard/PricingCard.jsx	26	BODY	-	flex items-baseline gap-1.5 mt-2
src/components/dashboard/PricingCard.jsx	46	BODY	-	flex items-start gap-2.5
src/components/dashboard/PricingCard.jsx	48	BODY	-	w-4 h-4 mt-0.5 shrink-0
src/components/dashboard/PricingCard.jsx	69	LABEL	-	Current plan
src/components/dashboard/ProfessionalPortfolioReview.jsx	24	BODY	-	Portfolio self-review saved. This is your own assessment, not verified skill evidence or a credential.
src/components/dashboard/ProfessionalPortfolioReview.jsx	28	HEADLINE	-	Portfolio self-review
src/components/dashboard/ProfessionalPortfolioReview.jsx	28	HEADLINE	LONG_HEADING	Check how clearly this artifact explains its purpose, evidence and limits. Your ratings stay in this workspace and do not establish mastery.
src/components/dashboard/ProfessionalPortfolioReview.jsx	29	BODY	-	Your last self-review is outdated after project changes.
src/components/dashboard/ProfessionalPortfolioReview.jsx	29	BODY	-	No self-review saved yet.
src/components/dashboard/ProfessionalPortfolioReview.jsx	29	LABEL	-	Review again
src/components/dashboard/ProfessionalPortfolioReview.jsx	29	LABEL	-	Review this project
src/components/dashboard/ProfessionalPortfolioReview.jsx	29	BUTTON	-	Complete the project and add your work before reviewing it.
src/components/dashboard/ProfessionalPortfolioReview.jsx	30	META-placeholder	-	Point to a specific part of your document.
src/components/dashboard/ProfessionalPortfolioReview.jsx	30	BUTTON	-	Review your portfolio project
src/components/dashboard/ProfessionalPortfolioReview.jsx	30	BUTTON	-	Your rating
src/components/dashboard/ProfessionalPortfolioReview.jsx	30	BUTTON	-	Choose a rating
src/components/dashboard/ProfessionalPortfolioReview.jsx	30	BUTTON	-	Needs more work
src/components/dashboard/ProfessionalPortfolioReview.jsx	30	BUTTON	-	Explained
src/components/dashboard/ProfessionalPortfolioReview.jsx	30	BUTTON	-	Supported by evidence
src/components/dashboard/ProfessionalPortfolioReview.jsx	30	BUTTON	-	Evidence note
src/components/dashboard/ProfessionalPortfolioReview.jsx	30	BUTTON	-	What will you improve next?
src/components/dashboard/ProfessionalPortfolioReview.jsx	30	BUTTON	-	Save self-review
src/components/dashboard/ProgressCard.jsx	16	LABEL	-	Lessons completed
src/components/dashboard/ProgressCard.jsx	17	LABEL	-	Topics mastered
src/components/dashboard/ProgressCard.jsx	18	LABEL	-	Study hours
src/components/dashboard/ProgressCard.jsx	19	LABEL	-	Practice sessions
src/components/dashboard/ProgressCard.jsx	37	SUBHEAD	-	This week
src/components/dashboard/ProgressCard.jsx	56	SUBHEAD	-	Study activity
src/components/dashboard/ProgressCard.jsx	71	BODY	-	url(#studyGradient)
src/components/dashboard/ProgressListCard.jsx	2	LABEL	TITLE_CASE	Lessons Started
src/components/dashboard/ProgressListCard.jsx	3	LABEL	-	Quests
src/components/dashboard/ProgressListCard.jsx	4	LABEL	-	Practices
src/components/dashboard/ProgressListCard.jsx	5	LABEL	-	Skills
src/components/dashboard/ProgressListCard.jsx	11	SUBHEAD	-	Progress
src/components/dashboard/ProjectCard.jsx	11	LABEL	-	Master concept first
src/components/dashboard/ProjectCard.jsx	33	LABEL	-	Locked
src/components/dashboard/ProjectCard.jsx	33	LABEL	TITLE_CASE	Start Building
src/components/dashboard/ProjectCriteria.jsx	2	HEADLINE	-	Project criteria
src/components/dashboard/ProjectCriteria.jsx	2	HEADLINE	TITLE_CASE LONG_HEADING	No concept-specific criteria were supplied for this project. Use the milestones and describe your evidence and limitations in the working document. Completion remains unverified.
src/components/dashboard/ProjectCriteria.jsx	4	META-aria	-	Project criteria
src/components/dashboard/ProjectCriteria.jsx	5	HEADLINE	-	Apply the concept
src/components/dashboard/ProjectCriteria.jsx	10	BODY	-	v-muted mt-1 block
src/components/dashboard/ProjectCriteria.jsx	11	META-placeholder	-	Describe what you made or checked…
src/components/dashboard/ReferralCard.jsx	31	SUBHEAD	-	Refer a friend, earn a free month
src/components/dashboard/ReferralCard.jsx	33	BODY	EM_DASH(body)	Share Visionary with a classmate. When they subscribe, you both get a month free — keep learning, keep earning
src/components/dashboard/ReferralCard.jsx	43	LABEL	-	Copied
src/components/dashboard/ReferralCard.jsx	43	LABEL	-	Copy link
src/components/dashboard/RoleGreeting.jsx	15	BODY	-	Here's what your learning looks like today.
src/components/dashboard/RoleGreeting.jsx	16	BODY	-	Here's how your classrooms are doing.
src/components/dashboard/RoleGreeting.jsx	17	BODY	-	Here's your institution at a glance.
src/components/dashboard/RoleGreeting.jsx	18	BODY	-	Here's how your child is learning.
src/components/dashboard/RoleMentorPanel.jsx	7	BODY	-	No shared evidence yet. An empty history is not a learning gap.
src/components/dashboard/RoleMentorPanel.jsx	8	BODY	-	Shared concept evidence, aggregated without learner identities
src/components/dashboard/RoleMentorPanel.jsx	8	LABEL	-	Learning evidence summary
src/components/dashboard/RoleMentorPanel.jsx	8	BODY	-	Objective
src/components/dashboard/RoleMentorPanel.jsx	8	BODY	-	Checks
src/components/dashboard/RoleMentorPanel.jsx	8	BODY	-	Reference
src/components/dashboard/RoleMentorPanel.jsx	41	HEADLINE	-	Teaching workspace
src/components/dashboard/RoleMentorPanel.jsx	41	HEADLINE	-	Your own growth
src/components/dashboard/RoleMentorPanel.jsx	42	BODY	-	Class evidence and your own learning stay separate. Private learner doubts are not included.
src/components/dashboard/RoleMentorPanel.jsx	43	BODY	-	Assigned class
src/components/dashboard/RoleMentorPanel.jsx	43	BODY	-	No assigned class is connected. You can prepare independently or connect a class.
src/components/dashboard/RoleMentorPanel.jsx	44	LABEL	-	Continue preparation
src/components/dashboard/RoleMentorPanel.jsx	44	LABEL	-	Open lesson drafts
src/components/dashboard/RoleMentorPanel.jsx	44	BUTTON	-	Open classes
src/components/dashboard/RoleMentorPanel.jsx	45	META-placeholder	-	Describe the objective and the support you need. Avoid personal learner details.
src/components/dashboard/RoleMentorPanel.jsx	45	META-placeholder	-	Write your own outline here, or review a connected service response before saving.
src/components/dashboard/RoleMentorPanel.jsx	45	BUTTON	-	Quiz, lesson plan, and teacher coach
src/components/dashboard/RoleMentorPanel.jsx	45	BUTTON	TITLE_CASE	Requests use the teaching-service connection. No model answer is generated while it is disconnected. Only class-level evidence is attached.
src/components/dashboard/RoleMentorPanel.jsx	45	BUTTON	-	What are you preparing?
src/components/dashboard/RoleMentorPanel.jsx	45	BUTTON	-	Lesson plan
src/components/dashboard/RoleMentorPanel.jsx	45	BUTTON	-	Quiz for class review needs
src/components/dashboard/RoleMentorPanel.jsx	45	BUTTON	-	Teacher coach
src/components/dashboard/RoleMentorPanel.jsx	45	BUTTON	-	Objective or question
src/components/dashboard/RoleMentorPanel.jsx	45	BUTTON	-	Draft title
src/components/dashboard/RoleMentorPanel.jsx	45	BUTTON	-	Editable preparation
src/components/dashboard/RoleMentorPanel.jsx	45	BUTTON	-	Save preparation draft
src/components/dashboard/RoleMentorPanel.jsx	53	HEADLINE	TITLE_CASE LONG_HEADING	Read-only progress shared with you. Private questions, conversations, notes, and drafts remain private.
src/components/dashboard/RoleMentorPanel.jsx	54	BODY	-	Child
src/components/dashboard/RoleMentorPanel.jsx	54	BODY	-	No learning activity has been shared for this period. Ask what they would like to explore, without treating missing activity as a problem.
src/components/dashboard/RoleMentorPanel.jsx	54	BODY	-	Shared learning evidence
src/components/dashboard/RoleMentorPanel.jsx	54	BODY	-	No child currently shares a progress summary with you. A pending, expired, or revoked connection does not grant access.
src/components/dashboard/RoleMentorPanel.jsx	55	BODY	-	Connection status
src/components/dashboard/RoleMentorPanel.jsx	56	BUTTON	-	Manage child connections
src/components/dashboard/RoleMentorPanel.jsx	56	BUTTON	-	Open shared report
src/components/dashboard/RoleMentorPanel.jsx	72	HEADLINE	-	Your next capability
src/components/dashboard/RoleMentorPanel.jsx	72	HEADLINE	LONG_HEADING	Your target guides the same learning, practice, and building loop. An employer does not gain access to this personal evidence.
src/components/dashboard/RoleMentorPanel.jsx	73	BODY	-	No review gap is indicated by your recorded checks. Keep building varied evidence.
src/components/dashboard/RoleMentorPanel.jsx	73	BODY	-	No skill gap has been assessed yet. Choose a target, then build evidence through practice and projects.
src/components/dashboard/RoleMentorPanel.jsx	74	META-placeholder	-	For example, make better data-informed decisions
src/components/dashboard/RoleMentorPanel.jsx	74	BUTTON	-	What would useful progress look like?
src/components/dashboard/RoleMentorPanel.jsx	74	BUTTON	-	Save target
src/components/dashboard/RoleMentorPanel.jsx	75	BODY	-	Capabilities to revisit
src/components/dashboard/RoleMentorPanel.jsx	76	BUTTON	-	Build your portfolio
src/components/dashboard/RoleMentorPanel.jsx	76	BUTTON	-	Career workspace
src/components/dashboard/RoleMentorPanel.jsx	82	LABEL	-	People and permissions
src/components/dashboard/RoleMentorPanel.jsx	82	LABEL	-	Cohorts
src/components/dashboard/RoleMentorPanel.jsx	82	LABEL	-	Curriculum
src/components/dashboard/RoleMentorPanel.jsx	82	LABEL	-	Teaching library
src/components/dashboard/RoleMentorPanel.jsx	84	HEADLINE	-	Organization readiness
src/components/dashboard/RoleMentorPanel.jsx	84	HEADLINE	TITLE_CASE LONG_HEADING	Operational totals and explicitly shared class evidence only. Individual personal learning is not included.
src/components/dashboard/RoleMentorPanel.jsx	86	LABEL	-	Hidden
src/components/dashboard/RoleMentorPanel.jsx	86	BODY	-	Linked classes
src/components/dashboard/RoleMentorPanel.jsx	86	BODY	-	Active memberships
src/components/dashboard/RoleMentorPanel.jsx	86	BODY	-	Learners in linked classes
src/components/dashboard/RoleMentorPanel.jsx	86	BODY	-	Submissions awaiting review
src/components/dashboard/RoleMentorPanel.jsx	87	BUTTON	-	Open
src/components/dashboard/RoleMentorPanel.jsx	87	BUTTON	-	Shared concept totals
src/components/dashboard/RoleMentorPanel.jsx	102	BODY	-	v-notice v-error mt-3
src/components/dashboard/RoleMentorPanel.jsx	102	HEADLINE	-	Summary unavailable
src/components/dashboard/RoleMentorPanel.jsx	102	HEADLINE	-	Retry
src/components/dashboard/RoleMentorPanel.jsx	102	HEADLINE	-	Choose an available connection
src/components/dashboard/RoleMentorPanel.jsx	102	HEADLINE	-	Manage connections
src/components/dashboard/RoleMentorPanel.jsx	103	BODY	-	Loading your authorized summary…
src/components/dashboard/StreakCard.jsx	46	BODY	-	flex flex-col gap-1 pt-1.5
src/components/dashboard/StreakCard.jsx	56	BODY	-	flex items-center justify-between
src/components/dashboard/StreakCard.jsx	60	BODY	-	grid grid-cols-7 gap-1.5
src/components/dashboard/StreakCard.jsx	82	BODY	-	Study every day this month to earn a monthly badge.
src/components/dashboard/StreakCard.jsx	86	BODY	-	flex items-end justify-between gap-1.5
src/components/dashboard/StreakCard.jsx	108	LABEL	-	Show week
src/components/dashboard/StreakCard.jsx	108	LABEL	-	Show month
src/components/dashboard/SubjectIllustration.jsx	120	BODY	-	english language
src/components/dashboard/teacher/AssignmentGrader.jsx	35	BODY	-	Submissions could not be loaded. Close this dialog and try again.
src/components/dashboard/teacher/AssignmentGrader.jsx	53	BODY	-	Enter a grade between 0 and
src/components/dashboard/teacher/AssignmentGrader.jsx	87	BODY	-	No submissions yet. They'll appear here as students turn in their work.
src/components/dashboard/teacher/AssignmentGrader.jsx	101	BODY	-	Returned
src/components/dashboard/teacher/AssignmentGrader.jsx	106	LABEL	-	No submission text
src/components/dashboard/teacher/AssignmentGrader.jsx	113	LABEL	-	Grade for
src/components/dashboard/teacher/AssignmentGrader.jsx	118	META-placeholder	-	Grade
src/components/dashboard/teacher/AssignmentGrader.jsx	124	LABEL	-	Feedback for
src/components/dashboard/teacher/AssignmentGrader.jsx	128	META-placeholder	-	Feedback (required for revision)
src/components/dashboard/teacher/AssignmentGrader.jsx	139	BUTTON	-	Request revision
src/components/dashboard/teacher/CreateClassModal.jsx	10	LABEL	-	Purple
src/components/dashboard/teacher/CreateClassModal.jsx	13	LABEL	-	Class name
src/components/dashboard/teacher/CreateClassModal.jsx	13	BODY	-	e.g. Algebra II
src/components/dashboard/teacher/CreateClassModal.jsx	14	LABEL	-	Section (optional)
src/components/dashboard/teacher/CreateClassModal.jsx	14	BODY	-	e.g. Period 2
src/components/dashboard/teacher/CreateClassModal.jsx	15	LABEL	-	Subject (optional)
src/components/dashboard/teacher/CreateClassModal.jsx	15	BODY	-	e.g. Mathematics
src/components/dashboard/teacher/CreateClassModal.jsx	16	LABEL	-	Room (optional)
src/components/dashboard/teacher/CreateClassModal.jsx	31	BODY	PASSIVE	Your class couldn’t be created. Please try again.
src/components/dashboard/teacher/CreateClassModal.jsx	38	BODY	-	Create class
src/components/dashboard/teacher/CreateClassModal.jsx	41	BODY	-	Learning space
src/components/dashboard/teacher/CreateClassModal.jsx	41	BODY	-	Independent teaching
src/components/dashboard/teacher/CreateClassModal.jsx	48	BODY	-	Class color
src/components/dashboard/teacher/CreateClassModal.jsx	52	LABEL	-	Creating…
src/components/dashboard/teacher/CreateClassModal.jsx	52	LABEL	-	Create class
src/components/dashboard/teacher/CreateClassModal.jsx	52	BUTTON	-	Cancel
src/components/dashboard/teacher/tabs/ClassworkTab.jsx	28	BODY	-	We couldn’t load classwork. Please try again.
src/components/dashboard/teacher/tabs/ClassworkTab.jsx	51	BODY	-	Choose a point total between 1 and 10,000.
src/components/dashboard/teacher/tabs/ClassworkTab.jsx	72	BODY	-	Your assignment wasn’t saved. Please try again.
src/components/dashboard/teacher/tabs/ClassworkTab.jsx	79	BODY	-	Create assignments and return feedback to your students.
src/components/dashboard/teacher/tabs/ClassworkTab.jsx	92	SUBHEAD	-	New assignment
src/components/dashboard/teacher/tabs/ClassworkTab.jsx	93	BODY	-	Title
src/components/dashboard/teacher/tabs/ClassworkTab.jsx	100	META-placeholder	-	Assignment title
src/components/dashboard/teacher/tabs/ClassworkTab.jsx	104	META-aria	-	Assignment instructions
src/components/dashboard/teacher/tabs/ClassworkTab.jsx	107	META-placeholder	-	Instructions (optional)
src/components/dashboard/teacher/tabs/ClassworkTab.jsx	113	BODY	-	Due date (optional)
src/components/dashboard/teacher/tabs/ClassworkTab.jsx	123	BODY	-	Points
src/components/dashboard/teacher/tabs/ClassworkTab.jsx	138	BODY	-	Concepts (optional)
src/components/dashboard/teacher/tabs/ClassworkTab.jsx	150	META-placeholder	-	e.g. Quadratic equations
src/components/dashboard/teacher/tabs/ClassworkTab.jsx	166	BODY	-	w-5 h-5 rounded-full hover:bg-white/60 flex items-center justify-center
src/components/dashboard/teacher/tabs/ClassworkTab.jsx	185	LABEL	-	Assigning…
src/components/dashboard/teacher/tabs/ClassworkTab.jsx	185	LABEL	-	Assign
src/components/dashboard/teacher/tabs/ClassworkTab.jsx	198	BODY	-	No assignments yet. Create your first one and tag the concepts it covers.
src/components/dashboard/teacher/tabs/InsightsTab.jsx	29	BODY	-	Class insights could not be loaded. Please try again.
src/components/dashboard/teacher/tabs/InsightsTab.jsx	71	BODY	-	none yet
src/components/dashboard/teacher/tabs/InsightsTab.jsx	72	BODY	-	no graded work yet
src/components/dashboard/teacher/tabs/InsightsTab.jsx	78	BODY	-	AI analysis is not connected yet. The coverage and assessment summaries below use your recorded classwork.
src/components/dashboard/teacher/tabs/InsightsTab.jsx	88	BUTTON	-	Retry
src/components/dashboard/teacher/tabs/InsightsTab.jsx	95	BODY	-	AI class analysis
src/components/dashboard/teacher/tabs/InsightsTab.jsx	97	BODY	-	Create assignments and tag concepts to generate a class coverage insight.
src/components/dashboard/teacher/tabs/InsightsTab.jsx	108	META-aria	-	Refresh analysis
src/components/dashboard/teacher/tabs/InsightsTab.jsx	118	SUBHEAD	-	Concept assessment
src/components/dashboard/teacher/tabs/InsightsTab.jsx	120	BODY	EM_DASH(body)	Average scores from graded assignments, normalized to a percentage. A useful signal—not a complete measure of understanding.
src/components/dashboard/teacher/tabs/InsightsTab.jsx	128	BODY	-	No graded work yet. As you return graded assignments, class mastery per concept fills in here.
src/components/dashboard/teacher/tabs/InsightsTab.jsx	134	BODY	-	flex items-center justify-between mb-1.5
src/components/dashboard/teacher/tabs/InsightsTab.jsx	156	SUBHEAD	-	Concept coverage
src/components/dashboard/teacher/tabs/InsightsTab.jsx	158	BODY	EM_DASH(body)	Topics your assignments touch — the backbone of your students' mastery map.
src/components/dashboard/teacher/tabs/InsightsTab.jsx	162	BODY	-	No concepts tagged yet. Add concept tags when creating assignments to map your coverage.
src/components/dashboard/teacher/tabs/InsightsTab.jsx	168	BODY	-	flex items-center justify-between mb-1.5
src/components/dashboard/teacher/tabs/KnowledgeHeatmap.jsx	29	LABEL	-	Student
src/components/dashboard/teacher/tabs/KnowledgeHeatmap.jsx	55	SUBHEAD	-	Knowledge heatmap
src/components/dashboard/teacher/tabs/KnowledgeHeatmap.jsx	58	BODY	-	Recorded assignment scores by concept. Use these alongside conversations and practice to decide what support helps
src/components/dashboard/teacher/tabs/KnowledgeHeatmap.jsx	65	BODY	-	The heatmap fills in once you tag concepts on assignments and return graded work
src/components/dashboard/teacher/tabs/KnowledgeHeatmap.jsx	104	LABEL	-	No graded work yet
src/components/dashboard/teacher/tabs/KnowledgeHeatmap.jsx	120	LABEL	-	Mastered 70%+
src/components/dashboard/teacher/tabs/KnowledgeHeatmap.jsx	121	LABEL	-	Developing 40–69%
src/components/dashboard/teacher/tabs/KnowledgeHeatmap.jsx	123	LABEL	-	Not yet graded
src/components/dashboard/teacher/tabs/KnowledgeHeatmap.jsx	125	BODY	-	flex items-center gap-1.5
src/components/dashboard/teacher/tabs/KnowledgeHeatmap.jsx	126	BODY	-	w-3.5 h-3.5 rounded
src/components/dashboard/teacher/tabs/PeopleTab.jsx	21	BODY	-	We couldn’t load your class members. Please try again.
src/components/dashboard/teacher/tabs/PeopleTab.jsx	38	BODY	-	Use a student’s email address, rather than your teaching account.
src/components/dashboard/teacher/tabs/PeopleTab.jsx	40	BODY	-	This student is already connected or has a pending invitation.
src/components/dashboard/teacher/tabs/PeopleTab.jsx	49	BODY	-	Invitation added. It will appear in this student’s Classes page when they sign in on this device. You can also share the class code.
src/components/dashboard/teacher/tabs/PeopleTab.jsx	53	BODY	-	Couldn't invite that student. Please try again.
src/components/dashboard/teacher/tabs/PeopleTab.jsx	61	BODY	-	Invite students
src/components/dashboard/teacher/tabs/PeopleTab.jsx	62	BODY	-	Add an in-app invitation by email, or share class code
src/components/dashboard/teacher/tabs/PeopleTab.jsx	69	META-aria	-	Student email address
src/components/dashboard/teacher/tabs/PeopleTab.jsx	93	SUBHEAD	-	Teachers
src/components/dashboard/teacher/tabs/PeopleTab.jsx	109	SUBHEAD	-	Students
src/components/dashboard/teacher/tabs/PeopleTab.jsx	119	BODY	-	No students yet. Invite your first student above to see them here.
src/components/dashboard/teacher/tabs/PeopleTab.jsx	132	LABEL	-	Connected
src/components/dashboard/teacher/tabs/PeopleTab.jsx	132	LABEL	-	Invited
src/components/dashboard/teacher/tabs/StreamTab.jsx	17	BODY	-	Class updates couldn’t be loaded. Please try again.
src/components/dashboard/teacher/tabs/StreamTab.jsx	31	LABEL	-	Teacher
src/components/dashboard/teacher/tabs/StreamTab.jsx	40	BODY	-	Share an update with your class
src/components/dashboard/teacher/tabs/StreamTab.jsx	41	META-placeholder	-	Announcements, reminders, or a welcome message…
src/components/dashboard/teacher/tabs/StreamTab.jsx	42	BODY	-	our class
src/components/dashboard/teacher/tabs/StreamTab.jsx	42	LABEL	-	Posting…
src/components/dashboard/teacher/tabs/StreamTab.jsx	42	LABEL	-	Post update
src/components/dashboard/teacher/tabs/StreamTab.jsx	42	BUTTON	-	Welcome template
src/components/dashboard/teacher/tabs/StreamTab.jsx	44	BUTTON	-	Retry
src/components/dashboard/teacher/tabs/StreamTab.jsx	45	LABEL	-	Teacher
src/components/dashboard/teacher/tabs/StreamTab.jsx	45	SUBHEAD	-	Loading updates…
src/components/dashboard/teacher/tabs/StreamTab.jsx	45	SUBHEAD	-	Keep your class in the loop
src/components/dashboard/teacher/tabs/StreamTab.jsx	45	SUBHEAD	-	Post a welcome message to get started.
src/components/dashboard/teacher/TeacherInsightCard.jsx	6	BODY	-	Start with a class, then share its code with your students. Your assignments, submissions, and feedback will stay together here.
src/components/dashboard/teacher/TeacherInsightCard.jsx	10	BODY	-	Your class is ready. Add a first assignment and tag the concepts it covers to start tracking learning.
src/components/dashboard/teacher/TeacherInsightCard.jsx	11	BODY	-	You’re up to date on submitted work. Use class insights to review concept coverage and plan your next lesson.
src/components/dashboard/teacher/TeacherInsightCard.jsx	12	HEADLINE	-	Your teaching overview
src/components/dashboard/teacher/TeacherInsightCard.jsx	12	HEADLINE	-	Open class
src/components/dashboard/teacher/TeacherUpskillCard.jsx	11	LABEL	-	Ask diagnostic questions
src/components/dashboard/teacher/TeacherUpskillCard.jsx	11	BODY	-	Swap one yes/no question per lesson for an open-ended 'why' prompt.
src/components/dashboard/teacher/TeacherUpskillCard.jsx	12	LABEL	-	Cold-call with care
src/components/dashboard/teacher/TeacherUpskillCard.jsx	12	BODY	-	Pre-warn one quiet student before calling on them, so they're set up to succeed.
src/components/dashboard/teacher/TeacherUpskillCard.jsx	13	LABEL	-	Check for understanding
src/components/dashboard/teacher/TeacherUpskillCard.jsx	13	BODY	-	End each class with a 1-minute exit ticket on today's key concept.
src/components/dashboard/teacher/TeacherUpskillCard.jsx	14	LABEL	-	Model metacognition
src/components/dashboard/teacher/TeacherUpskillCard.jsx	14	BODY	-	Think aloud once this week while solving a problem in front of the class.
src/components/dashboard/teacher/TeacherUpskillCard.jsx	15	LABEL	-	Give specific praise
src/components/dashboard/teacher/TeacherUpskillCard.jsx	15	BODY	EM_DASH(body)	Praise the strategy, not the student — name exactly what they did well.
src/components/dashboard/teacher/TeacherUpskillCard.jsx	16	LABEL	-	Wait time
src/components/dashboard/teacher/TeacherUpskillCard.jsx	16	BODY	-	After asking a question, wait a full 5 seconds before taking an answer.
src/components/dashboard/teacher/TeacherUpskillCard.jsx	30	BODY	-	Grow as a teacher
src/components/dashboard/teacher/TeacherUpskillCard.jsx	31	BODY	-	One skill to sharpen this week
src/components/dashboard/teacher/TeacherUpskillCard.jsx	36	META-aria	-	Another skill
src/components/dashboard/TodayPlanCard.jsx	8	SUBHEAD	TITLE_CASE	Today's Plan
src/components/dashboard/TodayPlanCard.jsx	9	BODY	-	AGI recommended
src/components/dashboard/TodayPlanCard.jsx	14	BODY	-	All caught up! Explore new concepts to stay ahead.
src/components/dashboard/TodayPlanCard.jsx	16	BODY	-	Browse concepts →
src/components/dashboard/TodayPlanCard.jsx	34	LABEL	-	Review
src/components/dashboard/TodayPlanCard.jsx	34	LABEL	-	Continue
src/components/dashboard/UnderstandingMeter.jsx	18	BODY	-	Visionary Understanding
src/components/dashboard/UnderstandingMeter.jsx	40	HEADLINE	-	Your Visionary Understanding
src/components/dashboard/UnderstandingMeter.jsx	41	BODY	-	A living map of everything you've learned
src/components/dashboard/UnderstandingMeter.jsx	60	BODY	EM_DASH(body)	Every lesson, practice question, and AI conversation deepens your understanding. Visionary preserves this map across years — so tomorrow's learning builds on everything you know today
src/components/dashboard/UnderstandingMeter.jsx	68	LABEL	-	Upgrade for more understanding
src/components/dashboard/UnderstandingMeter.jsx	68	LABEL	-	Manage plan
src/components/dashboard/UpNextCard.jsx	10	BODY	-	flex items-center justify-between
src/components/dashboard/UpNextCard.jsx	12	HEADLINE	TITLE_CASE	Up Next
src/components/dashboard/UpNextCard.jsx	13	BODY	-	Continue your learning journey
src/components/dashboard/UpNextCard.jsx	15	BUTTON	-	View all
src/components/dashboard/WorkspaceSwitcher.jsx	12	META-aria	-	Active workspace
src/components/dashboard/WorkspaceSwitcher.jsx	12	LABEL	-	Personal
src/components/dashboard/WorkspaceSwitcher.jsx	12	BUTTON	-	Active workspace
src/components/dashboard/WorkspaceSwitcher.jsx	12	BUTTON	-	Keep one account. Your conversations and drafts remain separate in each workspace. This does not grant access to an existing institution.
src/components/dashboard/WorkspaceSwitcher.jsx	12	BUTTON	-	Role
src/components/dashboard/WorkspaceSwitcher.jsx	12	BUTTON	-	I am 18 or older. This preview does not verify identity.
src/data/landingCategories.js	2	BODY	-	GraduationCap, BookOpen, Baby, School, Building2
src/data/landingCategories.js	3	BODY	-	FlaskConical, Network, Target, Brain, Microscope, Briefcase
src/data/landingCategories.js	7	LABEL	-	Student
src/data/landingCategories.js	7	SUBHEAD	-	Understand more. Build what comes next.
src/data/landingCategories.js	8	LABEL	-	Teacher
src/data/landingCategories.js	8	SUBHEAD	-	See who is ready for the next lesson.
src/data/landingCategories.js	9	LABEL	-	Parent
src/data/landingCategories.js	9	SUBHEAD	-	See where your child needs support.
src/data/landingCategories.js	10	LABEL	-	Professional
src/data/landingCategories.js	10	SUBHEAD	-	Turn what you know into useful work.
src/data/landingCategories.js	11	LABEL	-	Organization
src/data/landingCategories.js	11	SUBHEAD	-	Help teams carry knowledge forward.
src/data/legalMeta.js	9	LABEL	TITLE_CASE	Grievance Officer (DPDP Act, 2023)
src/data/legalMeta.js	10	LABEL	TITLE_CASE	Md Shahid Ali
src/data/legalMeta.js	12	BODY	-	We acknowledge grievances within 72 hours and work to resolve them within 30 days.
src/data/legalMeta.js	16	HEADLINE	-	Privacy policy
src/data/legalMeta.js	16	LABEL	-	September 2026
src/data/legalMeta.js	17	HEADLINE	-	Terms of service
src/data/legalMeta.js	17	LABEL	-	September 2026
src/data/legalMeta.js	18	HEADLINE	-	Cookie policy
src/data/legalMeta.js	18	LABEL	-	September 2026
src/data/legalMeta.js	19	HEADLINE	-	Safety
src/data/legalMeta.js	19	LABEL	-	September 2026
src/data/legalMeta.js	20	HEADLINE	-	Security
src/data/legalMeta.js	20	LABEL	-	September 2026
src/data/legalMeta.js	21	HEADLINE	-	Accessibility
src/data/legalMeta.js	21	LABEL	-	September 2026
src/data/legalMeta.js	26	BODY	-	We reply within 2 business days.
src/data/legalMeta.js	27	BODY	EM_DASH(body)	Safety reports are reviewed by a human — usually within 24 hours.
src/data/legalMeta.js	28	BODY	-	Grievances are acknowledged within 72 hours and resolved within 30 days.
src/data/legalMeta.js	29	BODY	-	Partnership enquiries receive a reply within 5 business days.
src/data/pricingConfig.js	10	LABEL	-	Monthly
src/data/pricingConfig.js	10	BODY	-	billed monthly
src/data/pricingConfig.js	11	LABEL	-	Annual
src/data/pricingConfig.js	11	BODY	-	billed yearly
src/data/pricingConfig.js	17	LABEL	-	Start
src/data/pricingConfig.js	18	SUBHEAD	-	Begin with one question.
src/data/pricingConfig.js	21	BODY	-	Free forever · no card required
src/data/pricingConfig.js	22	LINK	-	Start for free
src/data/pricingConfig.js	26	BODY	EM_DASH(body)	Ask & explore — 20 questions a day
src/data/pricingConfig.js	27	BODY	-	Visual explanations for core subjects
src/data/pricingConfig.js	30	LABEL	-	Basic progress snapshot
src/data/pricingConfig.js	35	LABEL	-	Personal
src/data/pricingConfig.js	36	SUBHEAD	TITLE_CASE	One person. Full intelligence.
src/data/pricingConfig.js	40	LABEL	-	Per person
src/data/pricingConfig.js	41	LINK	TITLE_CASE	Get Personal
src/data/pricingConfig.js	44	LABEL	-	Most popular
src/data/pricingConfig.js	46	BODY	EM_DASH(body)	Ask & explore with no daily cap — subject to fair use
src/data/pricingConfig.js	47	LABEL	-	Full visual & 3D explanations
src/data/pricingConfig.js	48	LABEL	-	Practise mode & no-code Build
src/data/pricingConfig.js	49	LABEL	-	All 20+ languages, voice & text
src/data/pricingConfig.js	50	BODY	-	Continuity that stays with you
src/data/pricingConfig.js	51	LABEL	-	Full progress insights
src/data/pricingConfig.js	56	LABEL	-	Family
src/data/pricingConfig.js	57	SUBHEAD	-	A household that learns together.
src/data/pricingConfig.js	61	LABEL	-	Per household
src/data/pricingConfig.js	62	LINK	TITLE_CASE	Get Family
src/data/pricingConfig.js	66	LABEL	TITLE_CASE	Everything in Personal
src/data/pricingConfig.js	67	LABEL	-	Up to 6 members
src/data/pricingConfig.js	68	LABEL	-	Parent view across children
src/data/pricingConfig.js	69	LABEL	-	Private memory per member
src/data/pricingConfig.js	70	LABEL	-	Weekly family digest
src/data/pricingConfig.js	75	LABEL	-	Institution
src/data/pricingConfig.js	76	SUBHEAD	-	Schools, colleges, coaching, workplaces.
src/data/pricingConfig.js	79	LINK	-	Contact Visionary
src/data/pricingConfig.js	84	LABEL	-	Admin & learning analytics
src/data/pricingConfig.js	85	LABEL	-	SSO & privacy controls
src/data/pricingConfig.js	86	LABEL	-	Rollout support & training
src/data/pricingConfig.js	87	LABEL	-	Dedicated success manager
src/data/pricingConfig.js	96	LABEL	-	Ask & explore
src/data/pricingConfig.js	96	LABEL	-	No daily cap
src/data/pricingConfig.js	97	LABEL	-	Fair-use note
src/data/pricingConfig.js	98	LABEL	-	Visual & 3D explanations
src/data/pricingConfig.js	99	LABEL	-	Practise & Build
src/data/pricingConfig.js	100	LABEL	-	Languages
src/data/pricingConfig.js	101	LABEL	-	Voice input
src/data/pricingConfig.js	102	LABEL	-	Continuity (memory)
src/data/pricingConfig.js	102	BODY	-	Kept while your account is active
src/data/pricingConfig.js	102	LABEL	-	Kept per member
src/data/pricingConfig.js	102	LABEL	-	Kept org-wide
src/data/pricingConfig.js	103	LABEL	-	Progress insights
src/data/pricingConfig.js	103	LABEL	-	Snapshot
src/data/pricingConfig.js	104	LABEL	-	Members
src/data/pricingConfig.js	105	LABEL	TITLE_CASE	Admin & SSO
src/data/pricingConfig.js	106	LABEL	-	Support
src/data/pricingConfig.js	106	LABEL	-	Community
src/data/pricingConfig.js	106	LABEL	-	Faster replies
src/data/pricingConfig.js	106	LABEL	-	Dedicated team
src/data/pricingConfig.js	110	SUBHEAD	-	Student
src/data/pricingConfig.js	110	LABEL	TITLE_CASE	Start or Personal
src/data/pricingConfig.js	110	BODY	-	Begin free. Upgrade when you're ready.
src/data/pricingConfig.js	111	SUBHEAD	-	Teacher
src/data/pricingConfig.js	111	LABEL	-	Personal
src/data/pricingConfig.js	111	BODY	-	One classroom, one intelligence.
src/data/pricingConfig.js	112	SUBHEAD	-	Parent
src/data/pricingConfig.js	112	LABEL	-	Family
src/data/pricingConfig.js	112	BODY	-	Every child, one plan.
src/data/pricingConfig.js	113	SUBHEAD	-	Professional
src/data/pricingConfig.js	113	LABEL	-	Personal
src/data/pricingConfig.js	113	BODY	-	Skills that compound.
src/data/pricingConfig.js	114	SUBHEAD	-	Organization
src/data/pricingConfig.js	114	LABEL	-	Institution
src/data/pricingConfig.js	114	BODY	-	Roll out across your people.
src/data/pricingConfig.js	118	BODY	-	Can I start free?
src/data/pricingConfig.js	118	BODY	EM_DASH(body)	Yes. Start is free forever — 20 questions a day, core visual explanations, and a 7-day memory of your journey. No card required.
src/data/pricingConfig.js	119	BODY	-	Can I switch plans later?
src/data/pricingConfig.js	120	BODY	-	What happens to my memory if I downgrade?
src/data/pricingConfig.js	120	BODY	PASSIVE	Nothing is deleted. Your journey is kept privately and rejoins you the moment you upgrade again.
src/data/pricingConfig.js	121	BODY	-	Do you offer education discounts?
src/data/pricingConfig.js	121	BODY	-	Yes. Students and teachers with a valid institutional email get Personal at a discount, and Start stays free for everyone.
src/data/pricingConfig.js	122	BODY	-	How does Family privacy work?
src/data/pricingConfig.js	122	BODY	EM_DASH(body)	Each member's memory is completely private. Parents see progress and support signals — never private conversations.
src/data/pricingConfig.js	123	BODY	-	How does Institution billing work?
src/data/pricingConfig.js	123	BODY	-	Per active learner, annual invoicing, with pilot options for a single class, cohort, or campus before you roll out wider.
src/data/pricingConfig.js	130	BODY	-	Contact Visionary
src/domain/workspace.ts	10	LABEL	-	Not started
src/domain/workspace.ts	10	LABEL	-	Exploring
src/domain/workspace.ts	10	LABEL	-	Practicing
src/domain/workspace.ts	10	LABEL	-	Secure
src/domain/workspace.ts	10	LABEL	-	Mastered
src/domain/workspace.ts	10	LABEL	-	Needs review
src/domain/workspace.ts	20	LABEL	-	Premium
src/domain/workspace.ts	20	LABEL	-	Family
src/services/artifactEditorDraft.ts	12	BODY	-	Recovered project drafts could not be read. Saved projects were not changed.
src/services/artifactEditorDraft.ts	16	BODY	-	This project is unavailable in this workspace.
src/services/artifactEditorDraft.ts	21	BODY	-	Unsaved project edits could not be backed up on this device. Keep this page open and choose Save.
src/services/artifactEditorDraft.ts	33	BODY	-	Recovered project draft is incomplete. The saved project remains available.
src/services/artifactEditorDraft.ts	43	BODY	-	This draft belongs to another project.
src/services/backendTransport.ts	38	LABEL	-	Cancelled
src/services/backendTransport.ts	46	BODY	-	Your authenticated account or workspace changed. Sign in again before retrying.
src/services/backendTransport.ts	78	BODY	-	A backend transport needs session and exchange functions and a valid deadline.
src/services/classroomService.js	7	BODY	-	Open your teacher workspace first.
src/services/classroomService.js	16	LABEL	-	Classroom
src/services/classroomService.js	16	LABEL	-	Enrollment
src/services/classroomService.js	16	LABEL	-	Assignment
src/services/classroomService.js	16	LABEL	-	Submission
src/services/classroomService.js	27	BODY	-	Secondary
src/services/classroomService.js	27	LABEL	-	Foundational
src/services/classroomService.js	27	LABEL	-	Developing
src/services/classroomService.js	27	LABEL	-	Higher education
src/services/classroomService.js	29	LABEL	-	Class activity
src/services/classroomService.js	34	BODY	-	Review and save this lesson before assigning it.
src/services/classroomService.js	35	BODY	-	This lesson changed before assignment. Reopen it and review the saved version.
src/services/classroomService.js	36	BODY	-	Class is not available.
src/services/classroomService.js	37	BODY	-	This class is not assigned to your teacher workspace.
src/services/classroomService.js	38	BODY	-	Choose a point total between 1 and 10,000.
src/services/classroomService.js	39	BODY	-	Review the lesson questions before assigning.
src/services/classroomService.js	47	BODY	-	Open your own learning workspace before submitting classwork.
src/services/classroomService.js	50	BODY	-	This assignment is not available in your class.
src/services/classroomService.js	52	BODY	-	Join this class before submitting work.
src/services/classroomService.js	56	BODY	-	Answer every class question before submitting.
src/services/classroomService.js	60	BODY	-	Add a response before submitting classwork.
src/services/classroomService.js	75	BODY	-	This submission is no longer available.
src/services/classroomService.js	76	BODY	-	A newer response arrived. Reopen the review before returning feedback.
src/services/classroomService.js	77	BODY	-	Choose Return or Request revision.
src/services/classroomService.js	78	BODY	-	Keep feedback within 5,000 characters.
src/services/classroomService.js	79	BODY	-	Explain what the learner should revise.
src/services/classroomService.js	85	BODY	-	Open your organization workspace first.
src/services/classroomService.js	91	BODY	-	This cohort is not available in your organization workspace.
src/services/classroomService.js	93	BODY	-	Choose members and classes from the connected roster.
src/services/classroomService.js	95	BODY	-	A selected member is no longer connected. Refresh the roster.
src/services/classroomService.js	96	BODY	-	A selected class is no longer linked to this organization.
src/services/communityService.ts	20	LABEL	-	Cancelled
src/services/communityService.ts	24	BODY	-	Community posts could not be read. Your existing records have not been changed.
src/services/communityService.ts	28	BODY	-	Your community post could not be saved on this device. Nothing was changed.
src/services/communityService.ts	31	LABEL	-	Classroom
src/services/communityService.ts	31	LABEL	-	Enrollment
src/services/communityService.ts	33	BODY	-	Connection records are unavailable. Community access stays restricted until they can be read.
src/services/communityService.ts	39	LABEL	-	Classroom
src/services/communityService.ts	40	BODY	-	This class community does not exist.
src/services/communityService.ts	42	LABEL	-	Enrollment
src/services/communityService.ts	43	BODY	-	Only learners enrolled in this class can open its community.
src/services/communityService.ts	50	BODY	-	Only the assigned teacher can open this class community.
src/services/communityService.ts	53	BODY	-	The community belongs to a class workspace. Open it from a learner or teacher workspace.
src/services/communityService.ts	65	BODY	-	Write something before posting.
src/services/communityService.ts	72	BODY	-	Take a short breath before posting again.
src/services/communityService.ts	73	LABEL	-	You have reached today\
src/services/communityService.ts	83	BODY	-	Teachers moderate this community directly instead of reporting.
src/services/communityService.ts	85	BODY	-	This post is not available to report.
src/services/communityService.ts	92	BODY	-	Only the assigned teacher can restore a reported post.
src/services/communityService.ts	94	BODY	-	This post is not waiting for review.
src/services/communityService.ts	99	BODY	-	Only the assigned teacher can remove a community post.
src/services/communityService.ts	101	BODY	-	This post is not available for moderation.
src/services/contentRepository.ts	36	LABEL	-	Sample
src/services/contentRepository.ts	37	LABEL	-	Sample
src/services/contentRepository.ts	37	LABEL	-	Professional
src/services/contentRepository.ts	37	LABEL	-	Data interpretation
src/services/contentRepository.ts	42	LABEL	-	Cancelled
src/services/contentRepository.ts	46	BODY	-	Saved curriculum could not be read. Existing records have not been changed.
src/services/contentRepository.ts	50	BODY	-	Curriculum changes could not be saved on this device. Your previous records are unchanged.
src/services/contentRepository.ts	54	LABEL	-	Not specified
src/services/contentRepository.ts	54	LABEL	-	My subject
src/services/contentRepository.ts	65	LABEL	-	Cancelled
src/services/contentRepository.ts	67	LABEL	-	Cancelled
src/services/contentRepository.ts	73	HEADLINE	-	Your learning outline
src/services/contentRepository.ts	73	HEADLINE	-	Chapter 1
src/services/contentRepository.ts	73	HEADLINE	-	Topic 1
src/services/contentRepository.ts	73	HEADLINE	-	Concept 1
src/services/contentRepository.ts	79	HEADLINE	-	Authored sample activities
src/services/contentRepository.ts	87	LABEL	-	Calculate capacity
src/services/contentRepository.ts	87	BODY	-	Show the side length and volume of each box, with cubic units.
src/services/contentRepository.ts	87	LABEL	-	Compare the boxes
src/services/contentRepository.ts	87	BODY	-	Explain which box holds more and why.
src/services/contentRepository.ts	87	LABEL	-	Choose a safe material
src/services/contentRepository.ts	87	BODY	-	Name a material and one safety or practical limitation.
src/services/contentRepository.ts	96	BODY	-	The content service returned an incomplete question. Your saved work is unchanged.
src/services/contentRepository.ts	102	BODY	-	The concept explanation is unavailable.
src/services/contentRepository.ts	103	BODY	-	The project criteria are unavailable.
src/services/contentRepository.ts	105	BODY	-	Practice questions are unavailable.
src/services/contentRepository.ts	106	BODY	-	The content service returned incomplete language availability.
src/services/contentRepository.ts	107	BODY	-	The content service returned incomplete source details.
src/services/contentRepository.ts	110	BODY	-	The curriculum response contains an incomplete hierarchy.
src/services/contentRepository.ts	113	BODY	-	The curriculum response contains invalid identifiers.
src/services/contentRepository.ts	114	BODY	-	The curriculum response contains an incomplete hierarchy.
src/services/contentRepository.ts	116	BODY	-	Connected curriculum needs a source version and explicit language availability. Your saved work is unchanged.
src/services/contentRepository.ts	142	BODY	-	The curriculum response does not match the requested selection.
src/services/contentRepository.ts	153	BODY	-	Syllabus unavailable in this workspace.
src/services/contentRepository.ts	154	BODY	-	Chapter unavailable in this workspace.
src/services/contentRepository.ts	155	BODY	-	Topic unavailable in this workspace.
src/services/contentRepository.ts	163	BODY	-	Connected concept needs a source version and explicit language availability.
src/services/contentRepository.ts	166	BODY	-	The content response does not match the requested concept.
src/services/contentRepository.ts	172	BODY	-	Several provisional concepts map to this official concept. Review their progress before continuing.
src/services/contentRepository.ts	176	BODY	-	Enter a name or keep the numbered placeholder.
src/services/contentRepository.ts	179	BODY	-	Only your provisional chapters, topics and concepts can be renamed.
src/services/contentRepository.ts	185	BODY	-	Connected concept needs a source version and explicit language availability.
src/services/contentRepository.ts	188	BODY	-	Both an owned provisional concept and an available official concept are required.
src/services/contentRepository.ts	189	BODY	-	The official concept does not match the requested identifier.
src/services/contentRepository.ts	199	BODY	-	This concept is unavailable in your workspace. Your report was not saved.
src/services/dailyPlanService.ts	21	BODY	-	Deferred plan steps could not be read. Your records have not been changed.
src/services/dailyPlanService.ts	25	BODY	-	The deferral could not be saved on this device. Nothing was changed.
src/services/dailyPlanService.ts	30	LABEL	-	Cancelled
src/services/dailyPlanService.ts	32	BODY	-	A daily plan belongs to a personal learning workspace.
src/services/dailyPlanService.ts	33	BODY	-	The plan step is missing.
src/services/dailyPlanService.ts	51	LABEL	-	Cancelled
src/services/dailyPlanService.ts	53	BODY	-	A daily plan belongs to a personal learning workspace.
src/services/dailyPlanService.ts	67	LABEL	-	Open classwork
src/services/dailyPlanService.ts	68	BODY	-	Published assignment in a class where your enrollment is active.
src/services/dailyPlanService.ts	68	LABEL	-	Connected classwork
src/services/dailyPlanService.ts	80	BODY	-	A short review is due
src/services/dailyPlanService.ts	81	BODY	-	A previous check is ready to revisit. This is a reminder, not a claim about your ability.
src/services/dailyPlanService.ts	82	LABEL	-	Open practice
src/services/dailyPlanService.ts	83	BODY	-	Scheduled from the date of the latest recorded check for this concept.
src/services/dailyPlanService.ts	83	LABEL	-	Your recorded learning evidence
src/services/dailyPlanService.ts	89	LABEL	-	Continue learning
src/services/dailyPlanService.ts	90	BODY	-	The most recently updated unfinished learning unit in this workspace.
src/services/dailyPlanService.ts	90	LABEL	-	Saved learning activity
src/services/dailyPlanService.ts	96	BODY	-	Your saved project remains in Build.
src/services/dailyPlanService.ts	97	LABEL	-	Open projects
src/services/dailyPlanService.ts	98	BODY	-	Unfinished project work saved in this workspace.
src/services/dailyPlanService.ts	98	LABEL	-	Your saved project
src/services/dailyPlanService.ts	105	BODY	-	Done today · recorded comprehension check and practice. Reopen to revisit the explanation.
src/services/dailyPlanService.ts	106	LABEL	-	Reopen
src/services/dailyPlanService.ts	107	BODY	-	Recorded earlier today from verified comprehension work.
src/services/dailyPlanService.ts	107	LABEL	-	Your recorded learning evidence
src/services/dailyPlanService.ts	111	BODY	-	Done today · your project was marked complete in Build.
src/services/dailyPlanService.ts	112	LABEL	-	Open projects
src/services/dailyPlanService.ts	113	BODY	-	Recorded earlier today from your completed project.
src/services/dailyPlanService.ts	113	LABEL	-	Your saved project
src/services/guideEntryService.ts	9	LABEL	-	Understand
src/services/guideEntryService.ts	9	LABEL	-	Solve with guidance
src/services/guideEntryService.ts	9	LABEL	-	Check my attempt
src/services/guideEntryService.ts	10	LABEL	-	Understand
src/services/guideEntryService.ts	10	LABEL	-	Work through a problem
src/services/guideEntryService.ts	10	LABEL	-	Review my attempt
src/services/guideEntryService.ts	10	LABEL	-	Plan a next step
src/services/guideEntryService.ts	11	LABEL	-	Explain an idea
src/services/guideEntryService.ts	11	LABEL	-	Guide a learner
src/services/guideEntryService.ts	11	LABEL	-	Review teaching work
src/services/guideEntryService.ts	11	LABEL	-	Plan a lesson
src/services/guideEntryService.ts	11	LABEL	-	Build a resource
src/services/guideEntryService.ts	12	LABEL	-	Understand a report
src/services/guideEntryService.ts	12	LABEL	-	Support this week
src/services/guideEntryService.ts	12	LABEL	-	Review a question
src/services/guideEntryService.ts	12	LABEL	-	Plan support
src/services/guideEntryService.ts	12	LABEL	-	Build together
src/services/guideEntryService.ts	13	LABEL	-	Understand a report
src/services/guideEntryService.ts	13	LABEL	-	Work through a problem
src/services/guideEntryService.ts	13	LABEL	-	Review an outline
src/services/guideEntryService.ts	13	LABEL	-	Plan next steps
src/services/guideEntryService.ts	13	LABEL	-	Build a resource
src/services/guideEntryService.ts	18	BODY	-	Choose a supported intent and keep pasted material under 6,000 characters.
src/services/guideEntryService.ts	29	BODY	-	Conversation not found.
src/services/guideEntryService.ts	34	BODY	-	as const:
src/services/guideEntryService.ts	48	BODY	-	This activity is unavailable in this workspace. Your saved work has not changed.
src/services/guideEntryService.ts	50	BODY	-	Choose an activity first.
src/services/guideEntryService.ts	53	BODY	-	This activity’s conversation is unavailable. Your saved work has not changed.
src/services/homeService.ts	25	BODY	-	Connected organization · Personal learning stays separate
src/services/homeService.ts	25	BODY	-	Only connected work belongs here
src/services/homeService.ts	25	LABEL	-	Sharing is always scoped
src/services/homeService.ts	26	HEADLINE	-	Choose something to understand
src/services/homeService.ts	30	BODY	-	Career suggestions use only your saved goal and recorded work. No hiring assessment or live model is connected.
src/services/homeService.ts	30	BODY	-	Stage-specific recommendations are not configured yet. These starting points do not assess your ability.
src/services/homeService.ts	33	HEADLINE	-	Give your next skill a clear purpose
src/services/homeService.ts	33	BODY	-	Connect this target to a capability, check your understanding, and save a project you can explain.
src/services/homeService.ts	33	LABEL	-	Continue your career path
src/services/homeService.ts	33	LABEL	-	Explore learning
src/services/homeService.ts	39	LABEL	-	Continue activity
src/services/homeService.ts	39	LABEL	-	Choose another journey
src/services/homeService.ts	40	BODY	-	A saved activity is unavailable in this preview. Its record has been preserved.
src/services/homeService.ts	46	LABEL	-	Continue learning
src/services/homeService.ts	47	LABEL	-	Open learning outline
src/services/homeService.ts	48	BODY	-	This is your most recently updated unfinished learning unit in this workspace.
src/services/homeService.ts	49	LABEL	-	Saved learning activity
src/services/homeService.ts	52	HEADLINE	-	A short review is due
src/services/homeService.ts	53	BODY	-	A previous check is ready to revisit. This is a reminder, not a claim about your ability.
src/services/homeService.ts	54	LABEL	-	Open practice
src/services/homeService.ts	54	LABEL	-	Open learning outline
src/services/homeService.ts	55	BODY	-	Scheduled from the date of your latest recorded check.
src/services/homeService.ts	55	BODY	-	Your own recorded learning evidence
src/services/homeService.ts	62	BODY	-	Open your subject outline. If official content is unavailable, you can keep a provisional learning place and ask a question.
src/services/homeService.ts	63	LABEL	-	Open subject
src/services/homeService.ts	64	BODY	-	This is the starting subject you selected during setup, not an assessment of what you know.
src/services/homeService.ts	64	LABEL	-	Your onboarding preference
src/services/homeService.ts	77	LABEL	-	Open learning outline
src/services/homeService.ts	83	LABEL	-	Prepare your next lesson
src/services/homeService.ts	83	BODY	-	Review the objective, explanation and checks before sharing with a class.
src/services/homeService.ts	83	LABEL	-	Open preparation
src/services/homeService.ts	83	LABEL	-	View classwork
src/services/homeService.ts	83	BODY	-	You have an unfinished lesson draft in this teacher workspace.
src/services/homeService.ts	83	BODY	-	Start with the idea you want your learners to understand.
src/services/homeService.ts	83	LABEL	-	Saved lesson draft
src/services/homeService.ts	87	HEADLINE	-	Connect before viewing progress
src/services/homeService.ts	87	LABEL	-	View shared report
src/services/homeService.ts	87	LABEL	-	Choose a child
src/services/homeService.ts	87	BODY	-	There is no active progress-sharing connection available in this workspace.
src/services/homeService.ts	87	LABEL	-	Current sharing permissions
src/services/homeService.ts	91	BODY	-	Review your organization’s next steps
src/services/homeService.ts	91	LABEL	-	Review the learning direction
src/services/homeService.ts	91	LABEL	-	Bring your people together
src/services/homeService.ts	91	BODY	-	Connect curriculum and reviewed content to the groups you support.
src/services/homeService.ts	91	BODY	-	Start with invitations, then organize connected people into cohorts.
src/services/homeService.ts	91	LABEL	-	Open insights
src/services/homeService.ts	91	LABEL	-	Open curriculum
src/services/homeService.ts	91	LABEL	-	Manage people
src/services/homeService.ts	91	LABEL	-	Review cohorts
src/services/homeService.ts	91	BODY	-	No cohort has been saved in this workspace yet. People and permissions come first.
src/services/homeService.ts	91	LABEL	-	Saved organization setup records
src/services/homeService.ts	98	LABEL	-	Your onboarding preference
src/services/homeService.ts	98	BODY	-	Open Mathematics. We will go step by step.
src/services/homeService.ts	99	LABEL	-	Connected classwork
src/services/homeService.ts	99	BODY	-	Your teacher is waiting to see your work.
src/services/homeService.ts	100	BODY	-	Your own recorded learning evidence
src/services/homeService.ts	100	BODY	-	A quick review will keep it fresh.
src/services/homeService.ts	101	LABEL	-	Saved learning activity
src/services/homeService.ts	101	BODY	-	Continue where you stopped.
src/services/journeys.ts	3	HEADLINE	-	Understand cube volume
src/services/journeys.ts	3	BODY	-	A cube has side length 3 units. What is its volume?
src/services/journeys.ts	3	BODY	-	If every side doubles, the volume becomes…
src/services/journeys.ts	3	BODY	-	A cube has volume 64 cubic units. What is its side?
src/services/journeys.ts	8	HEADLINE	-	Make sense of fractions
src/services/journeys.ts	8	BODY	-	Which fraction equals one half?
src/services/journeys.ts	8	BODY	-	Which is larger for the same whole?
src/services/journeys.ts	8	BODY	-	Half of eight equal portions is…
src/services/journeys.ts	8	BODY	-	Compare fractions using equal-sized wholes.
src/services/journeys.ts	8	BODY	-	Change the number of selected eighths. Find the point that equals one half, then compare it with three quarters.
src/services/journeys.ts	8	LABEL	-	Plan a shared meal
src/services/journeys.ts	8	BODY	-	Split a recipe into equal portions. Show how much of each ingredient is needed for half and three quarters of the recipe.
src/services/journeys.ts	8	BODY	-	A number line makes equivalence visible before you use it in a practical plan.
src/services/journeys.ts	8	LABEL	-	They are equal
src/services/journeys.ts	8	BODY	-	Three equal parts are more than one of the same-sized part.
src/services/journeys.ts	13	HEADLINE	-	Turn data into a decision
src/services/journeys.ts	13	BODY	-	What is the mean of 20, 30, and 25?
src/services/journeys.ts	13	BODY	-	From 20 to 30, what is the percentage increase?
src/services/journeys.ts	13	BODY	-	What is a supported conclusion?
src/services/journeys.ts	13	BODY	-	This journey connects numerical reasoning with a portfolio artifact and an explicit uncertainty statement.
src/services/journeys.ts	13	LABEL	-	Output will always increase
src/services/journeys.ts	13	BODY	-	We need more context to explain the change
src/services/journeys.ts	13	BODY	-	These values describe changes, not their causes.
src/services/learningPipelineService.ts	21	BODY	-	Your saved learning could not be read. No records were removed.
src/services/learningPipelineService.ts	23	BODY	-	Learning changes could not be saved. Keep this page open and retry.
src/services/learningPipelineService.ts	26	BODY	-	This learning activity is unavailable in this workspace.
src/services/learningPipelineService.ts	42	BODY	-	Open a check or practice step before reviewing this explanation.
src/services/learningPipelineService.ts	50	BODY	-	Open a student workspace to use this authored cube activity.
src/services/learningPipelineService.ts	57	BODY	-	Select this connected class subject before linking learning evidence.
src/services/learningPipelineService.ts	59	BODY	-	This concept is unavailable. Return to your learning outline.
src/services/learningPipelineService.ts	60	BODY	-	This concept is not in the connected class subject. Open its own learning outline instead.
src/services/learningPipelineService.ts	71	BODY	-	This teaching language is not available for the saved concept. Your position remains unchanged.
src/services/learningPipelineService.ts	80	BODY	-	Content unavailable. Your position remains saved.
src/services/learningPipelineService.ts	92	BODY	-	Teaching is paused for safety.
src/services/learningPipelineService.ts	92	BODY	-	An explanation is not available yet. Save a question while the teaching service is disconnected.
src/services/learningPipelineService.ts	96	BODY	-	Open an available comprehension or practice question first.
src/services/learningPipelineService.ts	97	BODY	-	Choose one answer.
src/services/learningPipelineService.ts	103	BODY	-	Re-explain this concept after an incorrect check.
src/services/learningPipelineService.ts	106	BODY	-	Complete the comprehension check before practice. You can revisit the explanation at any time.
src/services/learningPipelineService.ts	108	BODY	-	Complete a comprehension check and practice step before starting the guided project. Blank projects remain available in Build.
src/services/learningPipelineService.ts	111	BODY	-	Project context unavailable.
src/services/learningPipelineService.ts	118	BODY	-	Complete the project milestones and add your work before recording application evidence.
src/services/learningPipelineService.ts	119	BODY	PASSIVE	Respond to every project criterion before recording application evidence. Your draft is kept.
src/services/learningPipelineService.ts	133	BODY	-	Conversation not found.
src/services/legacyConnections.ts	17	BODY	-	The sharing change could not be saved. Try again.
src/services/localMigrationService.ts	32	BODY	-	No local workspace is available for migration review.
src/services/localMigrationService.ts	37	BODY	-	Local workspace records could not be read. No data was changed.
src/services/localMigrationService.ts	53	LABEL	-	Curriculum
src/services/localMigrationService.ts	54	BODY	-	Curriculum records need review before migration. No data was changed.
src/services/localMigrationService.ts	55	LABEL	-	Learning activity
src/services/localMigrationService.ts	56	LABEL	-	Evidence
src/services/localMigrationService.ts	56	LABEL	-	Interaction event
src/services/localMigrationService.ts	56	LABEL	-	Memory
src/services/localMigrationService.ts	58	LABEL	-	Conversation
src/services/localMigrationService.ts	58	LABEL	-	Session
src/services/localMigrationService.ts	59	LABEL	-	Project
src/services/localMigrationService.ts	59	LABEL	-	Resource
src/services/localMigrationService.ts	62	BODY	-	Curriculum records need review before migration. No data was changed.
src/services/localMigrationService.ts	73	LABEL	-	Cancelled
src/services/localMigrationService.ts	93	BODY	-	A workspace identifier has conflicting owners and must be reviewed.
src/services/localMigrationService.ts	97	BODY	-	An owned workspace has no saved data.
src/services/localMigrationService.ts	100	BODY	-	Learning evidence ownership does not match an owned workspace.
src/services/localMigrationService.ts	105	BODY	-	Some local activity has no known workspace owner and must not be assigned automatically.
src/services/localMigrationService.ts	106	BODY	-	Connected organization workspaces require renewed membership review.
src/services/localMigrationService.ts	107	LABEL	-	Cancelled
src/services/localMigrationService.ts	118	BODY	-	Review the unresolved local records before mapping workspaces. No data was changed.
src/services/localMigrationService.ts	120	BODY	-	Map every owned personal workspace to one target workspace. No data was changed.
src/services/localMigrationService.ts	134	BODY	-	Every owned workspace needs an explicit target. No data was changed.
src/services/mentorCompanionService.ts	18	BODY	-	what now
src/services/mentorCompanionService.ts	18	BODY	-	what should i do
src/services/mentorCompanionService.ts	18	BODY	-	next step
src/services/mentorCompanionService.ts	20	BODY	-	test me
src/services/mentorCompanionService.ts	23	BODY	-	how am i doing
src/services/mentorCompanionService.ts	24	BODY	-	show me
src/services/mentorCompanionService.ts	24	BODY	-	take me
src/services/mentorCompanionService.ts	25	BODY	-	good morning
src/services/mentorCompanionService.ts	25	BODY	-	good evening
src/services/mentorCompanionService.ts	29	LABEL	-	Open Practice
src/services/mentorCompanionService.ts	30	LABEL	-	Open Build
src/services/mentorCompanionService.ts	31	LABEL	-	Open Ask
src/services/mentorCompanionService.ts	33	LABEL	-	Open Settings
src/services/mentorCompanionService.ts	34	LABEL	-	Open Support
src/services/mentorCompanionService.ts	46	BODY	EM_DASH(body)	From your saved records — not an AI assessment.
src/services/mentorCompanionService.ts	66	LABEL	-	Open Learn
src/services/mentorCompanionService.ts	67	BODY	-	Nothing is waiting from your records yet. Ask any question, or open Learn to choose a starting point.
src/services/mentorCompanionService.ts	67	LABEL	-	Open Learn
src/services/mentorCompanionService.ts	73	BODY	-	Your classes and preparation are ready when you are. Review evidence or continue a lesson draft.
src/services/mentorCompanionService.ts	73	LABEL	-	Open preparation
src/services/mentorCompanionService.ts	73	LABEL	-	Review classes
src/services/mentorCompanionService.ts	74	BODY	-	You can see the week for a connected child whenever you want.
src/services/mentorCompanionService.ts	74	LABEL	-	View shared reports
src/services/mentorCompanionService.ts	75	BODY	-	Your organization view keeps setup and aggregate attention in one place.
src/services/mentorCompanionService.ts	75	LABEL	-	Open insights
src/services/mentorCompanionService.ts	81	BODY	-	No published classwork is waiting in your enrolled classes right now.
src/services/mentorCompanionService.ts	81	LABEL	TITLE_CASE	Open Classes
src/services/mentorCompanionService.ts	85	LABEL	-	Review class evidence
src/services/mentorCompanionService.ts	86	BODY	-	No class is assigned to this workspace yet. Preparation tools are ready.
src/services/mentorCompanionService.ts	86	LABEL	-	Open preparation
src/services/mentorCompanionService.ts	92	BODY	-	Connect a child with progress sharing to see their week.
src/services/mentorCompanionService.ts	92	LABEL	-	Manage connections
src/services/mentorCompanionService.ts	102	LABEL	-	Continue learning
src/services/mentorCompanionService.ts	107	BODY	-	No review is due from your records. Practice still builds strength from any mastered concept.
src/services/mentorCompanionService.ts	107	LABEL	-	Open Practice
src/services/mentorCompanionService.ts	111	LABEL	-	Open projects
src/services/mentorCompanionService.ts	112	BODY	-	No project is open. Complete a comprehension check and practice step, then Build guides your application.
src/services/mentorCompanionService.ts	112	LABEL	-	Open Build
src/services/mentorCompanionService.ts	114	LABEL	-	Secure
src/services/mentorCompanionService.ts	114	LABEL	-	Mastered
src/services/mentorCompanionService.ts	115	LABEL	-	Needs review
src/services/mentorCompanionService.ts	125	BODY	-	I am here with you. Here is where things stand:
src/services/mentorCompanionService.ts	151	BODY	-	Type a question first.
src/services/mentorModelService.ts	30	LABEL	-	Open Home
src/services/mentorModelService.ts	30	LABEL	-	Open Learn
src/services/mentorModelService.ts	30	LABEL	-	Open Ask
src/services/mentorModelService.ts	31	LABEL	-	Open Practice
src/services/mentorModelService.ts	31	LABEL	-	Open Build
src/services/mentorModelService.ts	31	LABEL	TITLE_CASE	Open Classes
src/services/mentorModelService.ts	32	LABEL	TITLE_CASE	Open Progress
src/services/mentorModelService.ts	32	LABEL	TITLE_CASE	Open Prepare
src/services/mentorModelService.ts	32	LABEL	TITLE_CASE	Open Learners
src/services/mentorModelService.ts	33	LABEL	-	Open Insights
src/services/mentorModelService.ts	33	LABEL	TITLE_CASE	Open Teacher Growth
src/services/mentorModelService.ts	34	LABEL	-	Open Children
src/services/mentorModelService.ts	34	LABEL	TITLE_CASE	Open Reports
src/services/mentorModelService.ts	34	LABEL	-	Open Connections
src/services/mentorModelService.ts	35	LABEL	TITLE_CASE	Open Career
src/services/mentorModelService.ts	35	LABEL	-	Open People
src/services/mentorModelService.ts	35	LABEL	TITLE_CASE	Open Cohorts
src/services/mentorModelService.ts	36	LABEL	TITLE_CASE	Open Curriculum
src/services/mentorModelService.ts	36	LABEL	TITLE_CASE	Open Analytics
src/services/mentorModelService.ts	36	LABEL	-	Open Settings
src/services/mentorModelService.ts	36	LABEL	-	Open Privacy
src/services/mentorModelService.ts	41	LABEL	-	Cancelled
src/services/mentorModelService.ts	43	LABEL	-	Cancelled
src/services/mentorModelService.ts	50	LABEL	-	Cancelled
src/services/mentorModelService.ts	51	BODY	-	A safety concern must be handled before contacting the mentor model.
src/services/mentorModelService.ts	56	LABEL	-	Cancelled
src/services/mentorStateService.ts	40	LABEL	-	Cancelled
src/services/mentorStateService.ts	49	BODY	-	Saved learning state could not be read. Your existing records have not been changed.
src/services/mentorStateService.ts	53	BODY	-	Learning progress could not be saved on this device. Your previous records are unchanged.
src/services/mentorStateService.ts	58	BODY	-	You do not have access to this learning state.
src/services/mentorStateService.ts	61	LABEL	-	Classroom
src/services/mentorStateService.ts	61	LABEL	-	Enrollment
src/services/mentorStateService.ts	61	LABEL	-	Submission
src/services/mentorStateService.ts	61	LABEL	-	Assignment
src/services/mentorStateService.ts	63	BODY	-	Connection records are unavailable. Access remains restricted until they can be read.
src/services/mentorStateService.ts	69	BODY	-	An assigned teacher or organization workspace is required.
src/services/mentorStateService.ts	70	LABEL	-	Classroom
src/services/mentorStateService.ts	77	LABEL	-	Enrollment
src/services/mentorStateService.ts	80	LABEL	-	Classroom
src/services/mentorStateService.ts	82	BODY	-	This class is not active for your learning workspace.
src/services/mentorStateService.ts	89	BODY	-	Unknown interaction type.
src/services/mentorStateService.ts	123	LABEL	-	Practicing
src/services/mentorStateService.ts	123	LABEL	-	Exploring
src/services/mentorStateService.ts	126	LABEL	-	Needs review
src/services/mentorStateService.ts	132	BODY	-	Individual learning state is private. Use an authorized summary.
src/services/mentorStateService.ts	136	BODY	-	Use a personal learning workspace to record learning.
src/services/mentorStateService.ts	137	BODY	-	The learning result is incomplete.
src/services/mentorStateService.ts	139	BODY	-	The learning result has invalid accuracy counts.
src/services/mentorStateService.ts	143	BODY	-	This result has already been recorded with different evidence.
src/services/mentorStateService.ts	153	LABEL	-	Needs review
src/services/mentorStateService.ts	155	LABEL	-	Secure
src/services/mentorStateService.ts	155	LABEL	-	Mastered
src/services/mentorStateService.ts	160	BODY	-	The curriculum prerequisite path contains a cycle. Your progress has not changed.
src/services/mentorStateService.ts	162	BODY	-	A prerequisite is not available in this workspace.
src/services/mentorStateService.ts	171	BODY	-	Memory is private to its owner.
src/services/mentorStateService.ts	193	BODY	-	Memory is private to its owner.
src/services/mentorStateService.ts	204	BODY	-	Learning sharing is unavailable until connection records can be read.
src/services/mentorStateService.ts	208	BODY	-	An active, consent-scoped child connection is required.
src/services/mentorStateService.ts	226	LABEL	-	Needs review
src/services/mentorStateService.ts	230	BODY	-	Open an assigned teacher workspace.
src/services/mentorStateService.ts	236	BODY	-	Open your student workspace to view classwork.
src/services/mentorStateService.ts	237	LABEL	-	Classroom
src/services/mentorStateService.ts	240	LABEL	-	Submission
src/services/mentorStateService.ts	241	LABEL	-	Assignment
src/services/mentorStateService.ts	242	LABEL	-	Classwork
src/services/mentorStateService.ts	248	BODY	-	Open your student workspace to view class learning.
src/services/mentorStateService.ts	249	LABEL	-	Classroom
src/services/mentorStateService.ts	252	BODY	-	This class is not connected to your student workspace.
src/services/mentorStateService.ts	256	BODY	-	Only assigned teachers can open a class summary.
src/services/mentorStateService.ts	257	BODY	-	This class is not assigned to your active workspace.
src/services/mentorStateService.ts	262	BODY	-	Choose a supported organization period.
src/services/mentorStateService.ts	263	BODY	-	Open an organization workspace.
src/services/mentorStateService.ts	273	LABEL	-	Submission
src/services/mentorStateService.ts	273	BODY	-	All saved local class records
src/services/parentNotificationService.ts	11	BODY	-	returned classwork unavailable
src/services/parentNotificationService.ts	38	BODY	-	Open your parent workspace to view family updates.
src/services/parentNotificationService.ts	53	LABEL	-	Learner
src/services/parentReportAskService.ts	7	BODY	-	Open a shared child report from your parent workspace.
src/services/parentReportAskService.ts	9	BODY	-	This child’s summary is no longer shared with you. Review your connections.
src/services/parentReportAskService.ts	20	BODY	-	Choose or enter a question first.
src/services/parentReportAskService.ts	27	BODY	-	You could ask their teacher: “Which idea would be most useful to revisit together, and what example should we try?”
src/services/parentReportAskService.ts	28	BODY	-	You could ask their teacher: “What is one topic they are exploring now, and how can we support it at home?”
src/services/parentReportAskService.ts	30	BODY	-	Try a short, low-pressure review: ask your child to explain one recent idea using an example of their choosing. Listen first, then ask what they would like to practice.
src/services/parentReportAskService.ts	31	BODY	-	Invite your child to choose one topic they enjoyed recently and show you how it works. If they prefer, ask what they would like to explore next.
src/services/parentReportAskService.ts	36	BODY	-	I can explain the shared evidence, suggest a question for the teacher, or suggest a home activity. Choose one of those topics to continue.
src/services/reviewDraftService.js	4	BODY	-	Open your teacher workspace to review classwork.
src/services/reviewDraftService.js	14	BODY	-	Saved review drafts could not be read on this device. Submitted work is unchanged.
src/services/reviewDraftService.js	19	BODY	-	This saved review draft is incomplete. Submitted work is unchanged.
src/services/reviewDraftService.js	23	BODY	-	Review draft is incomplete.
src/services/reviewDraftService.js	27	BODY	-	Review edits could not be backed up on this device. Keep this dialog open and try again.
src/services/reviewDraftService.js	34	BODY	-	Returned feedback was saved, but its local draft could not be cleared.
src/services/roleMentorService.ts	11	LABEL	-	Cancelled
src/services/roleMentorService.ts	25	BODY	-	This child’s summary is no longer shared with you. Check your family connections.
src/services/roleMentorService.ts	42	BODY	-	Add an objective or question first.
src/services/roleMentorService.ts	47	BODY	-	as const :
src/services/roleMentorService.ts	71	LABEL	-	Finish to review
src/services/roleMentorService.ts	71	LABEL	-	Self-review needed
src/services/roleMentorService.ts	71	LABEL	-	Self-reviewed
src/services/roleMentorService.ts	71	LABEL	-	Review outdated
src/services/roleMentorService.ts	77	BODY	-	This career target is not available in your workspace.
src/services/roleMentorService.ts	79	BODY	-	Choose a capability from your own learning outline.
src/services/stagePresentation.ts	40	LABEL	-	Foundational · classes 1–5
src/services/stagePresentation.ts	41	LABEL	-	Developing · classes 6–8
src/services/stagePresentation.ts	42	BODY	-	Secondary · classes 9–12
src/services/stagePresentation.ts	43	LABEL	-	Higher education & professional
src/services/stageTransitionService.ts	34	LABEL	-	Cancelled
src/services/stageTransitionService.ts	38	BODY	-	Stage transition records could not be read. Your records have not been changed.
src/services/stageTransitionService.ts	42	BODY	-	The stage transition could not be saved on this device. Your stage is unchanged.
src/services/stageTransitionService.ts	50	BODY	-	The stage notice could not be saved and the prior stage could not be restored. Review your stage before retrying.
src/services/stageTransitionService.ts	83	BODY	-	Stage transitions belong to a personal learning workspace.
src/services/stageTransitionService.ts	91	BODY	-	This stage profile is already the active one.
src/services/stageTransitionService.ts	110	BODY	-	This transition is not waiting for confirmation.
src/services/stageTransitionService.ts	118	BODY	-	Only an applied transition can be postponed.
src/services/stageTransitionService.ts	126	BODY	-	Only an applied transition can be undone.
src/services/stageTransitionService.ts	137	BODY	-	Class records are unavailable. Promotion stays restricted until they can be read.
src/services/stageTransitionService.ts	143	BODY	-	Only a teacher records a class promotion.
src/services/stageTransitionService.ts	145	LABEL	-	Classroom
src/services/stageTransitionService.ts	146	BODY	-	This class does not exist.
src/services/stageTransitionService.ts	149	BODY	-	Only the assigned teacher can record a promotion for this class.
src/services/stageTransitionService.ts	150	BODY	-	Enter the class level learners are moving to, for example 8.
src/services/stageTransitionService.ts	152	LABEL	-	Enrollment
src/services/stageTransitionService.ts	153	BODY	-	No actively enrolled learners in this class.
src/services/stageTransitionService.ts	167	BODY	-	already in
src/services/stageTransitionService.ts	180	BODY	-	The promotion notice could not be saved and the prior class levels could not be restored. Review each learner before retrying.
src/services/stageTransitionService.ts	218	BODY	-	This child’s stage update is not shared with you.
src/services/teachingInterface.ts	20	BODY	-	Your safety matters. Teaching is paused. If you may hurt yourself or are in immediate danger, contact local emergency services or a trusted person who can stay with you now. This app cannot contact anyone for you. Crisis support is not connected here.
src/services/teachingInterface.ts	25	BODY	-	This activity is not available for this age profile. Choose a general learning activity.
src/services/teachingInterface.ts	29	LABEL	-	Cancelled
src/services/teachingInterface.ts	32	LABEL	-	Cancelled
src/services/teachingInterface.ts	34	LABEL	-	Cancelled
src/services/teachingInterface.ts	50	BODY	-	The teaching service returned an incomplete response. Your saved work is unchanged.
src/services/teachingInterface.ts	52	BODY	-	The teaching service returned an inconsistent response. Your saved work is unchanged.
src/services/voiceService.ts	84	BODY	-	This browser does not support voice input. You can keep using text.
src/services/voiceService.ts	92	BODY	-	This browser does not support voice input. You can keep using text.
src/services/workspaceService.ts	7	BODY	-	Choose a supported report period.
src/services/workspaceService.ts	8	LABEL	-	Learner
src/services/workspaceService.ts	8	LABEL	-	Teacher
src/services/workspaceService.ts	8	LABEL	-	Parent
src/services/workspaceService.ts	8	LABEL	-	Professional
src/services/workspaceService.ts	8	LABEL	-	Organization admin
src/services/workspaceService.ts	11	LABEL	TITLE_CASE	Aarav · CBSE learner
src/services/workspaceService.ts	11	LABEL	TITLE_CASE	Maya · West Bengal learner
src/services/workspaceService.ts	11	LABEL	TITLE_CASE	Riya · Exam preparation
src/services/workspaceService.ts	11	LABEL	TITLE_CASE	Kabir · Higher education
src/services/workspaceService.ts	11	LABEL	TITLE_CASE	Asha · Independent learner
src/services/workspaceService.ts	11	LABEL	TITLE_CASE	Dev · Independent teacher
src/services/workspaceService.ts	11	LABEL	TITLE_CASE	Nila · Organization teacher
src/services/workspaceService.ts	11	LABEL	TITLE_CASE	Anika · Parent of two
src/services/workspaceService.ts	11	LABEL	TITLE_CASE	Sam · Job-seeking professional
src/services/workspaceService.ts	11	LABEL	TITLE_CASE	Ira · Employer-sponsored
src/services/workspaceService.ts	11	LABEL	-	School administrator
src/services/workspaceService.ts	11	LABEL	-	Company learning administrator
src/services/workspaceService.ts	21	BODY	-	Workspace data could not be read. Your previous records have not been deleted.
src/services/workspaceService.ts	22	BODY	-	Your changes could not be saved on this device. Free browser storage and try again.
src/services/workspaceService.ts	25	BODY	-	You do not have access to this workspace.
src/services/workspaceService.ts	25	BODY	-	This organization connection is no longer active. Your personal workspace remains available.
src/services/workspaceService.ts	26	LABEL	-	Cancelled
src/services/workspaceService.ts	28	LABEL	-	My organization
src/services/workspaceService.ts	34	LABEL	-	Project
src/services/workspaceService.ts	34	LABEL	-	Question
src/services/workspaceService.ts	41	LABEL	-	Connected organization
src/services/workspaceService.ts	47	BODY	-	Sign in first.
src/services/workspaceService.ts	48	BODY	-	Account not found.
src/services/workspaceService.ts	49	BODY	-	Workspace not available.
src/services/workspaceService.ts	61	BODY	-	Sign in first.
src/services/workspaceService.ts	74	LABEL	-	Stage profile updated
src/services/workspaceService.ts	97	LABEL	-	Family
src/services/workspaceService.ts	98	LABEL	-	Family member
src/services/workspaceService.ts	100	BODY	-	An owned Family plan is required to invite members.
src/services/workspaceService.ts	102	BODY	-	Choose another local demo account.
src/services/workspaceService.ts	104	BODY	-	This account already has an invitation or membership.
src/services/workspaceService.ts	104	BODY	-	This demo Family plan supports five invited members plus its owner.
src/services/workspaceService.ts	105	LABEL	-	Family billing invitation created
src/services/workspaceService.ts	108	BODY	-	Invitation not found.
src/services/workspaceService.ts	109	BODY	-	Only the invited member can answer a pending request.
src/services/workspaceService.ts	110	BODY	-	This invitation is expired or its Family plan is unavailable.
src/services/workspaceService.ts	111	BODY	-	Leave your existing billing family before joining another.
src/services/workspaceService.ts	115	LABEL	-	Preferences updated
src/services/workspaceService.ts	116	HEADLINE	-	A new discovery
src/services/workspaceService.ts	118	LABEL	-	Cancelled
src/services/workspaceService.ts	119	BODY	-	Conversation not found.
src/services/workspaceService.ts	125	LABEL	-	Cancelled
src/services/workspaceService.ts	126	BODY	-	Conversation not found.
src/services/workspaceService.ts	132	LABEL	-	Explore a learning journey
src/services/workspaceService.ts	132	LABEL	-	Review my progress
src/services/workspaceService.ts	132	LABEL	-	Plan my next career step
src/services/workspaceService.ts	132	LABEL	-	Open my portfolio
src/services/workspaceService.ts	132	LABEL	-	Prepare a lesson
src/services/workspaceService.ts	132	LABEL	-	Review classwork
src/services/workspaceService.ts	132	LABEL	-	Explore learner evidence
src/services/workspaceService.ts	132	LABEL	-	Understand my child’s week
src/services/workspaceService.ts	132	LABEL	-	Manage family connections
src/services/workspaceService.ts	132	LABEL	-	Continue organization setup
src/services/workspaceService.ts	132	LABEL	-	Manage people
src/services/workspaceService.ts	132	LABEL	-	Review organization insights
src/services/workspaceService.ts	134	BODY	-	Conversation not found.
src/services/workspaceService.ts	138	BODY	EM_DASH(body)	Let’s work through this together. Open the workspace to review and make changes—you remain in control.
src/services/workspaceService.ts	139	BODY	-	Here is the prepared explanation for your active activity. This demo cannot interpret an arbitrary question.
src/services/workspaceService.ts	139	BODY	-	as const,locale:
src/services/workspaceService.ts	139	BODY	-	as const,text:
src/services/workspaceService.ts	140	BODY	-	This is a curated demonstration, not a live intelligence service. Your question will stay in this conversation. You can use the available prepared activities or open your workspace tools.
src/services/workspaceService.ts	143	BODY	-	Conversation not found.
src/services/workspaceService.ts	143	BODY	-	Let’s explore this idea step by step. Start in the activity, and ask here whenever you want to revisit the explanation.
src/services/workspaceService.ts	144	BODY	-	Session not found.
src/services/workspaceService.ts	146	BODY	-	Session not found.
src/services/workspaceService.ts	147	BODY	-	Open a check or practice question first.
src/services/workspaceService.ts	148	BODY	-	Question not found.
src/services/workspaceService.ts	149	BODY	-	Choose one of the available answers.
src/services/workspaceService.ts	160	BODY	-	Session not found.
src/services/workspaceService.ts	163	LABEL	-	Exploring
src/services/workspaceService.ts	163	LABEL	-	Not started
src/services/workspaceService.ts	163	LABEL	-	Needs review
src/services/workspaceService.ts	163	LABEL	-	Mastered
src/services/workspaceService.ts	164	BODY	-	Give your project a title.
src/services/workspaceService.ts	166	LABEL	-	Purpose and audience
src/services/workspaceService.ts	166	BODY	-	Who is this for, and what decision or task does it support?
src/services/workspaceService.ts	167	LABEL	-	Evidence and method
src/services/workspaceService.ts	167	BODY	-	What in the artifact supports your conclusion, and how did you check it?
src/services/workspaceService.ts	168	LABEL	-	Limits and next step
src/services/workspaceService.ts	168	BODY	-	What remains uncertain, and what would you improve next?
src/services/workspaceService.ts	177	BODY	-	Open your professional workspace to review a portfolio project.
src/services/workspaceService.ts	181	BODY	-	This portfolio project is not in your workspace.
src/services/workspaceService.ts	182	BODY	-	Complete the project and add your work before self-review.
src/services/workspaceService.ts	183	BODY	-	This project changed. Save and review the current version.
src/services/workspaceService.ts	184	BODY	-	Review each criterion with a rating and a note of up to 500 characters.
src/services/workspaceService.ts	185	BODY	-	Add a reflection of up to 1000 characters.
src/services/workspaceService.ts	187	LABEL	-	Portfolio self-review saved
src/services/workspaceService.ts	191	LABEL	-	Connection
src/services/workspaceService.ts	192	BODY	-	Project not found.
src/services/workspaceService.ts	192	LABEL	-	Artifact sharing stopped
src/services/workspaceService.ts	196	BODY	-	Open the learner workspace to share a project summary.
src/services/workspaceService.ts	199	BODY	-	Progress sharing with this parent is no longer active.
src/services/workspaceService.ts	201	BODY	-	Project not found.
src/services/workspaceService.ts	202	BODY	-	Complete the project before sharing a summary.
src/services/workspaceService.ts	203	BODY	-	This project changed. Review the saved version before sharing.
src/services/workspaceService.ts	204	BODY	-	Write a project summary of up to 500 characters.
src/services/workspaceService.ts	207	LABEL	-	Parent project summary shared
src/services/workspaceService.ts	210	BODY	-	Open the learner workspace to stop sharing.
src/services/workspaceService.ts	212	BODY	-	Project not found.
src/services/workspaceService.ts	214	LABEL	-	Parent project summary stopped
src/services/workspaceService.ts	217	BODY	-	Parent workspace required.
src/services/workspaceService.ts	220	BODY	-	This child’s project summaries are no longer shared.
src/services/workspaceService.ts	225	BODY	-	Open the learner workspace to save a learning goal.
src/services/workspaceService.ts	228	BODY	-	Give your goal a title of up to 160 characters.
src/services/workspaceService.ts	229	BODY	-	Keep private goal notes within 6000 characters.
src/services/workspaceService.ts	233	BODY	-	Open the learner workspace to share a learning goal.
src/services/workspaceService.ts	235	BODY	-	Progress sharing with this parent is no longer active.
src/services/workspaceService.ts	237	BODY	-	This learning goal is unavailable.
src/services/workspaceService.ts	238	BODY	-	This goal changed. Review the saved version before sharing.
src/services/workspaceService.ts	239	BODY	-	Write a goal summary of up to 500 characters.
src/services/workspaceService.ts	242	LABEL	-	Parent learning goal shared
src/services/workspaceService.ts	245	BODY	-	Open the learner workspace to stop sharing.
src/services/workspaceService.ts	247	BODY	-	Learning goal not found.
src/services/workspaceService.ts	249	LABEL	-	Parent learning goal stopped
src/services/workspaceService.ts	252	BODY	-	Parent workspace required.
src/services/workspaceService.ts	254	BODY	-	This child’s goal summaries are no longer shared.
src/services/workspaceService.ts	260	BODY	-	A title is required.
src/services/workspaceService.ts	261	BODY	-	Add the lesson outline before marking it reviewed.
src/services/workspaceService.ts	266	BODY	-	Add up to ten distinct, complete questions before saving the lesson.
src/services/workspaceService.ts	272	BODY	-	Item not found.
src/services/workspaceService.ts	275	BODY	-	Unknown plan.
src/services/workspaceService.ts	283	LABEL	-	Connection
src/services/workspaceService.ts	290	BODY	-	Organization invitations could not be read on this device. Your saved records have not been changed.
src/services/workspaceService.ts	295	BODY	-	The organization change could not be saved on this device. Try again.
src/services/workspaceService.ts	298	BODY	-	Account unavailable.
src/services/workspaceService.ts	306	BODY	-	Open your organization admin workspace to invite someone.
src/services/workspaceService.ts	309	BODY	-	Enter another person’s valid account email.
src/services/workspaceService.ts	311	BODY	-	This person already has an open organization request. Close it before inviting again.
src/services/workspaceService.ts	317	BODY	-	Organization invitation unavailable.
src/services/workspaceService.ts	321	BODY	-	This organization invitation is outside your workspace.
src/services/workspaceService.ts	325	BODY	-	This invitation expired. Request a new invitation.
src/services/workspaceService.ts	326	BODY	-	This invitation is no longer pending.
src/services/workspaceService.ts	328	BODY	-	Only the organization can cancel a pending invitation.
src/services/workspaceService.ts	329	BODY	-	Only an active membership can be disconnected.
src/services/workspaceService.ts	338	BODY	-	Progress-sharing permission changed.
src/services/workspaceService.ts	342	BODY	-	Open a parent workspace to request progress sharing.
src/services/workspaceService.ts	344	BODY	-	Choose another account available in this local demo.
src/services/workspaceService.ts	345	BODY	-	Choose a learner account for progress sharing.
src/services/workspaceService.ts	346	BODY	-	This connection already exists.
src/services/workspaceService.ts	350	BODY	-	Open your parent workspace to renew progress sharing.
src/services/workspaceService.ts	353	BODY	-	This progress connection is unavailable.
src/services/workspaceService.ts	355	BODY	-	This progress connection is still open.
src/services/workspaceService.ts	357	BODY	-	This learner account is no longer available.
src/services/workspaceService.ts	362	BODY	-	Connection not found.
src/services/workspaceService.ts	363	BODY	-	Only the recipient can answer a request.
src/services/workspaceService.ts	364	BODY	-	This request is no longer pending.
src/services/workspaceService.ts	365	BODY	-	This invitation expired. Request a new invitation.
src/services/workspaceService.ts	366	BODY	-	Open the learner workspace to answer this request.
src/services/workspaceService.ts	367	BODY	-	legacy:OrganizationInvite:
src/services/workspaceService.ts	371	BODY	-	This connection is already closed.
src/services/workspaceService.ts	372	BODY	-	legacy:OrganizationInvite:
src/services/workspaceService.ts	380	BODY	-	Parent workspace required.
src/services/workspaceService.ts	387	BODY	-	Ask which explanation helped most. Offer time for a short review together.
src/services/workspaceService.ts	387	BODY	-	No guided-learning activity was shared in this period. Ask what they would like to explore next.
src/services/workspaceService.ts	394	BODY	-	This child’s classwork summary is no longer shared.
src/services/workspaceService.ts	396	BODY	-	This child is no longer available.
src/services/workspaceService.ts	399	BODY	-	Classwork updates could not be read on this device. Try again.
src/services/workspaceService.ts	401	LABEL	-	Submission
src/services/workspaceService.ts	401	LABEL	-	Assignment
src/services/workspaceService.ts	401	LABEL	-	Enrollment
src/services/workspaceService.ts	405	LABEL	-	Class activity
src/services/workspaceService.ts	410	LABEL	-	Class activity
src/services/workspaceService.ts	413	BODY	-	Your demo workspace is ready. Start with one useful next step.
src/services/workspaceService.ts	413	BODY	-	Unknown demo scenario.
src/services/workspaceService.ts	418	BODY	-	Conversation not found.
